country_iso3,country_name,series_code,indicator_code,indicator_name,frequency,scale,unit,latest_actual_year,historical_data_source,year,value,observation_status,source,source_file,retrieval_date
ARG,Argentina,ARG.GGXWDG_NGDP.A,GGXWDG_NGDP,"Gross debt, General government, Percent of GDP",Annual,Units,Percent,2025,Ministry of Economy and/or Planning,1992,24.961,actual,"IMF World Economic Outlook, April 2026",WEOApr2026all.xlsx,2026-10-04
ARG,Argentina,ARG.GGXWDG_NGDP.A,GGXWDG_NGDP,"Gross debt, General government, Percent of GDP",Annual,Units,Percent,2025,Ministry of Economy and/or Planning,1993,26.893,actual,"IMF World Economic Outlook, April 2026",WEOApr2026all.xlsx,2026-10-04
ARG,Argentina,ARG.GGXWDG_NGDP.A,GGXWDG_NGDP,"Gross debt, General government, Percent of GDP",Annual,Units,Percent,2025,Ministry of Economy and/or Planning,1994,28.426,actual,"IMF World Economic Outlook, April 2026",WEOApr2026all.xlsx,2026-10-04
ARG,Argentina,ARG.GGXWDG_NGDP.A,GGXWDG_NGDP,"Gross debt, General government, Percent of GDP",Annual,Units,Percent,2025,Ministry of Economy and/or Planning,1995,30.749,actual,"IMF World Economic Outlook, April 2026",WEOApr2026all.xlsx,2026-10-04
ARG,Argentina,ARG.GGXWDG_NGDP.A,GGXWDG_NGDP,"Gross debt, General government, Percent of GDP",Annual,Units,Percent,2025,Ministry of Economy and/or Planning,1996,32.551,actual,"IMF World Economic Outlook, April 2026",WEOApr2026all.xlsx,2026-10-04
ARG,Argentina,ARG.GGXWDG_NGDP.A,GGXWDG_NGDP,"Gross debt, General government, Percent of GDP",Annual,Units,Percent,2025,Ministry of Economy and/or Planning,1997,31.676,actual,"IMF World Economic Outlook, April 2026",WEOApr2026all.xlsx,2026-10-04
ARG,Argentina,ARG.GGXWDG_NGDP.A,GGXWDG_NGDP,"Gross debt, General government, Percent of GDP",Annual,Units,Percent,2025,Ministry of Economy and/or Planning,1998,34.147,actual,"IMF World Economic Outlook, April 2026",WEOApr2026all.xlsx,2026-10-04
ARG,Argentina,ARG.GGXWDG_NGDP.A,GGXWDG_NGDP,"Gross debt, General government, Percent of GDP",Annual,Units,Percent,2025,Ministry of Economy and/or Planning,1999,38.917,actual,"IMF World Economic Outlook, April 2026",WEOApr2026all.xlsx,2026-10-04
ARG,Argentina,ARG.GGXWDG_NGDP.A,GGXWDG_NGDP,"Gross debt, General government, Percent of GDP",Annual,Units,Percent,2025,Ministry of Economy and/or Planning,2000,40.833,actual,"IMF World Economic Outlook, April 2026",WEOApr2026all.xlsx,2026-10-04
ARG,Argentina,ARG.GGXWDG_NGDP.A,GGXWDG_NGDP,"Gross debt, General government, Percent of GDP",Annual,Units,Percent,2025,Ministry of Economy and/or Planning,2001,48.007,actual,"IMF World Economic Outlook, April 2026",WEOApr2026all.xlsx,2026-10-04
ARG,Argentina,ARG.GGXWDG_NGDP.A,GGXWDG_NGDP,"Gross debt, General government, Percent of GDP",Annual,Units,Percent,2025,Ministry of Economy and/or Planning,2002,147.203,actual,"IMF World Economic Outlook, April 2026",WEOApr2026all.xlsx,2026-10-04
ARG,Argentina,ARG.GGXWDG_NGDP.A,GGXWDG_NGDP,"Gross debt, General government, Percent of GDP",Annual,Units,Percent,2025,Ministry of Economy and/or Planning,2003,125.162,actual,"IMF World Economic Outlook, April 2026",WEOApr2026all.xlsx,2026-10-04
ARG,Argentina,ARG.GGXWDG_NGDP.A,GGXWDG_NGDP,"Gross debt, General government, Percent of GDP",Annual,Units,Percent,2025,Ministry of Economy and/or Planning,2004,117.878,actual,"IMF World Economic Outlook, April 2026",WEOApr2026all.xlsx,2026-10-04
ARG,Argentina,ARG.GGXWDG_NGDP.A,GGXWDG_NGDP,"Gross debt, General government, Percent of GDP",Annual,Units,Percent,2025,Ministry of Economy and/or Planning,2005,80.282,actual,"IMF World Economic Outlook, April 2026",WEOApr2026all.xlsx,2026-10-04
ARG,Argentina,ARG.GGXWDG_NGDP.A,GGXWDG_NGDP,"Gross debt, General government, Percent of GDP",Annual,Units,Percent,2025,Ministry of Economy and/or Planning,2006,70.793,actual,"IMF World Economic Outlook, April 2026",WEOApr2026all.xlsx,2026-10-04
ARG,Argentina,ARG.GGXWDG_NGDP.A,GGXWDG_NGDP,"Gross debt, General government, Percent of GDP",Annual,Units,Percent,2025,Ministry of Economy and/or Planning,2007,62.133,actual,"IMF World Economic Outlook, April 2026",WEOApr2026all.xlsx,2026-10-04
ARG,Argentina,ARG.GGXWDG_NGDP.A,GGXWDG_NGDP,"Gross debt, General government, Percent of GDP",Annual,Units,Percent,2025,Ministry of Economy and/or Planning,2008,53.814,actual,"IMF World Economic Outlook, April 2026",WEOApr2026all.xlsx,2026-10-04
ARG,Argentina,ARG.GGXWDG_NGDP.A,GGXWDG_NGDP,"Gross debt, General government, Percent of GDP",Annual,Units,Percent,2025,Ministry of Economy and/or Planning,2009,55.397,actual,"IMF World Economic Outlook, April 2026",WEOApr2026all.xlsx,2026-10-04
ARG,Argentina,ARG.GGXWDG_NGDP.A,GGXWDG_NGDP,"Gross debt, General government, Percent of GDP",Annual,Units,Percent,2025,Ministry of Economy and/or Planning,2010,43.454,actual,"IMF World Economic Outlook, April 2026",WEOApr2026all.xlsx,2026-10-04
ARG,Argentina,ARG.GGXWDG_NGDP.A,GGXWDG_NGDP,"Gross debt, General government, Percent of GDP",Annual,Units,Percent,2025,Ministry of Economy and/or Planning,2011,38.935,actual,"IMF World Economic Outlook, April 2026",WEOApr2026all.xlsx,2026-10-04
ARG,Argentina,ARG.GGXWDG_NGDP.A,GGXWDG_NGDP,"Gross debt, General government, Percent of GDP",Annual,Units,Percent,2025,Ministry of Economy and/or Planning,2012,40.436,actual,"IMF World Economic Outlook, April 2026",WEOApr2026all.xlsx,2026-10-04
ARG,Argentina,ARG.GGXWDG_NGDP.A,GGXWDG_NGDP,"Gross debt, General government, Percent of GDP",Annual,Units,Percent,2025,Ministry of Economy and/or Planning,2013,43.496,actual,"IMF World Economic Outlook, April 2026",WEOApr2026all.xlsx,2026-10-04
ARG,Argentina,ARG.GGXWDG_NGDP.A,GGXWDG_NGDP,"Gross debt, General government, Percent of GDP",Annual,Units,Percent,2025,Ministry of Economy and/or Planning,2014,44.697,actual,"IMF World Economic Outlook, April 2026",WEOApr2026all.xlsx,2026-10-04
ARG,Argentina,ARG.GGXWDG_NGDP.A,GGXWDG_NGDP,"Gross debt, General government, Percent of GDP",Annual,Units,Percent,2025,Ministry of Economy and/or Planning,2015,52.563,actual,"IMF World Economic Outlook, April 2026",WEOApr2026all.xlsx,2026-10-04
ARG,Argentina,ARG.GGXWDG_NGDP.A,GGXWDG_NGDP,"Gross debt, General government, Percent of GDP",Annual,Units,Percent,2025,Ministry of Economy and/or Planning,2016,53.06,actual,"IMF World Economic Outlook, April 2026",WEOApr2026all.xlsx,2026-10-04
ARG,Argentina,ARG.GGXWDG_NGDP.A,GGXWDG_NGDP,"Gross debt, General government, Percent of GDP",Annual,Units,Percent,2025,Ministry of Economy and/or Planning,2017,57.028,actual,"IMF World Economic Outlook, April 2026",WEOApr2026all.xlsx,2026-10-04
ARG,Argentina,ARG.GGXWDG_NGDP.A,GGXWDG_NGDP,"Gross debt, General government, Percent of GDP",Annual,Units,Percent,2025,Ministry of Economy and/or Planning,2018,85.246,actual,"IMF World Economic Outlook, April 2026",WEOApr2026all.xlsx,2026-10-04
ARG,Argentina,ARG.GGXWDG_NGDP.A,GGXWDG_NGDP,"Gross debt, General government, Percent of GDP",Annual,Units,Percent,2025,Ministry of Economy and/or Planning,2019,89.84,actual,"IMF World Economic Outlook, April 2026",WEOApr2026all.xlsx,2026-10-04
ARG,Argentina,ARG.GGXWDG_NGDP.A,GGXWDG_NGDP,"Gross debt, General government, Percent of GDP",Annual,Units,Percent,2025,Ministry of Economy and/or Planning,2020,103.816,actual,"IMF World Economic Outlook, April 2026",WEOApr2026all.xlsx,2026-10-04
ARG,Argentina,ARG.GGXWDG_NGDP.A,GGXWDG_NGDP,"Gross debt, General government, Percent of GDP",Annual,Units,Percent,2025,Ministry of Economy and/or Planning,2021,81.043,actual,"IMF World Economic Outlook, April 2026",WEOApr2026all.xlsx,2026-10-04
ARG,Argentina,ARG.GGXWDG_NGDP.A,GGXWDG_NGDP,"Gross debt, General government, Percent of GDP",Annual,Units,Percent,2025,Ministry of Economy and/or Planning,2022,84.303,actual,"IMF World Economic Outlook, April 2026",WEOApr2026all.xlsx,2026-10-04
ARG,Argentina,ARG.GGXWDG_NGDP.A,GGXWDG_NGDP,"Gross debt, General government, Percent of GDP",Annual,Units,Percent,2025,Ministry of Economy and/or Planning,2023,154.601,actual,"IMF World Economic Outlook, April 2026",WEOApr2026all.xlsx,2026-10-04
ARG,Argentina,ARG.GGXWDG_NGDP.A,GGXWDG_NGDP,"Gross debt, General government, Percent of GDP",Annual,Units,Percent,2025,Ministry of Economy and/or Planning,2024,84.653,actual,"IMF World Economic Outlook, April 2026",WEOApr2026all.xlsx,2026-10-04
ARG,Argentina,ARG.GGXWDG_NGDP.A,GGXWDG_NGDP,"Gross debt, General government, Percent of GDP",Annual,Units,Percent,2025,Ministry of Economy and/or Planning,2025,80.311,actual,"IMF World Economic Outlook, April 2026",WEOApr2026all.xlsx,2026-10-04
ARG,Argentina,ARG.GGXWDG_NGDP.A,GGXWDG_NGDP,"Gross debt, General government, Percent of GDP",Annual,Units,Percent,2025,Ministry of Economy and/or Planning,2026,70.414,projection,"IMF World Economic Outlook, April 2026",WEOApr2026all.xlsx,2026-10-04
ARG,Argentina,ARG.GGXWDG_NGDP.A,GGXWDG_NGDP,"Gross debt, General government, Percent of GDP",Annual,Units,Percent,2025,Ministry of Economy and/or Planning,2027,68.062,projection,"IMF World Economic Outlook, April 2026",WEOApr2026all.xlsx,2026-10-04
ARG,Argentina,ARG.GGXWDG_NGDP.A,GGXWDG_NGDP,"Gross debt, General government, Percent of GDP",Annual,Units,Percent,2025,Ministry of Economy and/or Planning,2028,63.035,projection,"IMF World Economic Outlook, April 2026",WEOApr2026all.xlsx,2026-10-04
ARG,Argentina,ARG.GGXWDG_NGDP.A,GGXWDG_NGDP,"Gross debt, General government, Percent of GDP",Annual,Units,Percent,2025,Ministry of Economy and/or Planning,2029,59.32,projection,"IMF World Economic Outlook, April 2026",WEOApr2026all.xlsx,2026-10-04
ARG,Argentina,ARG.GGXWDG_NGDP.A,GGXWDG_NGDP,"Gross debt, General government, Percent of GDP",Annual,Units,Percent,2025,Ministry of Economy and/or Planning,2030,55.366,projection,"IMF World Economic Outlook, April 2026",WEOApr2026all.xlsx,2026-10-04
ARG,Argentina,ARG.GGXWDG_NGDP.A,GGXWDG_NGDP,"Gross debt, General government, Percent of GDP",Annual,Units,Percent,2025,Ministry of Economy and/or Planning,2031,52.158,projection,"IMF World Economic Outlook, April 2026",WEOApr2026all.xlsx,2026-10-04
BRA,Brazil,BRA.GGXWDG_NGDP.A,GGXWDG_NGDP,"Gross debt, General government, Percent of GDP",Annual,Units,Percent,2024,Ministry of Finance or Treasury,2000,62.198,actual,"IMF World Economic Outlook, April 2026",WEOApr2026all.xlsx,2026-10-04
BRA,Brazil,BRA.GGXWDG_NGDP.A,GGXWDG_NGDP,"Gross debt, General government, Percent of GDP",Annual,Units,Percent,2024,Ministry of Finance or Treasury,2001,67.331,actual,"IMF World Economic Outlook, April 2026",WEOApr2026all.xlsx,2026-10-04
BRA,Brazil,BRA.GGXWDG_NGDP.A,GGXWDG_NGDP,"Gross debt, General government, Percent of GDP",Annual,Units,Percent,2024,Ministry of Finance or Treasury,2002,76.095,actual,"IMF World Economic Outlook, April 2026",WEOApr2026all.xlsx,2026-10-04
BRA,Brazil,BRA.GGXWDG_NGDP.A,GGXWDG_NGDP,"Gross debt, General government, Percent of GDP",Annual,Units,Percent,2024,Ministry of Finance or Treasury,2003,71.514,actual,"IMF World Economic Outlook, April 2026",WEOApr2026all.xlsx,2026-10-04
BRA,Brazil,BRA.GGXWDG_NGDP.A,GGXWDG_NGDP,"Gross debt, General government, Percent of GDP",Annual,Units,Percent,2024,Ministry of Finance or Treasury,2004,68.025,actual,"IMF World Economic Outlook, April 2026",WEOApr2026all.xlsx,2026-10-04
BRA,Brazil,BRA.GGXWDG_NGDP.A,GGXWDG_NGDP,"Gross debt, General government, Percent of GDP",Annual,Units,Percent,2024,Ministry of Finance or Treasury,2005,66.969,actual,"IMF World Economic Outlook, April 2026",WEOApr2026all.xlsx,2026-10-04
BRA,Brazil,BRA.GGXWDG_NGDP.A,GGXWDG_NGDP,"Gross debt, General government, Percent of GDP",Annual,Units,Percent,2024,Ministry of Finance or Treasury,2006,64.599,actual,"IMF World Economic Outlook, April 2026",WEOApr2026all.xlsx,2026-10-04
BRA,Brazil,BRA.GGXWDG_NGDP.A,GGXWDG_NGDP,"Gross debt, General government, Percent of GDP",Annual,Units,Percent,2024,Ministry of Finance or Treasury,2007,63.025,actual,"IMF World Economic Outlook, April 2026",WEOApr2026all.xlsx,2026-10-04
BRA,Brazil,BRA.GGXWDG_NGDP.A,GGXWDG_NGDP,"Gross debt, General government, Percent of GDP",Annual,Units,Percent,2024,Ministry of Finance or Treasury,2008,61.42,actual,"IMF World Economic Outlook, April 2026",WEOApr2026all.xlsx,2026-10-04
BRA,Brazil,BRA.GGXWDG_NGDP.A,GGXWDG_NGDP,"Gross debt, General government, Percent of GDP",Annual,Units,Percent,2024,Ministry of Finance or Treasury,2009,64.702,actual,"IMF World Economic Outlook, April 2026",WEOApr2026all.xlsx,2026-10-04
BRA,Brazil,BRA.GGXWDG_NGDP.A,GGXWDG_NGDP,"Gross debt, General government, Percent of GDP",Annual,Units,Percent,2024,Ministry of Finance or Treasury,2010,62.433,actual,"IMF World Economic Outlook, April 2026",WEOApr2026all.xlsx,2026-10-04
BRA,Brazil,BRA.GGXWDG_NGDP.A,GGXWDG_NGDP,"Gross debt, General government, Percent of GDP",Annual,Units,Percent,2024,Ministry of Finance or Treasury,2011,60.634,actual,"IMF World Economic Outlook, April 2026",WEOApr2026all.xlsx,2026-10-04
BRA,Brazil,BRA.GGXWDG_NGDP.A,GGXWDG_NGDP,"Gross debt, General government, Percent of GDP",Annual,Units,Percent,2024,Ministry of Finance or Treasury,2012,61.614,actual,"IMF World Economic Outlook, April 2026",WEOApr2026all.xlsx,2026-10-04
BRA,Brazil,BRA.GGXWDG_NGDP.A,GGXWDG_NGDP,"Gross debt, General government, Percent of GDP",Annual,Units,Percent,2024,Ministry of Finance or Treasury,2013,59.595,actual,"IMF World Economic Outlook, April 2026",WEOApr2026all.xlsx,2026-10-04
BRA,Brazil,BRA.GGXWDG_NGDP.A,GGXWDG_NGDP,"Gross debt, General government, Percent of GDP",Annual,Units,Percent,2024,Ministry of Finance or Treasury,2014,61.617,actual,"IMF World Economic Outlook, April 2026",WEOApr2026all.xlsx,2026-10-04
BRA,Brazil,BRA.GGXWDG_NGDP.A,GGXWDG_NGDP,"Gross debt, General government, Percent of GDP",Annual,Units,Percent,2024,Ministry of Finance or Treasury,2015,71.73,actual,"IMF World Economic Outlook, April 2026",WEOApr2026all.xlsx,2026-10-04
BRA,Brazil,BRA.GGXWDG_NGDP.A,GGXWDG_NGDP,"Gross debt, General government, Percent of GDP",Annual,Units,Percent,2024,Ministry of Finance or Treasury,2016,77.422,actual,"IMF World Economic Outlook, April 2026",WEOApr2026all.xlsx,2026-10-04
BRA,Brazil,BRA.GGXWDG_NGDP.A,GGXWDG_NGDP,"Gross debt, General government, Percent of GDP",Annual,Units,Percent,2024,Ministry of Finance or Treasury,2017,82.745,actual,"IMF World Economic Outlook, April 2026",WEOApr2026all.xlsx,2026-10-04
BRA,Brazil,BRA.GGXWDG_NGDP.A,GGXWDG_NGDP,"Gross debt, General government, Percent of GDP",Annual,Units,Percent,2024,Ministry of Finance or Treasury,2018,84.777,actual,"IMF World Economic Outlook, April 2026",WEOApr2026all.xlsx,2026-10-04
BRA,Brazil,BRA.GGXWDG_NGDP.A,GGXWDG_NGDP,"Gross debt, General government, Percent of GDP",Annual,Units,Percent,2024,Ministry of Finance or Treasury,2019,87.118,actual,"IMF World Economic Outlook, April 2026",WEOApr2026all.xlsx,2026-10-04
BRA,Brazil,BRA.GGXWDG_NGDP.A,GGXWDG_NGDP,"Gross debt, General government, Percent of GDP",Annual,Units,Percent,2024,Ministry of Finance or Treasury,2020,96.007,actual,"IMF World Economic Outlook, April 2026",WEOApr2026all.xlsx,2026-10-04
BRA,Brazil,BRA.GGXWDG_NGDP.A,GGXWDG_NGDP,"Gross debt, General government, Percent of GDP",Annual,Units,Percent,2024,Ministry of Finance or Treasury,2021,88.934,actual,"IMF World Economic Outlook, April 2026",WEOApr2026all.xlsx,2026-10-04
BRA,Brazil,BRA.GGXWDG_NGDP.A,GGXWDG_NGDP,"Gross debt, General government, Percent of GDP",Annual,Units,Percent,2024,Ministry of Finance or Treasury,2022,83.939,actual,"IMF World Economic Outlook, April 2026",WEOApr2026all.xlsx,2026-10-04
BRA,Brazil,BRA.GGXWDG_NGDP.A,GGXWDG_NGDP,"Gross debt, General government, Percent of GDP",Annual,Units,Percent,2024,Ministry of Finance or Treasury,2023,84.001,actual,"IMF World Economic Outlook, April 2026",WEOApr2026all.xlsx,2026-10-04
BRA,Brazil,BRA.GGXWDG_NGDP.A,GGXWDG_NGDP,"Gross debt, General government, Percent of GDP",Annual,Units,Percent,2024,Ministry of Finance or Treasury,2024,87.028,actual,"IMF World Economic Outlook, April 2026",WEOApr2026all.xlsx,2026-10-04
BRA,Brazil,BRA.GGXWDG_NGDP.A,GGXWDG_NGDP,"Gross debt, General government, Percent of GDP",Annual,Units,Percent,2024,Ministry of Finance or Treasury,2025,93.329,projection,"IMF World Economic Outlook, April 2026",WEOApr2026all.xlsx,2026-10-04
BRA,Brazil,BRA.GGXWDG_NGDP.A,GGXWDG_NGDP,"Gross debt, General government, Percent of GDP",Annual,Units,Percent,2024,Ministry of Finance or Treasury,2026,96.54,projection,"IMF World Economic Outlook, April 2026",WEOApr2026all.xlsx,2026-10-04
BRA,Brazil,BRA.GGXWDG_NGDP.A,GGXWDG_NGDP,"Gross debt, General government, Percent of GDP",Annual,Units,Percent,2024,Ministry of Finance or Treasury,2027,99.997,projection,"IMF World Economic Outlook, April 2026",WEOApr2026all.xlsx,2026-10-04
BRA,Brazil,BRA.GGXWDG_NGDP.A,GGXWDG_NGDP,"Gross debt, General government, Percent of GDP",Annual,Units,Percent,2024,Ministry of Finance or Treasury,2028,102.288,projection,"IMF World Economic Outlook, April 2026",WEOApr2026all.xlsx,2026-10-04
BRA,Brazil,BRA.GGXWDG_NGDP.A,GGXWDG_NGDP,"Gross debt, General government, Percent of GDP",Annual,Units,Percent,2024,Ministry of Finance or Treasury,2029,104.142,projection,"IMF World Economic Outlook, April 2026",WEOApr2026all.xlsx,2026-10-04
BRA,Brazil,BRA.GGXWDG_NGDP.A,GGXWDG_NGDP,"Gross debt, General government, Percent of GDP",Annual,Units,Percent,2024,Ministry of Finance or Treasury,2030,105.505,projection,"IMF World Economic Outlook, April 2026",WEOApr2026all.xlsx,2026-10-04
BRA,Brazil,BRA.GGXWDG_NGDP.A,GGXWDG_NGDP,"Gross debt, General government, Percent of GDP",Annual,Units,Percent,2024,Ministry of Finance or Treasury,2031,106.52,projection,"IMF World Economic Outlook, April 2026",WEOApr2026all.xlsx,2026-10-04
CHL,Chile,CHL.GGXWDG_NGDP.A,GGXWDG_NGDP,"Gross debt, General government, Percent of GDP",Annual,Units,Percent,2024,Ministry of Finance or Treasury,1991,37.104,actual,"IMF World Economic Outlook, April 2026",WEOApr2026all.xlsx,2026-10-04
CHL,Chile,CHL.GGXWDG_NGDP.A,GGXWDG_NGDP,"Gross debt, General government, Percent of GDP",Annual,Units,Percent,2024,Ministry of Finance or Treasury,1992,30.492,actual,"IMF World Economic Outlook, April 2026",WEOApr2026all.xlsx,2026-10-04
CHL,Chile,CHL.GGXWDG_NGDP.A,GGXWDG_NGDP,"Gross debt, General government, Percent of GDP",Annual,Units,Percent,2024,Ministry of Finance or Treasury,1993,28.087,actual,"IMF World Economic Outlook, April 2026",WEOApr2026all.xlsx,2026-10-04
CHL,Chile,CHL.GGXWDG_NGDP.A,GGXWDG_NGDP,"Gross debt, General government, Percent of GDP",Annual,Units,Percent,2024,Ministry of Finance or Treasury,1994,22.61,actual,"IMF World Economic Outlook, April 2026",WEOApr2026all.xlsx,2026-10-04
CHL,Chile,CHL.GGXWDG_NGDP.A,GGXWDG_NGDP,"Gross debt, General government, Percent of GDP",Annual,Units,Percent,2024,Ministry of Finance or Treasury,1995,17.25,actual,"IMF World Economic Outlook, April 2026",WEOApr2026all.xlsx,2026-10-04
CHL,Chile,CHL.GGXWDG_NGDP.A,GGXWDG_NGDP,"Gross debt, General government, Percent of GDP",Annual,Units,Percent,2024,Ministry of Finance or Treasury,1996,14.584,actual,"IMF World Economic Outlook, April 2026",WEOApr2026all.xlsx,2026-10-04
CHL,Chile,CHL.GGXWDG_NGDP.A,GGXWDG_NGDP,"Gross debt, General government, Percent of GDP",Annual,Units,Percent,2024,Ministry of Finance or Treasury,1997,12.78,actual,"IMF World Economic Outlook, April 2026",WEOApr2026all.xlsx,2026-10-04
CHL,Chile,CHL.GGXWDG_NGDP.A,GGXWDG_NGDP,"Gross debt, General government, Percent of GDP",Annual,Units,Percent,2024,Ministry of Finance or Treasury,1998,12.115,actual,"IMF World Economic Outlook, April 2026",WEOApr2026all.xlsx,2026-10-04
CHL,Chile,CHL.GGXWDG_NGDP.A,GGXWDG_NGDP,"Gross debt, General government, Percent of GDP",Annual,Units,Percent,2024,Ministry of Finance or Treasury,1999,13.277,actual,"IMF World Economic Outlook, April 2026",WEOApr2026all.xlsx,2026-10-04
CHL,Chile,CHL.GGXWDG_NGDP.A,GGXWDG_NGDP,"Gross debt, General government, Percent of GDP",Annual,Units,Percent,2024,Ministry of Finance or Treasury,2000,13.146,actual,"IMF World Economic Outlook, April 2026",WEOApr2026all.xlsx,2026-10-04
CHL,Chile,CHL.GGXWDG_NGDP.A,GGXWDG_NGDP,"Gross debt, General government, Percent of GDP",Annual,Units,Percent,2024,Ministry of Finance or Treasury,2001,14.348,actual,"IMF World Economic Outlook, April 2026",WEOApr2026all.xlsx,2026-10-04
CHL,Chile,CHL.GGXWDG_NGDP.A,GGXWDG_NGDP,"Gross debt, General government, Percent of GDP",Annual,Units,Percent,2024,Ministry of Finance or Treasury,2002,15.045,actual,"IMF World Economic Outlook, April 2026",WEOApr2026all.xlsx,2026-10-04
CHL,Chile,CHL.GGXWDG_NGDP.A,GGXWDG_NGDP,"Gross debt, General government, Percent of GDP",Annual,Units,Percent,2024,Ministry of Finance or Treasury,2003,12.573,actual,"IMF World Economic Outlook, April 2026",WEOApr2026all.xlsx,2026-10-04
CHL,Chile,CHL.GGXWDG_NGDP.A,GGXWDG_NGDP,"Gross debt, General government, Percent of GDP",Annual,Units,Percent,2024,Ministry of Finance or Treasury,2004,10.314,actual,"IMF World Economic Outlook, April 2026",WEOApr2026all.xlsx,2026-10-04
CHL,Chile,CHL.GGXWDG_NGDP.A,GGXWDG_NGDP,"Gross debt, General government, Percent of GDP",Annual,Units,Percent,2024,Ministry of Finance or Treasury,2005,7.04,actual,"IMF World Economic Outlook, April 2026",WEOApr2026all.xlsx,2026-10-04
CHL,Chile,CHL.GGXWDG_NGDP.A,GGXWDG_NGDP,"Gross debt, General government, Percent of GDP",Annual,Units,Percent,2024,Ministry of Finance or Treasury,2006,5.022,actual,"IMF World Economic Outlook, April 2026",WEOApr2026all.xlsx,2026-10-04
CHL,Chile,CHL.GGXWDG_NGDP.A,GGXWDG_NGDP,"Gross debt, General government, Percent of GDP",Annual,Units,Percent,2024,Ministry of Finance or Treasury,2007,3.901,actual,"IMF World Economic Outlook, April 2026",WEOApr2026all.xlsx,2026-10-04
CHL,Chile,CHL.GGXWDG_NGDP.A,GGXWDG_NGDP,"Gross debt, General government, Percent of GDP",Annual,Units,Percent,2024,Ministry of Finance or Treasury,2008,4.916,actual,"IMF World Economic Outlook, April 2026",WEOApr2026all.xlsx,2026-10-04
CHL,Chile,CHL.GGXWDG_NGDP.A,GGXWDG_NGDP,"Gross debt, General government, Percent of GDP",Annual,Units,Percent,2024,Ministry of Finance or Treasury,2009,5.845,actual,"IMF World Economic Outlook, April 2026",WEOApr2026all.xlsx,2026-10-04
CHL,Chile,CHL.GGXWDG_NGDP.A,GGXWDG_NGDP,"Gross debt, General government, Percent of GDP",Annual,Units,Percent,2024,Ministry of Finance or Treasury,2010,8.607,actual,"IMF World Economic Outlook, April 2026",WEOApr2026all.xlsx,2026-10-04
CHL,Chile,CHL.GGXWDG_NGDP.A,GGXWDG_NGDP,"Gross debt, General government, Percent of GDP",Annual,Units,Percent,2024,Ministry of Finance or Treasury,2011,11.127,actual,"IMF World Economic Outlook, April 2026",WEOApr2026all.xlsx,2026-10-04
CHL,Chile,CHL.GGXWDG_NGDP.A,GGXWDG_NGDP,"Gross debt, General government, Percent of GDP",Annual,Units,Percent,2024,Ministry of Finance or Treasury,2012,11.939,actual,"IMF World Economic Outlook, April 2026",WEOApr2026all.xlsx,2026-10-04
CHL,Chile,CHL.GGXWDG_NGDP.A,GGXWDG_NGDP,"Gross debt, General government, Percent of GDP",Annual,Units,Percent,2024,Ministry of Finance or Treasury,2013,12.784,actual,"IMF World Economic Outlook, April 2026",WEOApr2026all.xlsx,2026-10-04
CHL,Chile,CHL.GGXWDG_NGDP.A,GGXWDG_NGDP,"Gross debt, General government, Percent of GDP",Annual,Units,Percent,2024,Ministry of Finance or Treasury,2014,15.02,actual,"IMF World Economic Outlook, April 2026",WEOApr2026all.xlsx,2026-10-04
CHL,Chile,CHL.GGXWDG_NGDP.A,GGXWDG_NGDP,"Gross debt, General government, Percent of GDP",Annual,Units,Percent,2024,Ministry of Finance or Treasury,2015,17.375,actual,"IMF World Economic Outlook, April 2026",WEOApr2026all.xlsx,2026-10-04
CHL,Chile,CHL.GGXWDG_NGDP.A,GGXWDG_NGDP,"Gross debt, General government, Percent of GDP",Annual,Units,Percent,2024,Ministry of Finance or Treasury,2016,21.101,actual,"IMF World Economic Outlook, April 2026",WEOApr2026all.xlsx,2026-10-04
CHL,Chile,CHL.GGXWDG_NGDP.A,GGXWDG_NGDP,"Gross debt, General government, Percent of GDP",Annual,Units,Percent,2024,Ministry of Finance or Treasury,2017,23.652,actual,"IMF World Economic Outlook, April 2026",WEOApr2026all.xlsx,2026-10-04
CHL,Chile,CHL.GGXWDG_NGDP.A,GGXWDG_NGDP,"Gross debt, General government, Percent of GDP",Annual,Units,Percent,2024,Ministry of Finance or Treasury,2018,25.798,actual,"IMF World Economic Outlook, April 2026",WEOApr2026all.xlsx,2026-10-04
CHL,Chile,CHL.GGXWDG_NGDP.A,GGXWDG_NGDP,"Gross debt, General government, Percent of GDP",Annual,Units,Percent,2024,Ministry of Finance or Treasury,2019,28.33,actual,"IMF World Economic Outlook, April 2026",WEOApr2026all.xlsx,2026-10-04
CHL,Chile,CHL.GGXWDG_NGDP.A,GGXWDG_NGDP,"Gross debt, General government, Percent of GDP",Annual,Units,Percent,2024,Ministry of Finance or Treasury,2020,32.38,actual,"IMF World Economic Outlook, April 2026",WEOApr2026all.xlsx,2026-10-04
CHL,Chile,CHL.GGXWDG_NGDP.A,GGXWDG_NGDP,"Gross debt, General government, Percent of GDP",Annual,Units,Percent,2024,Ministry of Finance or Treasury,2021,36.448,actual,"IMF World Economic Outlook, April 2026",WEOApr2026all.xlsx,2026-10-04
CHL,Chile,CHL.GGXWDG_NGDP.A,GGXWDG_NGDP,"Gross debt, General government, Percent of GDP",Annual,Units,Percent,2024,Ministry of Finance or Treasury,2022,37.907,actual,"IMF World Economic Outlook, April 2026",WEOApr2026all.xlsx,2026-10-04
CHL,Chile,CHL.GGXWDG_NGDP.A,GGXWDG_NGDP,"Gross debt, General government, Percent of GDP",Annual,Units,Percent,2024,Ministry of Finance or Treasury,2023,39.415,actual,"IMF World Economic Outlook, April 2026",WEOApr2026all.xlsx,2026-10-04
CHL,Chile,CHL.GGXWDG_NGDP.A,GGXWDG_NGDP,"Gross debt, General government, Percent of GDP",Annual,Units,Percent,2024,Ministry of Finance or Treasury,2024,41.65,actual,"IMF World Economic Outlook, April 2026",WEOApr2026all.xlsx,2026-10-04
CHL,Chile,CHL.GGXWDG_NGDP.A,GGXWDG_NGDP,"Gross debt, General government, Percent of GDP",Annual,Units,Percent,2024,Ministry of Finance or Treasury,2025,41.774,projection,"IMF World Economic Outlook, April 2026",WEOApr2026all.xlsx,2026-10-04
CHL,Chile,CHL.GGXWDG_NGDP.A,GGXWDG_NGDP,"Gross debt, General government, Percent of GDP",Annual,Units,Percent,2024,Ministry of Finance or Treasury,2026,42.465,projection,"IMF World Economic Outlook, April 2026",WEOApr2026all.xlsx,2026-10-04
CHL,Chile,CHL.GGXWDG_NGDP.A,GGXWDG_NGDP,"Gross debt, General government, Percent of GDP",Annual,Units,Percent,2024,Ministry of Finance or Treasury,2027,44.437,projection,"IMF World Economic Outlook, April 2026",WEOApr2026all.xlsx,2026-10-04
CHL,Chile,CHL.GGXWDG_NGDP.A,GGXWDG_NGDP,"Gross debt, General government, Percent of GDP",Annual,Units,Percent,2024,Ministry of Finance or Treasury,2028,45.527,projection,"IMF World Economic Outlook, April 2026",WEOApr2026all.xlsx,2026-10-04
CHL,Chile,CHL.GGXWDG_NGDP.A,GGXWDG_NGDP,"Gross debt, General government, Percent of GDP",Annual,Units,Percent,2024,Ministry of Finance or Treasury,2029,46.818,projection,"IMF World Economic Outlook, April 2026",WEOApr2026all.xlsx,2026-10-04
CHL,Chile,CHL.GGXWDG_NGDP.A,GGXWDG_NGDP,"Gross debt, General government, Percent of GDP",Annual,Units,Percent,2024,Ministry of Finance or Treasury,2030,48.068,projection,"IMF World Economic Outlook, April 2026",WEOApr2026all.xlsx,2026-10-04
CHL,Chile,CHL.GGXWDG_NGDP.A,GGXWDG_NGDP,"Gross debt, General government, Percent of GDP",Annual,Units,Percent,2024,Ministry of Finance or Treasury,2031,49.169,projection,"IMF World Economic Outlook, April 2026",WEOApr2026all.xlsx,2026-10-04
COL,Colombia,COL.GGXWDG_NGDP.A,GGXWDG_NGDP,"Gross debt, General government, Percent of GDP",Annual,Units,Percent,2025,Ministry of Finance or Treasury,1996,23.286,actual,"IMF World Economic Outlook, April 2026",WEOApr2026all.xlsx,2026-10-04
COL,Colombia,COL.GGXWDG_NGDP.A,GGXWDG_NGDP,"Gross debt, General government, Percent of GDP",Annual,Units,Percent,2025,Ministry of Finance or Treasury,1997,25.263,actual,"IMF World Economic Outlook, April 2026",WEOApr2026all.xlsx,2026-10-04
COL,Colombia,COL.GGXWDG_NGDP.A,GGXWDG_NGDP,"Gross debt, General government, Percent of GDP",Annual,Units,Percent,2025,Ministry of Finance or Treasury,1998,27.453,actual,"IMF World Economic Outlook, April 2026",WEOApr2026all.xlsx,2026-10-04
COL,Colombia,COL.GGXWDG_NGDP.A,GGXWDG_NGDP,"Gross debt, General government, Percent of GDP",Annual,Units,Percent,2025,Ministry of Finance or Treasury,1999,33.982,actual,"IMF World Economic Outlook, April 2026",WEOApr2026all.xlsx,2026-10-04
COL,Colombia,COL.GGXWDG_NGDP.A,GGXWDG_NGDP,"Gross debt, General government, Percent of GDP",Annual,Units,Percent,2025,Ministry of Finance or Treasury,2000,37.988,actual,"IMF World Economic Outlook, April 2026",WEOApr2026all.xlsx,2026-10-04
COL,Colombia,COL.GGXWDG_NGDP.A,GGXWDG_NGDP,"Gross debt, General government, Percent of GDP",Annual,Units,Percent,2025,Ministry of Finance or Treasury,2001,41.095,actual,"IMF World Economic Outlook, April 2026",WEOApr2026all.xlsx,2026-10-04
COL,Colombia,COL.GGXWDG_NGDP.A,GGXWDG_NGDP,"Gross debt, General government, Percent of GDP",Annual,Units,Percent,2025,Ministry of Finance or Treasury,2002,47.545,actual,"IMF World Economic Outlook, April 2026",WEOApr2026all.xlsx,2026-10-04
COL,Colombia,COL.GGXWDG_NGDP.A,GGXWDG_NGDP,"Gross debt, General government, Percent of GDP",Annual,Units,Percent,2025,Ministry of Finance or Treasury,2003,45.04,actual,"IMF World Economic Outlook, April 2026",WEOApr2026all.xlsx,2026-10-04
COL,Colombia,COL.GGXWDG_NGDP.A,GGXWDG_NGDP,"Gross debt, General government, Percent of GDP",Annual,Units,Percent,2025,Ministry of Finance or Treasury,2004,41.482,actual,"IMF World Economic Outlook, April 2026",WEOApr2026all.xlsx,2026-10-04
COL,Colombia,COL.GGXWDG_NGDP.A,GGXWDG_NGDP,"Gross debt, General government, Percent of GDP",Annual,Units,Percent,2025,Ministry of Finance or Treasury,2005,38.532,actual,"IMF World Economic Outlook, April 2026",WEOApr2026all.xlsx,2026-10-04
COL,Colombia,COL.GGXWDG_NGDP.A,GGXWDG_NGDP,"Gross debt, General government, Percent of GDP",Annual,Units,Percent,2025,Ministry of Finance or Treasury,2006,35.969,actual,"IMF World Economic Outlook, April 2026",WEOApr2026all.xlsx,2026-10-04
COL,Colombia,COL.GGXWDG_NGDP.A,GGXWDG_NGDP,"Gross debt, General government, Percent of GDP",Annual,Units,Percent,2025,Ministry of Finance or Treasury,2007,32.663,actual,"IMF World Economic Outlook, April 2026",WEOApr2026all.xlsx,2026-10-04
COL,Colombia,COL.GGXWDG_NGDP.A,GGXWDG_NGDP,"Gross debt, General government, Percent of GDP",Annual,Units,Percent,2025,Ministry of Finance or Treasury,2008,32.382,actual,"IMF World Economic Outlook, April 2026",WEOApr2026all.xlsx,2026-10-04
COL,Colombia,COL.GGXWDG_NGDP.A,GGXWDG_NGDP,"Gross debt, General government, Percent of GDP",Annual,Units,Percent,2025,Ministry of Finance or Treasury,2009,35.387,actual,"IMF World Economic Outlook, April 2026",WEOApr2026all.xlsx,2026-10-04
COL,Colombia,COL.GGXWDG_NGDP.A,GGXWDG_NGDP,"Gross debt, General government, Percent of GDP",Annual,Units,Percent,2025,Ministry of Finance or Treasury,2010,36.497,actual,"IMF World Economic Outlook, April 2026",WEOApr2026all.xlsx,2026-10-04
COL,Colombia,COL.GGXWDG_NGDP.A,GGXWDG_NGDP,"Gross debt, General government, Percent of GDP",Annual,Units,Percent,2025,Ministry of Finance or Treasury,2011,35.783,actual,"IMF World Economic Outlook, April 2026",WEOApr2026all.xlsx,2026-10-04
COL,Colombia,COL.GGXWDG_NGDP.A,GGXWDG_NGDP,"Gross debt, General government, Percent of GDP",Annual,Units,Percent,2025,Ministry of Finance or Treasury,2012,33.967,actual,"IMF World Economic Outlook, April 2026",WEOApr2026all.xlsx,2026-10-04
COL,Colombia,COL.GGXWDG_NGDP.A,GGXWDG_NGDP,"Gross debt, General government, Percent of GDP",Annual,Units,Percent,2025,Ministry of Finance or Treasury,2013,37.592,actual,"IMF World Economic Outlook, April 2026",WEOApr2026all.xlsx,2026-10-04
COL,Colombia,COL.GGXWDG_NGDP.A,GGXWDG_NGDP,"Gross debt, General government, Percent of GDP",Annual,Units,Percent,2025,Ministry of Finance or Treasury,2014,43.319,actual,"IMF World Economic Outlook, April 2026",WEOApr2026all.xlsx,2026-10-04
COL,Colombia,COL.GGXWDG_NGDP.A,GGXWDG_NGDP,"Gross debt, General government, Percent of GDP",Annual,Units,Percent,2025,Ministry of Finance or Treasury,2015,50.375,actual,"IMF World Economic Outlook, April 2026",WEOApr2026all.xlsx,2026-10-04
COL,Colombia,COL.GGXWDG_NGDP.A,GGXWDG_NGDP,"Gross debt, General government, Percent of GDP",Annual,Units,Percent,2025,Ministry of Finance or Treasury,2016,49.904,actual,"IMF World Economic Outlook, April 2026",WEOApr2026all.xlsx,2026-10-04
COL,Colombia,COL.GGXWDG_NGDP.A,GGXWDG_NGDP,"Gross debt, General government, Percent of GDP",Annual,Units,Percent,2025,Ministry of Finance or Treasury,2017,49.449,actual,"IMF World Economic Outlook, April 2026",WEOApr2026all.xlsx,2026-10-04
COL,Colombia,COL.GGXWDG_NGDP.A,GGXWDG_NGDP,"Gross debt, General government, Percent of GDP",Annual,Units,Percent,2025,Ministry of Finance or Treasury,2018,51.761,actual,"IMF World Economic Outlook, April 2026",WEOApr2026all.xlsx,2026-10-04
COL,Colombia,COL.GGXWDG_NGDP.A,GGXWDG_NGDP,"Gross debt, General government, Percent of GDP",Annual,Units,Percent,2025,Ministry of Finance or Treasury,2019,50.971,actual,"IMF World Economic Outlook, April 2026",WEOApr2026all.xlsx,2026-10-04
COL,Colombia,COL.GGXWDG_NGDP.A,GGXWDG_NGDP,"Gross debt, General government, Percent of GDP",Annual,Units,Percent,2025,Ministry of Finance or Treasury,2020,65.274,actual,"IMF World Economic Outlook, April 2026",WEOApr2026all.xlsx,2026-10-04
COL,Colombia,COL.GGXWDG_NGDP.A,GGXWDG_NGDP,"Gross debt, General government, Percent of GDP",Annual,Units,Percent,2025,Ministry of Finance or Treasury,2021,64.417,actual,"IMF World Economic Outlook, April 2026",WEOApr2026all.xlsx,2026-10-04
COL,Colombia,COL.GGXWDG_NGDP.A,GGXWDG_NGDP,"Gross debt, General government, Percent of GDP",Annual,Units,Percent,2025,Ministry of Finance or Treasury,2022,61.3,actual,"IMF World Economic Outlook, April 2026",WEOApr2026all.xlsx,2026-10-04
COL,Colombia,COL.GGXWDG_NGDP.A,GGXWDG_NGDP,"Gross debt, General government, Percent of GDP",Annual,Units,Percent,2025,Ministry of Finance or Treasury,2023,55.364,actual,"IMF World Economic Outlook, April 2026",WEOApr2026all.xlsx,2026-10-04
COL,Colombia,COL.GGXWDG_NGDP.A,GGXWDG_NGDP,"Gross debt, General government, Percent of GDP",Annual,Units,Percent,2025,Ministry of Finance or Treasury,2024,61.008,actual,"IMF World Economic Outlook, April 2026",WEOApr2026all.xlsx,2026-10-04
COL,Colombia,COL.GGXWDG_NGDP.A,GGXWDG_NGDP,"Gross debt, General government, Percent of GDP",Annual,Units,Percent,2025,Ministry of Finance or Treasury,2025,59.868,actual,"IMF World Economic Outlook, April 2026",WEOApr2026all.xlsx,2026-10-04
COL,Colombia,COL.GGXWDG_NGDP.A,GGXWDG_NGDP,"Gross debt, General government, Percent of GDP",Annual,Units,Percent,2025,Ministry of Finance or Treasury,2026,60.877,projection,"IMF World Economic Outlook, April 2026",WEOApr2026all.xlsx,2026-10-04
COL,Colombia,COL.GGXWDG_NGDP.A,GGXWDG_NGDP,"Gross debt, General government, Percent of GDP",Annual,Units,Percent,2025,Ministry of Finance or Treasury,2027,61.311,projection,"IMF World Economic Outlook, April 2026",WEOApr2026all.xlsx,2026-10-04
COL,Colombia,COL.GGXWDG_NGDP.A,GGXWDG_NGDP,"Gross debt, General government, Percent of GDP",Annual,Units,Percent,2025,Ministry of Finance or Treasury,2028,60.961,projection,"IMF World Economic Outlook, April 2026",WEOApr2026all.xlsx,2026-10-04
COL,Colombia,COL.GGXWDG_NGDP.A,GGXWDG_NGDP,"Gross debt, General government, Percent of GDP",Annual,Units,Percent,2025,Ministry of Finance or Treasury,2029,60.45,projection,"IMF World Economic Outlook, April 2026",WEOApr2026all.xlsx,2026-10-04
COL,Colombia,COL.GGXWDG_NGDP.A,GGXWDG_NGDP,"Gross debt, General government, Percent of GDP",Annual,Units,Percent,2025,Ministry of Finance or Treasury,2030,59.815,projection,"IMF World Economic Outlook, April 2026",WEOApr2026all.xlsx,2026-10-04
COL,Colombia,COL.GGXWDG_NGDP.A,GGXWDG_NGDP,"Gross debt, General government, Percent of GDP",Annual,Units,Percent,2025,Ministry of Finance or Treasury,2031,59.229,projection,"IMF World Economic Outlook, April 2026",WEOApr2026all.xlsx,2026-10-04
PER,Peru,PER.GGXWDG_NGDP.A,GGXWDG_NGDP,"Gross debt, General government, Percent of GDP",Annual,Units,Percent,2025,Ministry of Finance or Treasury,2000,44.909,actual,"IMF World Economic Outlook, April 2026",WEOApr2026all.xlsx,2026-10-04
PER,Peru,PER.GGXWDG_NGDP.A,GGXWDG_NGDP,"Gross debt, General government, Percent of GDP",Annual,Units,Percent,2025,Ministry of Finance or Treasury,2001,43.841,actual,"IMF World Economic Outlook, April 2026",WEOApr2026all.xlsx,2026-10-04
PER,Peru,PER.GGXWDG_NGDP.A,GGXWDG_NGDP,"Gross debt, General government, Percent of GDP",Annual,Units,Percent,2025,Ministry of Finance or Treasury,2002,45.463,actual,"IMF World Economic Outlook, April 2026",WEOApr2026all.xlsx,2026-10-04
PER,Peru,PER.GGXWDG_NGDP.A,GGXWDG_NGDP,"Gross debt, General government, Percent of GDP",Annual,Units,Percent,2025,Ministry of Finance or Treasury,2003,49.376,actual,"IMF World Economic Outlook, April 2026",WEOApr2026all.xlsx,2026-10-04
PER,Peru,PER.GGXWDG_NGDP.A,GGXWDG_NGDP,"Gross debt, General government, Percent of GDP",Annual,Units,Percent,2025,Ministry of Finance or Treasury,2004,46.738,actual,"IMF World Economic Outlook, April 2026",WEOApr2026all.xlsx,2026-10-04
PER,Peru,PER.GGXWDG_NGDP.A,GGXWDG_NGDP,"Gross debt, General government, Percent of GDP",Annual,Units,Percent,2025,Ministry of Finance or Treasury,2005,40.359,actual,"IMF World Economic Outlook, April 2026",WEOApr2026all.xlsx,2026-10-04
PER,Peru,PER.GGXWDG_NGDP.A,GGXWDG_NGDP,"Gross debt, General government, Percent of GDP",Annual,Units,Percent,2025,Ministry of Finance or Treasury,2006,34.94,actual,"IMF World Economic Outlook, April 2026",WEOApr2026all.xlsx,2026-10-04
PER,Peru,PER.GGXWDG_NGDP.A,GGXWDG_NGDP,"Gross debt, General government, Percent of GDP",Annual,Units,Percent,2025,Ministry of Finance or Treasury,2007,31.87,actual,"IMF World Economic Outlook, April 2026",WEOApr2026all.xlsx,2026-10-04
PER,Peru,PER.GGXWDG_NGDP.A,GGXWDG_NGDP,"Gross debt, General government, Percent of GDP",Annual,Units,Percent,2025,Ministry of Finance or Treasury,2008,28.127,actual,"IMF World Economic Outlook, April 2026",WEOApr2026all.xlsx,2026-10-04
PER,Peru,PER.GGXWDG_NGDP.A,GGXWDG_NGDP,"Gross debt, General government, Percent of GDP",Annual,Units,Percent,2025,Ministry of Finance or Treasury,2009,28.181,actual,"IMF World Economic Outlook, April 2026",WEOApr2026all.xlsx,2026-10-04
PER,Peru,PER.GGXWDG_NGDP.A,GGXWDG_NGDP,"Gross debt, General government, Percent of GDP",Annual,Units,Percent,2025,Ministry of Finance or Treasury,2010,25.107,actual,"IMF World Economic Outlook, April 2026",WEOApr2026all.xlsx,2026-10-04
PER,Peru,PER.GGXWDG_NGDP.A,GGXWDG_NGDP,"Gross debt, General government, Percent of GDP",Annual,Units,Percent,2025,Ministry of Finance or Treasury,2011,23.108,actual,"IMF World Economic Outlook, April 2026",WEOApr2026all.xlsx,2026-10-04
PER,Peru,PER.GGXWDG_NGDP.A,GGXWDG_NGDP,"Gross debt, General government, Percent of GDP",Annual,Units,Percent,2025,Ministry of Finance or Treasury,2012,20.663,actual,"IMF World Economic Outlook, April 2026",WEOApr2026all.xlsx,2026-10-04
PER,Peru,PER.GGXWDG_NGDP.A,GGXWDG_NGDP,"Gross debt, General government, Percent of GDP",Annual,Units,Percent,2025,Ministry of Finance or Treasury,2013,19.902,actual,"IMF World Economic Outlook, April 2026",WEOApr2026all.xlsx,2026-10-04
PER,Peru,PER.GGXWDG_NGDP.A,GGXWDG_NGDP,"Gross debt, General government, Percent of GDP",Annual,Units,Percent,2025,Ministry of Finance or Treasury,2014,20.46,actual,"IMF World Economic Outlook, April 2026",WEOApr2026all.xlsx,2026-10-04
PER,Peru,PER.GGXWDG_NGDP.A,GGXWDG_NGDP,"Gross debt, General government, Percent of GDP",Annual,Units,Percent,2025,Ministry of Finance or Treasury,2015,23.689,actual,"IMF World Economic Outlook, April 2026",WEOApr2026all.xlsx,2026-10-04
PER,Peru,PER.GGXWDG_NGDP.A,GGXWDG_NGDP,"Gross debt, General government, Percent of GDP",Annual,Units,Percent,2025,Ministry of Finance or Treasury,2016,23.932,actual,"IMF World Economic Outlook, April 2026",WEOApr2026all.xlsx,2026-10-04
PER,Peru,PER.GGXWDG_NGDP.A,GGXWDG_NGDP,"Gross debt, General government, Percent of GDP",Annual,Units,Percent,2025,Ministry of Finance or Treasury,2017,24.799,actual,"IMF World Economic Outlook, April 2026",WEOApr2026all.xlsx,2026-10-04
PER,Peru,PER.GGXWDG_NGDP.A,GGXWDG_NGDP,"Gross debt, General government, Percent of GDP",Annual,Units,Percent,2025,Ministry of Finance or Treasury,2018,25.689,actual,"IMF World Economic Outlook, April 2026",WEOApr2026all.xlsx,2026-10-04
PER,Peru,PER.GGXWDG_NGDP.A,GGXWDG_NGDP,"Gross debt, General government, Percent of GDP",Annual,Units,Percent,2025,Ministry of Finance or Treasury,2019,26.501,actual,"IMF World Economic Outlook, April 2026",WEOApr2026all.xlsx,2026-10-04
PER,Peru,PER.GGXWDG_NGDP.A,GGXWDG_NGDP,"Gross debt, General government, Percent of GDP",Annual,Units,Percent,2025,Ministry of Finance or Treasury,2020,34.289,actual,"IMF World Economic Outlook, April 2026",WEOApr2026all.xlsx,2026-10-04
PER,Peru,PER.GGXWDG_NGDP.A,GGXWDG_NGDP,"Gross debt, General government, Percent of GDP",Annual,Units,Percent,2025,Ministry of Finance or Treasury,2021,35.527,actual,"IMF World Economic Outlook, April 2026",WEOApr2026all.xlsx,2026-10-04
PER,Peru,PER.GGXWDG_NGDP.A,GGXWDG_NGDP,"Gross debt, General government, Percent of GDP",Annual,Units,Percent,2025,Ministry of Finance or Treasury,2022,33.458,actual,"IMF World Economic Outlook, April 2026",WEOApr2026all.xlsx,2026-10-04
PER,Peru,PER.GGXWDG_NGDP.A,GGXWDG_NGDP,"Gross debt, General government, Percent of GDP",Annual,Units,Percent,2025,Ministry of Finance or Treasury,2023,32.398,actual,"IMF World Economic Outlook, April 2026",WEOApr2026all.xlsx,2026-10-04
PER,Peru,PER.GGXWDG_NGDP.A,GGXWDG_NGDP,"Gross debt, General government, Percent of GDP",Annual,Units,Percent,2025,Ministry of Finance or Treasury,2024,32.077,actual,"IMF World Economic Outlook, April 2026",WEOApr2026all.xlsx,2026-10-04
PER,Peru,PER.GGXWDG_NGDP.A,GGXWDG_NGDP,"Gross debt, General government, Percent of GDP",Annual,Units,Percent,2025,Ministry of Finance or Treasury,2025,30.227,actual,"IMF World Economic Outlook, April 2026",WEOApr2026all.xlsx,2026-10-04
PER,Peru,PER.GGXWDG_NGDP.A,GGXWDG_NGDP,"Gross debt, General government, Percent of GDP",Annual,Units,Percent,2025,Ministry of Finance or Treasury,2026,29.982,projection,"IMF World Economic Outlook, April 2026",WEOApr2026all.xlsx,2026-10-04
PER,Peru,PER.GGXWDG_NGDP.A,GGXWDG_NGDP,"Gross debt, General government, Percent of GDP",Annual,Units,Percent,2025,Ministry of Finance or Treasury,2027,30.927,projection,"IMF World Economic Outlook, April 2026",WEOApr2026all.xlsx,2026-10-04
PER,Peru,PER.GGXWDG_NGDP.A,GGXWDG_NGDP,"Gross debt, General government, Percent of GDP",Annual,Units,Percent,2025,Ministry of Finance or Treasury,2028,31.583,projection,"IMF World Economic Outlook, April 2026",WEOApr2026all.xlsx,2026-10-04
PER,Peru,PER.GGXWDG_NGDP.A,GGXWDG_NGDP,"Gross debt, General government, Percent of GDP",Annual,Units,Percent,2025,Ministry of Finance or Treasury,2029,32.109,projection,"IMF World Economic Outlook, April 2026",WEOApr2026all.xlsx,2026-10-04
PER,Peru,PER.GGXWDG_NGDP.A,GGXWDG_NGDP,"Gross debt, General government, Percent of GDP",Annual,Units,Percent,2025,Ministry of Finance or Treasury,2030,32.061,projection,"IMF World Economic Outlook, April 2026",WEOApr2026all.xlsx,2026-10-04
PER,Peru,PER.GGXWDG_NGDP.A,GGXWDG_NGDP,"Gross debt, General government, Percent of GDP",Annual,Units,Percent,2025,Ministry of Finance or Treasury,2031,32.177,projection,"IMF World Economic Outlook, April 2026",WEOApr2026all.xlsx,2026-10-04
ARG,Argentina,ARG.PCPIPCH.A,PCPIPCH,"All Items, Consumer price index (CPI), Period average, percent change",Annual,Units,Percent,2025,National Statistics Office,1998,0.925,actual,"IMF World Economic Outlook, April 2026",WEOApr2026all.xlsx,2026-10-04
ARG,Argentina,ARG.PCPIPCH.A,PCPIPCH,"All Items, Consumer price index (CPI), Period average, percent change",Annual,Units,Percent,2025,National Statistics Office,1999,-1.167,actual,"IMF World Economic Outlook, April 2026",WEOApr2026all.xlsx,2026-10-04
ARG,Argentina,ARG.PCPIPCH.A,PCPIPCH,"All Items, Consumer price index (CPI), Period average, percent change",Annual,Units,Percent,2025,National Statistics Office,2000,-0.939,actual,"IMF World Economic Outlook, April 2026",WEOApr2026all.xlsx,2026-10-04
ARG,Argentina,ARG.PCPIPCH.A,PCPIPCH,"All Items, Consumer price index (CPI), Period average, percent change",Annual,Units,Percent,2025,National Statistics Office,2001,-1.065,actual,"IMF World Economic Outlook, April 2026",WEOApr2026all.xlsx,2026-10-04
ARG,Argentina,ARG.PCPIPCH.A,PCPIPCH,"All Items, Consumer price index (CPI), Period average, percent change",Annual,Units,Percent,2025,National Statistics Office,2002,25.869,actual,"IMF World Economic Outlook, April 2026",WEOApr2026all.xlsx,2026-10-04
ARG,Argentina,ARG.PCPIPCH.A,PCPIPCH,"All Items, Consumer price index (CPI), Period average, percent change",Annual,Units,Percent,2025,National Statistics Office,2003,13.443,actual,"IMF World Economic Outlook, April 2026",WEOApr2026all.xlsx,2026-10-04
ARG,Argentina,ARG.PCPIPCH.A,PCPIPCH,"All Items, Consumer price index (CPI), Period average, percent change",Annual,Units,Percent,2025,National Statistics Office,2004,4.416,actual,"IMF World Economic Outlook, April 2026",WEOApr2026all.xlsx,2026-10-04
ARG,Argentina,ARG.PCPIPCH.A,PCPIPCH,"All Items, Consumer price index (CPI), Period average, percent change",Annual,Units,Percent,2025,National Statistics Office,2005,9.642,actual,"IMF World Economic Outlook, April 2026",WEOApr2026all.xlsx,2026-10-04
ARG,Argentina,ARG.PCPIPCH.A,PCPIPCH,"All Items, Consumer price index (CPI), Period average, percent change",Annual,Units,Percent,2025,National Statistics Office,2006,10.898,actual,"IMF World Economic Outlook, April 2026",WEOApr2026all.xlsx,2026-10-04
ARG,Argentina,ARG.PCPIPCH.A,PCPIPCH,"All Items, Consumer price index (CPI), Period average, percent change",Annual,Units,Percent,2025,National Statistics Office,2007,8.83,actual,"IMF World Economic Outlook, April 2026",WEOApr2026all.xlsx,2026-10-04
ARG,Argentina,ARG.PCPIPCH.A,PCPIPCH,"All Items, Consumer price index (CPI), Period average, percent change",Annual,Units,Percent,2025,National Statistics Office,2008,8.585,actual,"IMF World Economic Outlook, April 2026",WEOApr2026all.xlsx,2026-10-04
ARG,Argentina,ARG.PCPIPCH.A,PCPIPCH,"All Items, Consumer price index (CPI), Period average, percent change",Annual,Units,Percent,2025,National Statistics Office,2009,6.27,actual,"IMF World Economic Outlook, April 2026",WEOApr2026all.xlsx,2026-10-04
ARG,Argentina,ARG.PCPIPCH.A,PCPIPCH,"All Items, Consumer price index (CPI), Period average, percent change",Annual,Units,Percent,2025,National Statistics Office,2010,10.461,actual,"IMF World Economic Outlook, April 2026",WEOApr2026all.xlsx,2026-10-04
ARG,Argentina,ARG.PCPIPCH.A,PCPIPCH,"All Items, Consumer price index (CPI), Period average, percent change",Annual,Units,Percent,2025,National Statistics Office,2011,9.775,actual,"IMF World Economic Outlook, April 2026",WEOApr2026all.xlsx,2026-10-04
ARG,Argentina,ARG.PCPIPCH.A,PCPIPCH,"All Items, Consumer price index (CPI), Period average, percent change",Annual,Units,Percent,2025,National Statistics Office,2012,10.043,actual,"IMF World Economic Outlook, April 2026",WEOApr2026all.xlsx,2026-10-04
ARG,Argentina,ARG.PCPIPCH.A,PCPIPCH,"All Items, Consumer price index (CPI), Period average, percent change",Annual,Units,Percent,2025,National Statistics Office,2013,10.619,actual,"IMF World Economic Outlook, April 2026",WEOApr2026all.xlsx,2026-10-04
ARG,Argentina,ARG.PCPIPCH.A,PCPIPCH,"All Items, Consumer price index (CPI), Period average, percent change",Annual,Units,Percent,2025,National Statistics Office,2017,25.675,actual,"IMF World Economic Outlook, April 2026",WEOApr2026all.xlsx,2026-10-04
ARG,Argentina,ARG.PCPIPCH.A,PCPIPCH,"All Items, Consumer price index (CPI), Period average, percent change",Annual,Units,Percent,2025,National Statistics Office,2018,34.277,actual,"IMF World Economic Outlook, April 2026",WEOApr2026all.xlsx,2026-10-04
ARG,Argentina,ARG.PCPIPCH.A,PCPIPCH,"All Items, Consumer price index (CPI), Period average, percent change",Annual,Units,Percent,2025,National Statistics Office,2019,53.548,actual,"IMF World Economic Outlook, April 2026",WEOApr2026all.xlsx,2026-10-04
ARG,Argentina,ARG.PCPIPCH.A,PCPIPCH,"All Items, Consumer price index (CPI), Period average, percent change",Annual,Units,Percent,2025,National Statistics Office,2020,42.015,actual,"IMF World Economic Outlook, April 2026",WEOApr2026all.xlsx,2026-10-04
ARG,Argentina,ARG.PCPIPCH.A,PCPIPCH,"All Items, Consumer price index (CPI), Period average, percent change",Annual,Units,Percent,2025,National Statistics Office,2021,48.409,actual,"IMF World Economic Outlook, April 2026",WEOApr2026all.xlsx,2026-10-04
ARG,Argentina,ARG.PCPIPCH.A,PCPIPCH,"All Items, Consumer price index (CPI), Period average, percent change",Annual,Units,Percent,2025,National Statistics Office,2022,72.431,actual,"IMF World Economic Outlook, April 2026",WEOApr2026all.xlsx,2026-10-04
ARG,Argentina,ARG.PCPIPCH.A,PCPIPCH,"All Items, Consumer price index (CPI), Period average, percent change",Annual,Units,Percent,2025,National Statistics Office,2023,133.489,actual,"IMF World Economic Outlook, April 2026",WEOApr2026all.xlsx,2026-10-04
ARG,Argentina,ARG.PCPIPCH.A,PCPIPCH,"All Items, Consumer price index (CPI), Period average, percent change",Annual,Units,Percent,2025,National Statistics Office,2024,219.885,actual,"IMF World Economic Outlook, April 2026",WEOApr2026all.xlsx,2026-10-04
ARG,Argentina,ARG.PCPIPCH.A,PCPIPCH,"All Items, Consumer price index (CPI), Period average, percent change",Annual,Units,Percent,2025,National Statistics Office,2025,41.92,actual,"IMF World Economic Outlook, April 2026",WEOApr2026all.xlsx,2026-10-04
ARG,Argentina,ARG.PCPIPCH.A,PCPIPCH,"All Items, Consumer price index (CPI), Period average, percent change",Annual,Units,Percent,2025,National Statistics Office,2026,30.36,projection,"IMF World Economic Outlook, April 2026",WEOApr2026all.xlsx,2026-10-04
ARG,Argentina,ARG.PCPIPCH.A,PCPIPCH,"All Items, Consumer price index (CPI), Period average, percent change",Annual,Units,Percent,2025,National Statistics Office,2027,15.667,projection,"IMF World Economic Outlook, April 2026",WEOApr2026all.xlsx,2026-10-04
ARG,Argentina,ARG.PCPIPCH.A,PCPIPCH,"All Items, Consumer price index (CPI), Period average, percent change",Annual,Units,Percent,2025,National Statistics Office,2028,9.554,projection,"IMF World Economic Outlook, April 2026",WEOApr2026all.xlsx,2026-10-04
ARG,Argentina,ARG.PCPIPCH.A,PCPIPCH,"All Items, Consumer price index (CPI), Period average, percent change",Annual,Units,Percent,2025,National Statistics Office,2029,7.5,projection,"IMF World Economic Outlook, April 2026",WEOApr2026all.xlsx,2026-10-04
ARG,Argentina,ARG.PCPIPCH.A,PCPIPCH,"All Items, Consumer price index (CPI), Period average, percent change",Annual,Units,Percent,2025,National Statistics Office,2030,7.5,projection,"IMF World Economic Outlook, April 2026",WEOApr2026all.xlsx,2026-10-04
ARG,Argentina,ARG.PCPIPCH.A,PCPIPCH,"All Items, Consumer price index (CPI), Period average, percent change",Annual,Units,Percent,2025,National Statistics Office,2031,7.5,projection,"IMF World Economic Outlook, April 2026",WEOApr2026all.xlsx,2026-10-04
BRA,Brazil,BRA.PCPIPCH.A,PCPIPCH,"All Items, Consumer price index (CPI), Period average, percent change",Annual,Units,Percent,2025,National Statistics Office,1980,90.227,actual,"IMF World Economic Outlook, April 2026",WEOApr2026all.xlsx,2026-10-04
BRA,Brazil,BRA.PCPIPCH.A,PCPIPCH,"All Items, Consumer price index (CPI), Period average, percent change",Annual,Units,Percent,2025,National Statistics Office,1981,101.737,actual,"IMF World Economic Outlook, April 2026",WEOApr2026all.xlsx,2026-10-04
BRA,Brazil,BRA.PCPIPCH.A,PCPIPCH,"All Items, Consumer price index (CPI), Period average, percent change",Annual,Units,Percent,2025,National Statistics Office,1982,100.574,actual,"IMF World Economic Outlook, April 2026",WEOApr2026all.xlsx,2026-10-04
BRA,Brazil,BRA.PCPIPCH.A,PCPIPCH,"All Items, Consumer price index (CPI), Period average, percent change",Annual,Units,Percent,2025,National Statistics Office,1983,135.02,actual,"IMF World Economic Outlook, April 2026",WEOApr2026all.xlsx,2026-10-04
BRA,Brazil,BRA.PCPIPCH.A,PCPIPCH,"All Items, Consumer price index (CPI), Period average, percent change",Annual,Units,Percent,2025,National Statistics Office,1984,192.121,actual,"IMF World Economic Outlook, April 2026",WEOApr2026all.xlsx,2026-10-04
BRA,Brazil,BRA.PCPIPCH.A,PCPIPCH,"All Items, Consumer price index (CPI), Period average, percent change",Annual,Units,Percent,2025,National Statistics Office,1985,226.029,actual,"IMF World Economic Outlook, April 2026",WEOApr2026all.xlsx,2026-10-04
BRA,Brazil,BRA.PCPIPCH.A,PCPIPCH,"All Items, Consumer price index (CPI), Period average, percent change",Annual,Units,Percent,2025,National Statistics Office,1986,147.137,actual,"IMF World Economic Outlook, April 2026",WEOApr2026all.xlsx,2026-10-04
BRA,Brazil,BRA.PCPIPCH.A,PCPIPCH,"All Items, Consumer price index (CPI), Period average, percent change",Annual,Units,Percent,2025,National Statistics Office,1987,228.327,actual,"IMF World Economic Outlook, April 2026",WEOApr2026all.xlsx,2026-10-04
BRA,Brazil,BRA.PCPIPCH.A,PCPIPCH,"All Items, Consumer price index (CPI), Period average, percent change",Annual,Units,Percent,2025,National Statistics Office,1988,629.118,actual,"IMF World Economic Outlook, April 2026",WEOApr2026all.xlsx,2026-10-04
BRA,Brazil,BRA.PCPIPCH.A,PCPIPCH,"All Items, Consumer price index (CPI), Period average, percent change",Annual,Units,Percent,2025,National Statistics Office,1989,1430.724,actual,"IMF World Economic Outlook, April 2026",WEOApr2026all.xlsx,2026-10-04
BRA,Brazil,BRA.PCPIPCH.A,PCPIPCH,"All Items, Consumer price index (CPI), Period average, percent change",Annual,Units,Percent,2025,National Statistics Office,1990,2947.733,actual,"IMF World Economic Outlook, April 2026",WEOApr2026all.xlsx,2026-10-04
BRA,Brazil,BRA.PCPIPCH.A,PCPIPCH,"All Items, Consumer price index (CPI), Period average, percent change",Annual,Units,Percent,2025,National Statistics Office,1991,432.772,actual,"IMF World Economic Outlook, April 2026",WEOApr2026all.xlsx,2026-10-04
BRA,Brazil,BRA.PCPIPCH.A,PCPIPCH,"All Items, Consumer price index (CPI), Period average, percent change",Annual,Units,Percent,2025,National Statistics Office,1992,951.956,actual,"IMF World Economic Outlook, April 2026",WEOApr2026all.xlsx,2026-10-04
BRA,Brazil,BRA.PCPIPCH.A,PCPIPCH,"All Items, Consumer price index (CPI), Period average, percent change",Annual,Units,Percent,2025,National Statistics Office,1993,1927.381,actual,"IMF World Economic Outlook, April 2026",WEOApr2026all.xlsx,2026-10-04
BRA,Brazil,BRA.PCPIPCH.A,PCPIPCH,"All Items, Consumer price index (CPI), Period average, percent change",Annual,Units,Percent,2025,National Statistics Office,1994,2075.827,actual,"IMF World Economic Outlook, April 2026",WEOApr2026all.xlsx,2026-10-04
BRA,Brazil,BRA.PCPIPCH.A,PCPIPCH,"All Items, Consumer price index (CPI), Period average, percent change",Annual,Units,Percent,2025,National Statistics Office,1995,66.008,actual,"IMF World Economic Outlook, April 2026",WEOApr2026all.xlsx,2026-10-04
BRA,Brazil,BRA.PCPIPCH.A,PCPIPCH,"All Items, Consumer price index (CPI), Period average, percent change",Annual,Units,Percent,2025,National Statistics Office,1996,15.757,actual,"IMF World Economic Outlook, April 2026",WEOApr2026all.xlsx,2026-10-04
BRA,Brazil,BRA.PCPIPCH.A,PCPIPCH,"All Items, Consumer price index (CPI), Period average, percent change",Annual,Units,Percent,2025,National Statistics Office,1997,6.926,actual,"IMF World Economic Outlook, April 2026",WEOApr2026all.xlsx,2026-10-04
BRA,Brazil,BRA.PCPIPCH.A,PCPIPCH,"All Items, Consumer price index (CPI), Period average, percent change",Annual,Units,Percent,2025,National Statistics Office,1998,3.196,actual,"IMF World Economic Outlook, April 2026",WEOApr2026all.xlsx,2026-10-04
BRA,Brazil,BRA.PCPIPCH.A,PCPIPCH,"All Items, Consumer price index (CPI), Period average, percent change",Annual,Units,Percent,2025,National Statistics Office,1999,4.859,actual,"IMF World Economic Outlook, April 2026",WEOApr2026all.xlsx,2026-10-04
BRA,Brazil,BRA.PCPIPCH.A,PCPIPCH,"All Items, Consumer price index (CPI), Period average, percent change",Annual,Units,Percent,2025,National Statistics Office,2000,7.044,actual,"IMF World Economic Outlook, April 2026",WEOApr2026all.xlsx,2026-10-04
BRA,Brazil,BRA.PCPIPCH.A,PCPIPCH,"All Items, Consumer price index (CPI), Period average, percent change",Annual,Units,Percent,2025,National Statistics Office,2001,6.84,actual,"IMF World Economic Outlook, April 2026",WEOApr2026all.xlsx,2026-10-04
BRA,Brazil,BRA.PCPIPCH.A,PCPIPCH,"All Items, Consumer price index (CPI), Period average, percent change",Annual,Units,Percent,2025,National Statistics Office,2002,8.45,actual,"IMF World Economic Outlook, April 2026",WEOApr2026all.xlsx,2026-10-04
BRA,Brazil,BRA.PCPIPCH.A,PCPIPCH,"All Items, Consumer price index (CPI), Period average, percent change",Annual,Units,Percent,2025,National Statistics Office,2003,14.714,actual,"IMF World Economic Outlook, April 2026",WEOApr2026all.xlsx,2026-10-04
BRA,Brazil,BRA.PCPIPCH.A,PCPIPCH,"All Items, Consumer price index (CPI), Period average, percent change",Annual,Units,Percent,2025,National Statistics Office,2004,6.598,actual,"IMF World Economic Outlook, April 2026",WEOApr2026all.xlsx,2026-10-04
BRA,Brazil,BRA.PCPIPCH.A,PCPIPCH,"All Items, Consumer price index (CPI), Period average, percent change",Annual,Units,Percent,2025,National Statistics Office,2005,6.87,actual,"IMF World Economic Outlook, April 2026",WEOApr2026all.xlsx,2026-10-04
BRA,Brazil,BRA.PCPIPCH.A,PCPIPCH,"All Items, Consumer price index (CPI), Period average, percent change",Annual,Units,Percent,2025,National Statistics Office,2006,4.184,actual,"IMF World Economic Outlook, April 2026",WEOApr2026all.xlsx,2026-10-04
BRA,Brazil,BRA.PCPIPCH.A,PCPIPCH,"All Items, Consumer price index (CPI), Period average, percent change",Annual,Units,Percent,2025,National Statistics Office,2007,3.641,actual,"IMF World Economic Outlook, April 2026",WEOApr2026all.xlsx,2026-10-04
BRA,Brazil,BRA.PCPIPCH.A,PCPIPCH,"All Items, Consumer price index (CPI), Period average, percent change",Annual,Units,Percent,2025,National Statistics Office,2008,5.678,actual,"IMF World Economic Outlook, April 2026",WEOApr2026all.xlsx,2026-10-04
BRA,Brazil,BRA.PCPIPCH.A,PCPIPCH,"All Items, Consumer price index (CPI), Period average, percent change",Annual,Units,Percent,2025,National Statistics Office,2009,4.888,actual,"IMF World Economic Outlook, April 2026",WEOApr2026all.xlsx,2026-10-04
BRA,Brazil,BRA.PCPIPCH.A,PCPIPCH,"All Items, Consumer price index (CPI), Period average, percent change",Annual,Units,Percent,2025,National Statistics Office,2010,5.039,actual,"IMF World Economic Outlook, April 2026",WEOApr2026all.xlsx,2026-10-04
BRA,Brazil,BRA.PCPIPCH.A,PCPIPCH,"All Items, Consumer price index (CPI), Period average, percent change",Annual,Units,Percent,2025,National Statistics Office,2011,6.636,actual,"IMF World Economic Outlook, April 2026",WEOApr2026all.xlsx,2026-10-04
BRA,Brazil,BRA.PCPIPCH.A,PCPIPCH,"All Items, Consumer price index (CPI), Period average, percent change",Annual,Units,Percent,2025,National Statistics Office,2012,5.404,actual,"IMF World Economic Outlook, April 2026",WEOApr2026all.xlsx,2026-10-04
BRA,Brazil,BRA.PCPIPCH.A,PCPIPCH,"All Items, Consumer price index (CPI), Period average, percent change",Annual,Units,Percent,2025,National Statistics Office,2013,6.204,actual,"IMF World Economic Outlook, April 2026",WEOApr2026all.xlsx,2026-10-04
BRA,Brazil,BRA.PCPIPCH.A,PCPIPCH,"All Items, Consumer price index (CPI), Period average, percent change",Annual,Units,Percent,2025,National Statistics Office,2014,6.329,actual,"IMF World Economic Outlook, April 2026",WEOApr2026all.xlsx,2026-10-04
BRA,Brazil,BRA.PCPIPCH.A,PCPIPCH,"All Items, Consumer price index (CPI), Period average, percent change",Annual,Units,Percent,2025,National Statistics Office,2015,9.03,actual,"IMF World Economic Outlook, April 2026",WEOApr2026all.xlsx,2026-10-04
BRA,Brazil,BRA.PCPIPCH.A,PCPIPCH,"All Items, Consumer price index (CPI), Period average, percent change",Annual,Units,Percent,2025,National Statistics Office,2016,8.74,actual,"IMF World Economic Outlook, April 2026",WEOApr2026all.xlsx,2026-10-04
BRA,Brazil,BRA.PCPIPCH.A,PCPIPCH,"All Items, Consumer price index (CPI), Period average, percent change",Annual,Units,Percent,2025,National Statistics Office,2017,3.446,actual,"IMF World Economic Outlook, April 2026",WEOApr2026all.xlsx,2026-10-04
BRA,Brazil,BRA.PCPIPCH.A,PCPIPCH,"All Items, Consumer price index (CPI), Period average, percent change",Annual,Units,Percent,2025,National Statistics Office,2018,3.665,actual,"IMF World Economic Outlook, April 2026",WEOApr2026all.xlsx,2026-10-04
BRA,Brazil,BRA.PCPIPCH.A,PCPIPCH,"All Items, Consumer price index (CPI), Period average, percent change",Annual,Units,Percent,2025,National Statistics Office,2019,3.733,actual,"IMF World Economic Outlook, April 2026",WEOApr2026all.xlsx,2026-10-04
BRA,Brazil,BRA.PCPIPCH.A,PCPIPCH,"All Items, Consumer price index (CPI), Period average, percent change",Annual,Units,Percent,2025,National Statistics Office,2020,3.212,actual,"IMF World Economic Outlook, April 2026",WEOApr2026all.xlsx,2026-10-04
BRA,Brazil,BRA.PCPIPCH.A,PCPIPCH,"All Items, Consumer price index (CPI), Period average, percent change",Annual,Units,Percent,2025,National Statistics Office,2021,8.302,actual,"IMF World Economic Outlook, April 2026",WEOApr2026all.xlsx,2026-10-04
BRA,Brazil,BRA.PCPIPCH.A,PCPIPCH,"All Items, Consumer price index (CPI), Period average, percent change",Annual,Units,Percent,2025,National Statistics Office,2022,9.28,actual,"IMF World Economic Outlook, April 2026",WEOApr2026all.xlsx,2026-10-04
BRA,Brazil,BRA.PCPIPCH.A,PCPIPCH,"All Items, Consumer price index (CPI), Period average, percent change",Annual,Units,Percent,2025,National Statistics Office,2023,4.594,actual,"IMF World Economic Outlook, April 2026",WEOApr2026all.xlsx,2026-10-04
BRA,Brazil,BRA.PCPIPCH.A,PCPIPCH,"All Items, Consumer price index (CPI), Period average, percent change",Annual,Units,Percent,2025,National Statistics Office,2024,4.367,actual,"IMF World Economic Outlook, April 2026",WEOApr2026all.xlsx,2026-10-04
BRA,Brazil,BRA.PCPIPCH.A,PCPIPCH,"All Items, Consumer price index (CPI), Period average, percent change",Annual,Units,Percent,2025,National Statistics Office,2025,5.017,actual,"IMF World Economic Outlook, April 2026",WEOApr2026all.xlsx,2026-10-04
BRA,Brazil,BRA.PCPIPCH.A,PCPIPCH,"All Items, Consumer price index (CPI), Period average, percent change",Annual,Units,Percent,2025,National Statistics Office,2026,3.997,projection,"IMF World Economic Outlook, April 2026",WEOApr2026all.xlsx,2026-10-04
BRA,Brazil,BRA.PCPIPCH.A,PCPIPCH,"All Items, Consumer price index (CPI), Period average, percent change",Annual,Units,Percent,2025,National Statistics Office,2027,3.353,projection,"IMF World Economic Outlook, April 2026",WEOApr2026all.xlsx,2026-10-04
BRA,Brazil,BRA.PCPIPCH.A,PCPIPCH,"All Items, Consumer price index (CPI), Period average, percent change",Annual,Units,Percent,2025,National Statistics Office,2028,2.996,projection,"IMF World Economic Outlook, April 2026",WEOApr2026all.xlsx,2026-10-04
BRA,Brazil,BRA.PCPIPCH.A,PCPIPCH,"All Items, Consumer price index (CPI), Period average, percent change",Annual,Units,Percent,2025,National Statistics Office,2029,2.989,projection,"IMF World Economic Outlook, April 2026",WEOApr2026all.xlsx,2026-10-04
BRA,Brazil,BRA.PCPIPCH.A,PCPIPCH,"All Items, Consumer price index (CPI), Period average, percent change",Annual,Units,Percent,2025,National Statistics Office,2030,3.0,projection,"IMF World Economic Outlook, April 2026",WEOApr2026all.xlsx,2026-10-04
BRA,Brazil,BRA.PCPIPCH.A,PCPIPCH,"All Items, Consumer price index (CPI), Period average, percent change",Annual,Units,Percent,2025,National Statistics Office,2031,2.995,projection,"IMF World Economic Outlook, April 2026",WEOApr2026all.xlsx,2026-10-04
CHL,Chile,CHL.PCPIPCH.A,PCPIPCH,"All Items, Consumer price index (CPI), Period average, percent change",Annual,Units,Percent,2025,National Statistics Office,1980,35.138,actual,"IMF World Economic Outlook, April 2026",WEOApr2026all.xlsx,2026-10-04
CHL,Chile,CHL.PCPIPCH.A,PCPIPCH,"All Items, Consumer price index (CPI), Period average, percent change",Annual,Units,Percent,2025,National Statistics Office,1981,19.687,actual,"IMF World Economic Outlook, April 2026",WEOApr2026all.xlsx,2026-10-04
CHL,Chile,CHL.PCPIPCH.A,PCPIPCH,"All Items, Consumer price index (CPI), Period average, percent change",Annual,Units,Percent,2025,National Statistics Office,1982,9.941,actual,"IMF World Economic Outlook, April 2026",WEOApr2026all.xlsx,2026-10-04
CHL,Chile,CHL.PCPIPCH.A,PCPIPCH,"All Items, Consumer price index (CPI), Period average, percent change",Annual,Units,Percent,2025,National Statistics Office,1983,27.257,actual,"IMF World Economic Outlook, April 2026",WEOApr2026all.xlsx,2026-10-04
CHL,Chile,CHL.PCPIPCH.A,PCPIPCH,"All Items, Consumer price index (CPI), Period average, percent change",Annual,Units,Percent,2025,National Statistics Office,1984,19.86,actual,"IMF World Economic Outlook, April 2026",WEOApr2026all.xlsx,2026-10-04
CHL,Chile,CHL.PCPIPCH.A,PCPIPCH,"All Items, Consumer price index (CPI), Period average, percent change",Annual,Units,Percent,2025,National Statistics Office,1985,30.703,actual,"IMF World Economic Outlook, April 2026",WEOApr2026all.xlsx,2026-10-04
CHL,Chile,CHL.PCPIPCH.A,PCPIPCH,"All Items, Consumer price index (CPI), Period average, percent change",Annual,Units,Percent,2025,National Statistics Office,1986,19.477,actual,"IMF World Economic Outlook, April 2026",WEOApr2026all.xlsx,2026-10-04
CHL,Chile,CHL.PCPIPCH.A,PCPIPCH,"All Items, Consumer price index (CPI), Period average, percent change",Annual,Units,Percent,2025,National Statistics Office,1987,19.881,actual,"IMF World Economic Outlook, April 2026",WEOApr2026all.xlsx,2026-10-04
CHL,Chile,CHL.PCPIPCH.A,PCPIPCH,"All Items, Consumer price index (CPI), Period average, percent change",Annual,Units,Percent,2025,National Statistics Office,1988,14.684,actual,"IMF World Economic Outlook, April 2026",WEOApr2026all.xlsx,2026-10-04
CHL,Chile,CHL.PCPIPCH.A,PCPIPCH,"All Items, Consumer price index (CPI), Period average, percent change",Annual,Units,Percent,2025,National Statistics Office,1989,17.028,actual,"IMF World Economic Outlook, April 2026",WEOApr2026all.xlsx,2026-10-04
CHL,Chile,CHL.PCPIPCH.A,PCPIPCH,"All Items, Consumer price index (CPI), Period average, percent change",Annual,Units,Percent,2025,National Statistics Office,1990,26.036,actual,"IMF World Economic Outlook, April 2026",WEOApr2026all.xlsx,2026-10-04
CHL,Chile,CHL.PCPIPCH.A,PCPIPCH,"All Items, Consumer price index (CPI), Period average, percent change",Annual,Units,Percent,2025,National Statistics Office,1991,21.784,actual,"IMF World Economic Outlook, April 2026",WEOApr2026all.xlsx,2026-10-04
CHL,Chile,CHL.PCPIPCH.A,PCPIPCH,"All Items, Consumer price index (CPI), Period average, percent change",Annual,Units,Percent,2025,National Statistics Office,1992,15.426,actual,"IMF World Economic Outlook, April 2026",WEOApr2026all.xlsx,2026-10-04
CHL,Chile,CHL.PCPIPCH.A,PCPIPCH,"All Items, Consumer price index (CPI), Period average, percent change",Annual,Units,Percent,2025,National Statistics Office,1993,12.728,actual,"IMF World Economic Outlook, April 2026",WEOApr2026all.xlsx,2026-10-04
CHL,Chile,CHL.PCPIPCH.A,PCPIPCH,"All Items, Consumer price index (CPI), Period average, percent change",Annual,Units,Percent,2025,National Statistics Office,1994,11.443,actual,"IMF World Economic Outlook, April 2026",WEOApr2026all.xlsx,2026-10-04
CHL,Chile,CHL.PCPIPCH.A,PCPIPCH,"All Items, Consumer price index (CPI), Period average, percent change",Annual,Units,Percent,2025,National Statistics Office,1995,8.233,actual,"IMF World Economic Outlook, April 2026",WEOApr2026all.xlsx,2026-10-04
CHL,Chile,CHL.PCPIPCH.A,PCPIPCH,"All Items, Consumer price index (CPI), Period average, percent change",Annual,Units,Percent,2025,National Statistics Office,1996,7.359,actual,"IMF World Economic Outlook, April 2026",WEOApr2026all.xlsx,2026-10-04
CHL,Chile,CHL.PCPIPCH.A,PCPIPCH,"All Items, Consumer price index (CPI), Period average, percent change",Annual,Units,Percent,2025,National Statistics Office,1997,6.134,actual,"IMF World Economic Outlook, April 2026",WEOApr2026all.xlsx,2026-10-04
CHL,Chile,CHL.PCPIPCH.A,PCPIPCH,"All Items, Consumer price index (CPI), Period average, percent change",Annual,Units,Percent,2025,National Statistics Office,1998,5.11,actual,"IMF World Economic Outlook, April 2026",WEOApr2026all.xlsx,2026-10-04
CHL,Chile,CHL.PCPIPCH.A,PCPIPCH,"All Items, Consumer price index (CPI), Period average, percent change",Annual,Units,Percent,2025,National Statistics Office,1999,3.337,actual,"IMF World Economic Outlook, April 2026",WEOApr2026all.xlsx,2026-10-04
CHL,Chile,CHL.PCPIPCH.A,PCPIPCH,"All Items, Consumer price index (CPI), Period average, percent change",Annual,Units,Percent,2025,National Statistics Office,2000,3.843,actual,"IMF World Economic Outlook, April 2026",WEOApr2026all.xlsx,2026-10-04
CHL,Chile,CHL.PCPIPCH.A,PCPIPCH,"All Items, Consumer price index (CPI), Period average, percent change",Annual,Units,Percent,2025,National Statistics Office,2001,3.569,actual,"IMF World Economic Outlook, April 2026",WEOApr2026all.xlsx,2026-10-04
CHL,Chile,CHL.PCPIPCH.A,PCPIPCH,"All Items, Consumer price index (CPI), Period average, percent change",Annual,Units,Percent,2025,National Statistics Office,2002,2.489,actual,"IMF World Economic Outlook, April 2026",WEOApr2026all.xlsx,2026-10-04
CHL,Chile,CHL.PCPIPCH.A,PCPIPCH,"All Items, Consumer price index (CPI), Period average, percent change",Annual,Units,Percent,2025,National Statistics Office,2003,2.81,actual,"IMF World Economic Outlook, April 2026",WEOApr2026all.xlsx,2026-10-04
CHL,Chile,CHL.PCPIPCH.A,PCPIPCH,"All Items, Consumer price index (CPI), Period average, percent change",Annual,Units,Percent,2025,National Statistics Office,2004,1.055,actual,"IMF World Economic Outlook, April 2026",WEOApr2026all.xlsx,2026-10-04
CHL,Chile,CHL.PCPIPCH.A,PCPIPCH,"All Items, Consumer price index (CPI), Period average, percent change",Annual,Units,Percent,2025,National Statistics Office,2005,3.052,actual,"IMF World Economic Outlook, April 2026",WEOApr2026all.xlsx,2026-10-04
CHL,Chile,CHL.PCPIPCH.A,PCPIPCH,"All Items, Consumer price index (CPI), Period average, percent change",Annual,Units,Percent,2025,National Statistics Office,2006,3.392,actual,"IMF World Economic Outlook, April 2026",WEOApr2026all.xlsx,2026-10-04
CHL,Chile,CHL.PCPIPCH.A,PCPIPCH,"All Items, Consumer price index (CPI), Period average, percent change",Annual,Units,Percent,2025,National Statistics Office,2007,4.408,actual,"IMF World Economic Outlook, April 2026",WEOApr2026all.xlsx,2026-10-04
CHL,Chile,CHL.PCPIPCH.A,PCPIPCH,"All Items, Consumer price index (CPI), Period average, percent change",Annual,Units,Percent,2025,National Statistics Office,2008,8.716,actual,"IMF World Economic Outlook, April 2026",WEOApr2026all.xlsx,2026-10-04
CHL,Chile,CHL.PCPIPCH.A,PCPIPCH,"All Items, Consumer price index (CPI), Period average, percent change",Annual,Units,Percent,2025,National Statistics Office,2009,1.484,actual,"IMF World Economic Outlook, April 2026",WEOApr2026all.xlsx,2026-10-04
CHL,Chile,CHL.PCPIPCH.A,PCPIPCH,"All Items, Consumer price index (CPI), Period average, percent change",Annual,Units,Percent,2025,National Statistics Office,2010,1.41,actual,"IMF World Economic Outlook, April 2026",WEOApr2026all.xlsx,2026-10-04
CHL,Chile,CHL.PCPIPCH.A,PCPIPCH,"All Items, Consumer price index (CPI), Period average, percent change",Annual,Units,Percent,2025,National Statistics Office,2011,3.341,actual,"IMF World Economic Outlook, April 2026",WEOApr2026all.xlsx,2026-10-04
CHL,Chile,CHL.PCPIPCH.A,PCPIPCH,"All Items, Consumer price index (CPI), Period average, percent change",Annual,Units,Percent,2025,National Statistics Office,2012,3.006,actual,"IMF World Economic Outlook, April 2026",WEOApr2026all.xlsx,2026-10-04
CHL,Chile,CHL.PCPIPCH.A,PCPIPCH,"All Items, Consumer price index (CPI), Period average, percent change",Annual,Units,Percent,2025,National Statistics Office,2013,1.794,actual,"IMF World Economic Outlook, April 2026",WEOApr2026all.xlsx,2026-10-04
CHL,Chile,CHL.PCPIPCH.A,PCPIPCH,"All Items, Consumer price index (CPI), Period average, percent change",Annual,Units,Percent,2025,National Statistics Office,2014,4.715,actual,"IMF World Economic Outlook, April 2026",WEOApr2026all.xlsx,2026-10-04
CHL,Chile,CHL.PCPIPCH.A,PCPIPCH,"All Items, Consumer price index (CPI), Period average, percent change",Annual,Units,Percent,2025,National Statistics Office,2015,4.349,actual,"IMF World Economic Outlook, April 2026",WEOApr2026all.xlsx,2026-10-04
CHL,Chile,CHL.PCPIPCH.A,PCPIPCH,"All Items, Consumer price index (CPI), Period average, percent change",Annual,Units,Percent,2025,National Statistics Office,2016,3.787,actual,"IMF World Economic Outlook, April 2026",WEOApr2026all.xlsx,2026-10-04
CHL,Chile,CHL.PCPIPCH.A,PCPIPCH,"All Items, Consumer price index (CPI), Period average, percent change",Annual,Units,Percent,2025,National Statistics Office,2017,2.182,actual,"IMF World Economic Outlook, April 2026",WEOApr2026all.xlsx,2026-10-04
CHL,Chile,CHL.PCPIPCH.A,PCPIPCH,"All Items, Consumer price index (CPI), Period average, percent change",Annual,Units,Percent,2025,National Statistics Office,2018,2.319,actual,"IMF World Economic Outlook, April 2026",WEOApr2026all.xlsx,2026-10-04
CHL,Chile,CHL.PCPIPCH.A,PCPIPCH,"All Items, Consumer price index (CPI), Period average, percent change",Annual,Units,Percent,2025,National Statistics Office,2019,2.254,actual,"IMF World Economic Outlook, April 2026",WEOApr2026all.xlsx,2026-10-04
CHL,Chile,CHL.PCPIPCH.A,PCPIPCH,"All Items, Consumer price index (CPI), Period average, percent change",Annual,Units,Percent,2025,National Statistics Office,2020,3.045,actual,"IMF World Economic Outlook, April 2026",WEOApr2026all.xlsx,2026-10-04
CHL,Chile,CHL.PCPIPCH.A,PCPIPCH,"All Items, Consumer price index (CPI), Period average, percent change",Annual,Units,Percent,2025,National Statistics Office,2021,4.525,actual,"IMF World Economic Outlook, April 2026",WEOApr2026all.xlsx,2026-10-04
CHL,Chile,CHL.PCPIPCH.A,PCPIPCH,"All Items, Consumer price index (CPI), Period average, percent change",Annual,Units,Percent,2025,National Statistics Office,2022,11.644,actual,"IMF World Economic Outlook, April 2026",WEOApr2026all.xlsx,2026-10-04
CHL,Chile,CHL.PCPIPCH.A,PCPIPCH,"All Items, Consumer price index (CPI), Period average, percent change",Annual,Units,Percent,2025,National Statistics Office,2023,7.582,actual,"IMF World Economic Outlook, April 2026",WEOApr2026all.xlsx,2026-10-04
CHL,Chile,CHL.PCPIPCH.A,PCPIPCH,"All Items, Consumer price index (CPI), Period average, percent change",Annual,Units,Percent,2025,National Statistics Office,2024,3.927,actual,"IMF World Economic Outlook, April 2026",WEOApr2026all.xlsx,2026-10-04
CHL,Chile,CHL.PCPIPCH.A,PCPIPCH,"All Items, Consumer price index (CPI), Period average, percent change",Annual,Units,Percent,2025,National Statistics Office,2025,4.212,actual,"IMF World Economic Outlook, April 2026",WEOApr2026all.xlsx,2026-10-04
CHL,Chile,CHL.PCPIPCH.A,PCPIPCH,"All Items, Consumer price index (CPI), Period average, percent change",Annual,Units,Percent,2025,National Statistics Office,2026,2.905,projection,"IMF World Economic Outlook, April 2026",WEOApr2026all.xlsx,2026-10-04
CHL,Chile,CHL.PCPIPCH.A,PCPIPCH,"All Items, Consumer price index (CPI), Period average, percent change",Annual,Units,Percent,2025,National Statistics Office,2027,3.329,projection,"IMF World Economic Outlook, April 2026",WEOApr2026all.xlsx,2026-10-04
CHL,Chile,CHL.PCPIPCH.A,PCPIPCH,"All Items, Consumer price index (CPI), Period average, percent change",Annual,Units,Percent,2025,National Statistics Office,2028,3.0,projection,"IMF World Economic Outlook, April 2026",WEOApr2026all.xlsx,2026-10-04
CHL,Chile,CHL.PCPIPCH.A,PCPIPCH,"All Items, Consumer price index (CPI), Period average, percent change",Annual,Units,Percent,2025,National Statistics Office,2029,3.0,projection,"IMF World Economic Outlook, April 2026",WEOApr2026all.xlsx,2026-10-04
CHL,Chile,CHL.PCPIPCH.A,PCPIPCH,"All Items, Consumer price index (CPI), Period average, percent change",Annual,Units,Percent,2025,National Statistics Office,2030,3.0,projection,"IMF World Economic Outlook, April 2026",WEOApr2026all.xlsx,2026-10-04
CHL,Chile,CHL.PCPIPCH.A,PCPIPCH,"All Items, Consumer price index (CPI), Period average, percent change",Annual,Units,Percent,2025,National Statistics Office,2031,3.0,projection,"IMF World Economic Outlook, April 2026",WEOApr2026all.xlsx,2026-10-04
COL,Colombia,COL.PCPIPCH.A,PCPIPCH,"All Items, Consumer price index (CPI), Period average, percent change",Annual,Units,Percent,2025,National Statistics Office,1980,25.932,actual,"IMF World Economic Outlook, April 2026",WEOApr2026all.xlsx,2026-10-04
COL,Colombia,COL.PCPIPCH.A,PCPIPCH,"All Items, Consumer price index (CPI), Period average, percent change",Annual,Units,Percent,2025,National Statistics Office,1981,27.393,actual,"IMF World Economic Outlook, April 2026",WEOApr2026all.xlsx,2026-10-04
COL,Colombia,COL.PCPIPCH.A,PCPIPCH,"All Items, Consumer price index (CPI), Period average, percent change",Annual,Units,Percent,2025,National Statistics Office,1982,24.86,actual,"IMF World Economic Outlook, April 2026",WEOApr2026all.xlsx,2026-10-04
COL,Colombia,COL.PCPIPCH.A,PCPIPCH,"All Items, Consumer price index (CPI), Period average, percent change",Annual,Units,Percent,2025,National Statistics Office,1983,19.526,actual,"IMF World Economic Outlook, April 2026",WEOApr2026all.xlsx,2026-10-04
COL,Colombia,COL.PCPIPCH.A,PCPIPCH,"All Items, Consumer price index (CPI), Period average, percent change",Annual,Units,Percent,2025,National Statistics Office,1984,16.283,actual,"IMF World Economic Outlook, April 2026",WEOApr2026all.xlsx,2026-10-04
COL,Colombia,COL.PCPIPCH.A,PCPIPCH,"All Items, Consumer price index (CPI), Period average, percent change",Annual,Units,Percent,2025,National Statistics Office,1985,23.906,actual,"IMF World Economic Outlook, April 2026",WEOApr2026all.xlsx,2026-10-04
COL,Colombia,COL.PCPIPCH.A,PCPIPCH,"All Items, Consumer price index (CPI), Period average, percent change",Annual,Units,Percent,2025,National Statistics Office,1986,18.848,actual,"IMF World Economic Outlook, April 2026",WEOApr2026all.xlsx,2026-10-04
COL,Colombia,COL.PCPIPCH.A,PCPIPCH,"All Items, Consumer price index (CPI), Period average, percent change",Annual,Units,Percent,2025,National Statistics Office,1987,23.334,actual,"IMF World Economic Outlook, April 2026",WEOApr2026all.xlsx,2026-10-04
COL,Colombia,COL.PCPIPCH.A,PCPIPCH,"All Items, Consumer price index (CPI), Period average, percent change",Annual,Units,Percent,2025,National Statistics Office,1988,28.1,actual,"IMF World Economic Outlook, April 2026",WEOApr2026all.xlsx,2026-10-04
COL,Colombia,COL.PCPIPCH.A,PCPIPCH,"All Items, Consumer price index (CPI), Period average, percent change",Annual,Units,Percent,2025,National Statistics Office,1989,25.935,actual,"IMF World Economic Outlook, April 2026",WEOApr2026all.xlsx,2026-10-04
COL,Colombia,COL.PCPIPCH.A,PCPIPCH,"All Items, Consumer price index (CPI), Period average, percent change",Annual,Units,Percent,2025,National Statistics Office,1990,29.115,actual,"IMF World Economic Outlook, April 2026",WEOApr2026all.xlsx,2026-10-04
COL,Colombia,COL.PCPIPCH.A,PCPIPCH,"All Items, Consumer price index (CPI), Period average, percent change",Annual,Units,Percent,2025,National Statistics Office,1991,30.318,actual,"IMF World Economic Outlook, April 2026",WEOApr2026all.xlsx,2026-10-04
COL,Colombia,COL.PCPIPCH.A,PCPIPCH,"All Items, Consumer price index (CPI), Period average, percent change",Annual,Units,Percent,2025,National Statistics Office,1992,27.02,actual,"IMF World Economic Outlook, April 2026",WEOApr2026all.xlsx,2026-10-04
COL,Colombia,COL.PCPIPCH.A,PCPIPCH,"All Items, Consumer price index (CPI), Period average, percent change",Annual,Units,Percent,2025,National Statistics Office,1993,22.449,actual,"IMF World Economic Outlook, April 2026",WEOApr2026all.xlsx,2026-10-04
COL,Colombia,COL.PCPIPCH.A,PCPIPCH,"All Items, Consumer price index (CPI), Period average, percent change",Annual,Units,Percent,2025,National Statistics Office,1994,22.851,actual,"IMF World Economic Outlook, April 2026",WEOApr2026all.xlsx,2026-10-04
COL,Colombia,COL.PCPIPCH.A,PCPIPCH,"All Items, Consumer price index (CPI), Period average, percent change",Annual,Units,Percent,2025,National Statistics Office,1995,20.884,actual,"IMF World Economic Outlook, April 2026",WEOApr2026all.xlsx,2026-10-04
COL,Colombia,COL.PCPIPCH.A,PCPIPCH,"All Items, Consumer price index (CPI), Period average, percent change",Annual,Units,Percent,2025,National Statistics Office,1996,20.803,actual,"IMF World Economic Outlook, April 2026",WEOApr2026all.xlsx,2026-10-04
COL,Colombia,COL.PCPIPCH.A,PCPIPCH,"All Items, Consumer price index (CPI), Period average, percent change",Annual,Units,Percent,2025,National Statistics Office,1997,18.476,actual,"IMF World Economic Outlook, April 2026",WEOApr2026all.xlsx,2026-10-04
COL,Colombia,COL.PCPIPCH.A,PCPIPCH,"All Items, Consumer price index (CPI), Period average, percent change",Annual,Units,Percent,2025,National Statistics Office,1998,18.65,actual,"IMF World Economic Outlook, April 2026",WEOApr2026all.xlsx,2026-10-04
COL,Colombia,COL.PCPIPCH.A,PCPIPCH,"All Items, Consumer price index (CPI), Period average, percent change",Annual,Units,Percent,2025,National Statistics Office,1999,10.876,actual,"IMF World Economic Outlook, April 2026",WEOApr2026all.xlsx,2026-10-04
COL,Colombia,COL.PCPIPCH.A,PCPIPCH,"All Items, Consumer price index (CPI), Period average, percent change",Annual,Units,Percent,2025,National Statistics Office,2000,9.218,actual,"IMF World Economic Outlook, April 2026",WEOApr2026all.xlsx,2026-10-04
COL,Colombia,COL.PCPIPCH.A,PCPIPCH,"All Items, Consumer price index (CPI), Period average, percent change",Annual,Units,Percent,2025,National Statistics Office,2001,7.958,actual,"IMF World Economic Outlook, April 2026",WEOApr2026all.xlsx,2026-10-04
COL,Colombia,COL.PCPIPCH.A,PCPIPCH,"All Items, Consumer price index (CPI), Period average, percent change",Annual,Units,Percent,2025,National Statistics Office,2002,6.35,actual,"IMF World Economic Outlook, April 2026",WEOApr2026all.xlsx,2026-10-04
COL,Colombia,COL.PCPIPCH.A,PCPIPCH,"All Items, Consumer price index (CPI), Period average, percent change",Annual,Units,Percent,2025,National Statistics Office,2003,7.12,actual,"IMF World Economic Outlook, April 2026",WEOApr2026all.xlsx,2026-10-04
COL,Colombia,COL.PCPIPCH.A,PCPIPCH,"All Items, Consumer price index (CPI), Period average, percent change",Annual,Units,Percent,2025,National Statistics Office,2004,5.906,actual,"IMF World Economic Outlook, April 2026",WEOApr2026all.xlsx,2026-10-04
COL,Colombia,COL.PCPIPCH.A,PCPIPCH,"All Items, Consumer price index (CPI), Period average, percent change",Annual,Units,Percent,2025,National Statistics Office,2005,5.048,actual,"IMF World Economic Outlook, April 2026",WEOApr2026all.xlsx,2026-10-04
COL,Colombia,COL.PCPIPCH.A,PCPIPCH,"All Items, Consumer price index (CPI), Period average, percent change",Annual,Units,Percent,2025,National Statistics Office,2006,4.303,actual,"IMF World Economic Outlook, April 2026",WEOApr2026all.xlsx,2026-10-04
COL,Colombia,COL.PCPIPCH.A,PCPIPCH,"All Items, Consumer price index (CPI), Period average, percent change",Annual,Units,Percent,2025,National Statistics Office,2007,5.543,actual,"IMF World Economic Outlook, April 2026",WEOApr2026all.xlsx,2026-10-04
COL,Colombia,COL.PCPIPCH.A,PCPIPCH,"All Items, Consumer price index (CPI), Period average, percent change",Annual,Units,Percent,2025,National Statistics Office,2008,7.001,actual,"IMF World Economic Outlook, April 2026",WEOApr2026all.xlsx,2026-10-04
COL,Colombia,COL.PCPIPCH.A,PCPIPCH,"All Items, Consumer price index (CPI), Period average, percent change",Annual,Units,Percent,2025,National Statistics Office,2009,4.193,actual,"IMF World Economic Outlook, April 2026",WEOApr2026all.xlsx,2026-10-04
COL,Colombia,COL.PCPIPCH.A,PCPIPCH,"All Items, Consumer price index (CPI), Period average, percent change",Annual,Units,Percent,2025,National Statistics Office,2010,2.268,actual,"IMF World Economic Outlook, April 2026",WEOApr2026all.xlsx,2026-10-04
COL,Colombia,COL.PCPIPCH.A,PCPIPCH,"All Items, Consumer price index (CPI), Period average, percent change",Annual,Units,Percent,2025,National Statistics Office,2011,3.415,actual,"IMF World Economic Outlook, April 2026",WEOApr2026all.xlsx,2026-10-04
COL,Colombia,COL.PCPIPCH.A,PCPIPCH,"All Items, Consumer price index (CPI), Period average, percent change",Annual,Units,Percent,2025,National Statistics Office,2012,3.174,actual,"IMF World Economic Outlook, April 2026",WEOApr2026all.xlsx,2026-10-04
COL,Colombia,COL.PCPIPCH.A,PCPIPCH,"All Items, Consumer price index (CPI), Period average, percent change",Annual,Units,Percent,2025,National Statistics Office,2013,2.022,actual,"IMF World Economic Outlook, April 2026",WEOApr2026all.xlsx,2026-10-04
COL,Colombia,COL.PCPIPCH.A,PCPIPCH,"All Items, Consumer price index (CPI), Period average, percent change",Annual,Units,Percent,2025,National Statistics Office,2014,2.905,actual,"IMF World Economic Outlook, April 2026",WEOApr2026all.xlsx,2026-10-04
COL,Colombia,COL.PCPIPCH.A,PCPIPCH,"All Items, Consumer price index (CPI), Period average, percent change",Annual,Units,Percent,2025,National Statistics Office,2015,4.991,actual,"IMF World Economic Outlook, April 2026",WEOApr2026all.xlsx,2026-10-04
COL,Colombia,COL.PCPIPCH.A,PCPIPCH,"All Items, Consumer price index (CPI), Period average, percent change",Annual,Units,Percent,2025,National Statistics Office,2016,7.507,actual,"IMF World Economic Outlook, April 2026",WEOApr2026all.xlsx,2026-10-04
COL,Colombia,COL.PCPIPCH.A,PCPIPCH,"All Items, Consumer price index (CPI), Period average, percent change",Annual,Units,Percent,2025,National Statistics Office,2017,4.311,actual,"IMF World Economic Outlook, April 2026",WEOApr2026all.xlsx,2026-10-04
COL,Colombia,COL.PCPIPCH.A,PCPIPCH,"All Items, Consumer price index (CPI), Period average, percent change",Annual,Units,Percent,2025,National Statistics Office,2018,3.242,actual,"IMF World Economic Outlook, April 2026",WEOApr2026all.xlsx,2026-10-04
COL,Colombia,COL.PCPIPCH.A,PCPIPCH,"All Items, Consumer price index (CPI), Period average, percent change",Annual,Units,Percent,2025,National Statistics Office,2019,3.523,actual,"IMF World Economic Outlook, April 2026",WEOApr2026all.xlsx,2026-10-04
COL,Colombia,COL.PCPIPCH.A,PCPIPCH,"All Items, Consumer price index (CPI), Period average, percent change",Annual,Units,Percent,2025,National Statistics Office,2020,2.525,actual,"IMF World Economic Outlook, April 2026",WEOApr2026all.xlsx,2026-10-04
COL,Colombia,COL.PCPIPCH.A,PCPIPCH,"All Items, Consumer price index (CPI), Period average, percent change",Annual,Units,Percent,2025,National Statistics Office,2021,3.505,actual,"IMF World Economic Outlook, April 2026",WEOApr2026all.xlsx,2026-10-04
COL,Colombia,COL.PCPIPCH.A,PCPIPCH,"All Items, Consumer price index (CPI), Period average, percent change",Annual,Units,Percent,2025,National Statistics Office,2022,10.18,actual,"IMF World Economic Outlook, April 2026",WEOApr2026all.xlsx,2026-10-04
COL,Colombia,COL.PCPIPCH.A,PCPIPCH,"All Items, Consumer price index (CPI), Period average, percent change",Annual,Units,Percent,2025,National Statistics Office,2023,11.73,actual,"IMF World Economic Outlook, April 2026",WEOApr2026all.xlsx,2026-10-04
COL,Colombia,COL.PCPIPCH.A,PCPIPCH,"All Items, Consumer price index (CPI), Period average, percent change",Annual,Units,Percent,2025,National Statistics Office,2024,6.602,actual,"IMF World Economic Outlook, April 2026",WEOApr2026all.xlsx,2026-10-04
COL,Colombia,COL.PCPIPCH.A,PCPIPCH,"All Items, Consumer price index (CPI), Period average, percent change",Annual,Units,Percent,2025,National Statistics Office,2025,5.143,actual,"IMF World Economic Outlook, April 2026",WEOApr2026all.xlsx,2026-10-04
COL,Colombia,COL.PCPIPCH.A,PCPIPCH,"All Items, Consumer price index (CPI), Period average, percent change",Annual,Units,Percent,2025,National Statistics Office,2026,5.908,projection,"IMF World Economic Outlook, April 2026",WEOApr2026all.xlsx,2026-10-04
COL,Colombia,COL.PCPIPCH.A,PCPIPCH,"All Items, Consumer price index (CPI), Period average, percent change",Annual,Units,Percent,2025,National Statistics Office,2027,5.198,projection,"IMF World Economic Outlook, April 2026",WEOApr2026all.xlsx,2026-10-04
COL,Colombia,COL.PCPIPCH.A,PCPIPCH,"All Items, Consumer price index (CPI), Period average, percent change",Annual,Units,Percent,2025,National Statistics Office,2028,3.378,projection,"IMF World Economic Outlook, April 2026",WEOApr2026all.xlsx,2026-10-04
COL,Colombia,COL.PCPIPCH.A,PCPIPCH,"All Items, Consumer price index (CPI), Period average, percent change",Annual,Units,Percent,2025,National Statistics Office,2029,3.018,projection,"IMF World Economic Outlook, April 2026",WEOApr2026all.xlsx,2026-10-04
COL,Colombia,COL.PCPIPCH.A,PCPIPCH,"All Items, Consumer price index (CPI), Period average, percent change",Annual,Units,Percent,2025,National Statistics Office,2030,2.988,projection,"IMF World Economic Outlook, April 2026",WEOApr2026all.xlsx,2026-10-04
COL,Colombia,COL.PCPIPCH.A,PCPIPCH,"All Items, Consumer price index (CPI), Period average, percent change",Annual,Units,Percent,2025,National Statistics Office,2031,2.988,projection,"IMF World Economic Outlook, April 2026",WEOApr2026all.xlsx,2026-10-04
PER,Peru,PER.PCPIPCH.A,PCPIPCH,"All Items, Consumer price index (CPI), Period average, percent change",Annual,Units,Percent,2025,Central Bank,1980,59.145,actual,"IMF World Economic Outlook, April 2026",WEOApr2026all.xlsx,2026-10-04
PER,Peru,PER.PCPIPCH.A,PCPIPCH,"All Items, Consumer price index (CPI), Period average, percent change",Annual,Units,Percent,2025,Central Bank,1981,75.433,actual,"IMF World Economic Outlook, April 2026",WEOApr2026all.xlsx,2026-10-04
PER,Peru,PER.PCPIPCH.A,PCPIPCH,"All Items, Consumer price index (CPI), Period average, percent change",Annual,Units,Percent,2025,Central Bank,1982,64.46,actual,"IMF World Economic Outlook, April 2026",WEOApr2026all.xlsx,2026-10-04
PER,Peru,PER.PCPIPCH.A,PCPIPCH,"All Items, Consumer price index (CPI), Period average, percent change",Annual,Units,Percent,2025,Central Bank,1983,111.149,actual,"IMF World Economic Outlook, April 2026",WEOApr2026all.xlsx,2026-10-04
PER,Peru,PER.PCPIPCH.A,PCPIPCH,"All Items, Consumer price index (CPI), Period average, percent change",Annual,Units,Percent,2025,Central Bank,1984,110.209,actual,"IMF World Economic Outlook, April 2026",WEOApr2026all.xlsx,2026-10-04
PER,Peru,PER.PCPIPCH.A,PCPIPCH,"All Items, Consumer price index (CPI), Period average, percent change",Annual,Units,Percent,2025,Central Bank,1985,163.398,actual,"IMF World Economic Outlook, April 2026",WEOApr2026all.xlsx,2026-10-04
PER,Peru,PER.PCPIPCH.A,PCPIPCH,"All Items, Consumer price index (CPI), Period average, percent change",Annual,Units,Percent,2025,Central Bank,1986,77.921,actual,"IMF World Economic Outlook, April 2026",WEOApr2026all.xlsx,2026-10-04
PER,Peru,PER.PCPIPCH.A,PCPIPCH,"All Items, Consumer price index (CPI), Period average, percent change",Annual,Units,Percent,2025,Central Bank,1987,85.846,actual,"IMF World Economic Outlook, April 2026",WEOApr2026all.xlsx,2026-10-04
PER,Peru,PER.PCPIPCH.A,PCPIPCH,"All Items, Consumer price index (CPI), Period average, percent change",Annual,Units,Percent,2025,Central Bank,1988,666.955,actual,"IMF World Economic Outlook, April 2026",WEOApr2026all.xlsx,2026-10-04
PER,Peru,PER.PCPIPCH.A,PCPIPCH,"All Items, Consumer price index (CPI), Period average, percent change",Annual,Units,Percent,2025,Central Bank,1989,3398.272,actual,"IMF World Economic Outlook, April 2026",WEOApr2026all.xlsx,2026-10-04
PER,Peru,PER.PCPIPCH.A,PCPIPCH,"All Items, Consumer price index (CPI), Period average, percent change",Annual,Units,Percent,2025,Central Bank,1990,7481.691,actual,"IMF World Economic Outlook, April 2026",WEOApr2026all.xlsx,2026-10-04
PER,Peru,PER.PCPIPCH.A,PCPIPCH,"All Items, Consumer price index (CPI), Period average, percent change",Annual,Units,Percent,2025,Central Bank,1991,409.529,actual,"IMF World Economic Outlook, April 2026",WEOApr2026all.xlsx,2026-10-04
PER,Peru,PER.PCPIPCH.A,PCPIPCH,"All Items, Consumer price index (CPI), Period average, percent change",Annual,Units,Percent,2025,Central Bank,1992,73.529,actual,"IMF World Economic Outlook, April 2026",WEOApr2026all.xlsx,2026-10-04
PER,Peru,PER.PCPIPCH.A,PCPIPCH,"All Items, Consumer price index (CPI), Period average, percent change",Annual,Units,Percent,2025,Central Bank,1993,48.58,actual,"IMF World Economic Outlook, April 2026",WEOApr2026all.xlsx,2026-10-04
PER,Peru,PER.PCPIPCH.A,PCPIPCH,"All Items, Consumer price index (CPI), Period average, percent change",Annual,Units,Percent,2025,Central Bank,1994,23.734,actual,"IMF World Economic Outlook, April 2026",WEOApr2026all.xlsx,2026-10-04
PER,Peru,PER.PCPIPCH.A,PCPIPCH,"All Items, Consumer price index (CPI), Period average, percent change",Annual,Units,Percent,2025,Central Bank,1995,11.131,actual,"IMF World Economic Outlook, April 2026",WEOApr2026all.xlsx,2026-10-04
PER,Peru,PER.PCPIPCH.A,PCPIPCH,"All Items, Consumer price index (CPI), Period average, percent change",Annual,Units,Percent,2025,Central Bank,1996,11.549,actual,"IMF World Economic Outlook, April 2026",WEOApr2026all.xlsx,2026-10-04
PER,Peru,PER.PCPIPCH.A,PCPIPCH,"All Items, Consumer price index (CPI), Period average, percent change",Annual,Units,Percent,2025,Central Bank,1997,8.547,actual,"IMF World Economic Outlook, April 2026",WEOApr2026all.xlsx,2026-10-04
PER,Peru,PER.PCPIPCH.A,PCPIPCH,"All Items, Consumer price index (CPI), Period average, percent change",Annual,Units,Percent,2025,Central Bank,1998,7.255,actual,"IMF World Economic Outlook, April 2026",WEOApr2026all.xlsx,2026-10-04
PER,Peru,PER.PCPIPCH.A,PCPIPCH,"All Items, Consumer price index (CPI), Period average, percent change",Annual,Units,Percent,2025,Central Bank,1999,3.469,actual,"IMF World Economic Outlook, April 2026",WEOApr2026all.xlsx,2026-10-04
PER,Peru,PER.PCPIPCH.A,PCPIPCH,"All Items, Consumer price index (CPI), Period average, percent change",Annual,Units,Percent,2025,Central Bank,2000,3.759,actual,"IMF World Economic Outlook, April 2026",WEOApr2026all.xlsx,2026-10-04
PER,Peru,PER.PCPIPCH.A,PCPIPCH,"All Items, Consumer price index (CPI), Period average, percent change",Annual,Units,Percent,2025,Central Bank,2001,1.975,actual,"IMF World Economic Outlook, April 2026",WEOApr2026all.xlsx,2026-10-04
PER,Peru,PER.PCPIPCH.A,PCPIPCH,"All Items, Consumer price index (CPI), Period average, percent change",Annual,Units,Percent,2025,Central Bank,2002,0.192,actual,"IMF World Economic Outlook, April 2026",WEOApr2026all.xlsx,2026-10-04
PER,Peru,PER.PCPIPCH.A,PCPIPCH,"All Items, Consumer price index (CPI), Period average, percent change",Annual,Units,Percent,2025,Central Bank,2003,2.261,actual,"IMF World Economic Outlook, April 2026",WEOApr2026all.xlsx,2026-10-04
PER,Peru,PER.PCPIPCH.A,PCPIPCH,"All Items, Consumer price index (CPI), Period average, percent change",Annual,Units,Percent,2025,Central Bank,2004,3.662,actual,"IMF World Economic Outlook, April 2026",WEOApr2026all.xlsx,2026-10-04
PER,Peru,PER.PCPIPCH.A,PCPIPCH,"All Items, Consumer price index (CPI), Period average, percent change",Annual,Units,Percent,2025,Central Bank,2005,1.618,actual,"IMF World Economic Outlook, April 2026",WEOApr2026all.xlsx,2026-10-04
PER,Peru,PER.PCPIPCH.A,PCPIPCH,"All Items, Consumer price index (CPI), Period average, percent change",Annual,Units,Percent,2025,Central Bank,2006,2.001,actual,"IMF World Economic Outlook, April 2026",WEOApr2026all.xlsx,2026-10-04
PER,Peru,PER.PCPIPCH.A,PCPIPCH,"All Items, Consumer price index (CPI), Period average, percent change",Annual,Units,Percent,2025,Central Bank,2007,1.779,actual,"IMF World Economic Outlook, April 2026",WEOApr2026all.xlsx,2026-10-04
PER,Peru,PER.PCPIPCH.A,PCPIPCH,"All Items, Consumer price index (CPI), Period average, percent change",Annual,Units,Percent,2025,Central Bank,2008,5.788,actual,"IMF World Economic Outlook, April 2026",WEOApr2026all.xlsx,2026-10-04
PER,Peru,PER.PCPIPCH.A,PCPIPCH,"All Items, Consumer price index (CPI), Period average, percent change",Annual,Units,Percent,2025,Central Bank,2009,2.935,actual,"IMF World Economic Outlook, April 2026",WEOApr2026all.xlsx,2026-10-04
PER,Peru,PER.PCPIPCH.A,PCPIPCH,"All Items, Consumer price index (CPI), Period average, percent change",Annual,Units,Percent,2025,Central Bank,2010,1.529,actual,"IMF World Economic Outlook, April 2026",WEOApr2026all.xlsx,2026-10-04
PER,Peru,PER.PCPIPCH.A,PCPIPCH,"All Items, Consumer price index (CPI), Period average, percent change",Annual,Units,Percent,2025,Central Bank,2011,3.369,actual,"IMF World Economic Outlook, April 2026",WEOApr2026all.xlsx,2026-10-04
PER,Peru,PER.PCPIPCH.A,PCPIPCH,"All Items, Consumer price index (CPI), Period average, percent change",Annual,Units,Percent,2025,Central Bank,2012,3.656,actual,"IMF World Economic Outlook, April 2026",WEOApr2026all.xlsx,2026-10-04
PER,Peru,PER.PCPIPCH.A,PCPIPCH,"All Items, Consumer price index (CPI), Period average, percent change",Annual,Units,Percent,2025,Central Bank,2013,2.807,actual,"IMF World Economic Outlook, April 2026",WEOApr2026all.xlsx,2026-10-04
PER,Peru,PER.PCPIPCH.A,PCPIPCH,"All Items, Consumer price index (CPI), Period average, percent change",Annual,Units,Percent,2025,Central Bank,2014,3.245,actual,"IMF World Economic Outlook, April 2026",WEOApr2026all.xlsx,2026-10-04
PER,Peru,PER.PCPIPCH.A,PCPIPCH,"All Items, Consumer price index (CPI), Period average, percent change",Annual,Units,Percent,2025,Central Bank,2015,3.548,actual,"IMF World Economic Outlook, April 2026",WEOApr2026all.xlsx,2026-10-04
PER,Peru,PER.PCPIPCH.A,PCPIPCH,"All Items, Consumer price index (CPI), Period average, percent change",Annual,Units,Percent,2025,Central Bank,2016,3.593,actual,"IMF World Economic Outlook, April 2026",WEOApr2026all.xlsx,2026-10-04
PER,Peru,PER.PCPIPCH.A,PCPIPCH,"All Items, Consumer price index (CPI), Period average, percent change",Annual,Units,Percent,2025,Central Bank,2017,2.804,actual,"IMF World Economic Outlook, April 2026",WEOApr2026all.xlsx,2026-10-04
PER,Peru,PER.PCPIPCH.A,PCPIPCH,"All Items, Consumer price index (CPI), Period average, percent change",Annual,Units,Percent,2025,Central Bank,2018,1.317,actual,"IMF World Economic Outlook, April 2026",WEOApr2026all.xlsx,2026-10-04
PER,Peru,PER.PCPIPCH.A,PCPIPCH,"All Items, Consumer price index (CPI), Period average, percent change",Annual,Units,Percent,2025,Central Bank,2019,2.136,actual,"IMF World Economic Outlook, April 2026",WEOApr2026all.xlsx,2026-10-04
PER,Peru,PER.PCPIPCH.A,PCPIPCH,"All Items, Consumer price index (CPI), Period average, percent change",Annual,Units,Percent,2025,Central Bank,2020,1.827,actual,"IMF World Economic Outlook, April 2026",WEOApr2026all.xlsx,2026-10-04
PER,Peru,PER.PCPIPCH.A,PCPIPCH,"All Items, Consumer price index (CPI), Period average, percent change",Annual,Units,Percent,2025,Central Bank,2021,3.979,actual,"IMF World Economic Outlook, April 2026",WEOApr2026all.xlsx,2026-10-04
PER,Peru,PER.PCPIPCH.A,PCPIPCH,"All Items, Consumer price index (CPI), Period average, percent change",Annual,Units,Percent,2025,Central Bank,2022,7.871,actual,"IMF World Economic Outlook, April 2026",WEOApr2026all.xlsx,2026-10-04
PER,Peru,PER.PCPIPCH.A,PCPIPCH,"All Items, Consumer price index (CPI), Period average, percent change",Annual,Units,Percent,2025,Central Bank,2023,6.269,actual,"IMF World Economic Outlook, April 2026",WEOApr2026all.xlsx,2026-10-04
PER,Peru,PER.PCPIPCH.A,PCPIPCH,"All Items, Consumer price index (CPI), Period average, percent change",Annual,Units,Percent,2025,Central Bank,2024,2.351,actual,"IMF World Economic Outlook, April 2026",WEOApr2026all.xlsx,2026-10-04
PER,Peru,PER.PCPIPCH.A,PCPIPCH,"All Items, Consumer price index (CPI), Period average, percent change",Annual,Units,Percent,2025,Central Bank,2025,1.501,actual,"IMF World Economic Outlook, April 2026",WEOApr2026all.xlsx,2026-10-04
PER,Peru,PER.PCPIPCH.A,PCPIPCH,"All Items, Consumer price index (CPI), Period average, percent change",Annual,Units,Percent,2025,Central Bank,2026,2.545,projection,"IMF World Economic Outlook, April 2026",WEOApr2026all.xlsx,2026-10-04
PER,Peru,PER.PCPIPCH.A,PCPIPCH,"All Items, Consumer price index (CPI), Period average, percent change",Annual,Units,Percent,2025,Central Bank,2027,1.768,projection,"IMF World Economic Outlook, April 2026",WEOApr2026all.xlsx,2026-10-04
PER,Peru,PER.PCPIPCH.A,PCPIPCH,"All Items, Consumer price index (CPI), Period average, percent change",Annual,Units,Percent,2025,Central Bank,2028,1.964,projection,"IMF World Economic Outlook, April 2026",WEOApr2026all.xlsx,2026-10-04
PER,Peru,PER.PCPIPCH.A,PCPIPCH,"All Items, Consumer price index (CPI), Period average, percent change",Annual,Units,Percent,2025,Central Bank,2029,1.956,projection,"IMF World Economic Outlook, April 2026",WEOApr2026all.xlsx,2026-10-04
PER,Peru,PER.PCPIPCH.A,PCPIPCH,"All Items, Consumer price index (CPI), Period average, percent change",Annual,Units,Percent,2025,Central Bank,2030,2.018,projection,"IMF World Economic Outlook, April 2026",WEOApr2026all.xlsx,2026-10-04
PER,Peru,PER.PCPIPCH.A,PCPIPCH,"All Items, Consumer price index (CPI), Period average, percent change",Annual,Units,Percent,2025,Central Bank,2031,2.018,projection,"IMF World Economic Outlook, April 2026",WEOApr2026all.xlsx,2026-10-04
