country_iso3,country_name,date,year,frequency,variable_id,variable_name,value,unit,source_org,source_dataset,source_series_code,source_url,retrieved_at,last_updated_source,vintage,observation_status,quality_flag,notes
ARG,Argentina,2010-12-31,2010,annual,central_gov_debt_gdp,Deuda del gobierno central,,percent_gdp,World Bank,WDI,GC.DOD.TOTL.GD.ZS,https://api.worldbank.org/v2/country/ARG/indicator/GC.DOD.TOTL.GD.ZS,2026-10-05T02:25:18.275917+00:00,,WDI API extraction,actual,pending,
ARG,Argentina,2011-12-31,2011,annual,central_gov_debt_gdp,Deuda del gobierno central,,percent_gdp,World Bank,WDI,GC.DOD.TOTL.GD.ZS,https://api.worldbank.org/v2/country/ARG/indicator/GC.DOD.TOTL.GD.ZS,2026-10-05T02:25:18.275917+00:00,,WDI API extraction,actual,pending,
ARG,Argentina,2012-12-31,2012,annual,central_gov_debt_gdp,Deuda del gobierno central,,percent_gdp,World Bank,WDI,GC.DOD.TOTL.GD.ZS,https://api.worldbank.org/v2/country/ARG/indicator/GC.DOD.TOTL.GD.ZS,2026-10-05T02:25:18.275917+00:00,,WDI API extraction,actual,pending,
ARG,Argentina,2013-12-31,2013,annual,central_gov_debt_gdp,Deuda del gobierno central,,percent_gdp,World Bank,WDI,GC.DOD.TOTL.GD.ZS,https://api.worldbank.org/v2/country/ARG/indicator/GC.DOD.TOTL.GD.ZS,2026-10-05T02:25:18.275917+00:00,,WDI API extraction,actual,pending,
ARG,Argentina,2014-12-31,2014,annual,central_gov_debt_gdp,Deuda del gobierno central,,percent_gdp,World Bank,WDI,GC.DOD.TOTL.GD.ZS,https://api.worldbank.org/v2/country/ARG/indicator/GC.DOD.TOTL.GD.ZS,2026-10-05T02:25:18.275917+00:00,,WDI API extraction,actual,pending,
ARG,Argentina,2015-12-31,2015,annual,central_gov_debt_gdp,Deuda del gobierno central,,percent_gdp,World Bank,WDI,GC.DOD.TOTL.GD.ZS,https://api.worldbank.org/v2/country/ARG/indicator/GC.DOD.TOTL.GD.ZS,2026-10-05T02:25:18.275917+00:00,,WDI API extraction,actual,pending,
ARG,Argentina,2016-12-31,2016,annual,central_gov_debt_gdp,Deuda del gobierno central,,percent_gdp,World Bank,WDI,GC.DOD.TOTL.GD.ZS,https://api.worldbank.org/v2/country/ARG/indicator/GC.DOD.TOTL.GD.ZS,2026-10-05T02:25:18.275917+00:00,,WDI API extraction,actual,pending,
ARG,Argentina,2017-12-31,2017,annual,central_gov_debt_gdp,Deuda del gobierno central,,percent_gdp,World Bank,WDI,GC.DOD.TOTL.GD.ZS,https://api.worldbank.org/v2/country/ARG/indicator/GC.DOD.TOTL.GD.ZS,2026-10-05T02:25:18.275917+00:00,,WDI API extraction,actual,pending,
ARG,Argentina,2018-12-31,2018,annual,central_gov_debt_gdp,Deuda del gobierno central,,percent_gdp,World Bank,WDI,GC.DOD.TOTL.GD.ZS,https://api.worldbank.org/v2/country/ARG/indicator/GC.DOD.TOTL.GD.ZS,2026-10-05T02:25:18.275917+00:00,,WDI API extraction,actual,pending,
ARG,Argentina,2019-12-31,2019,annual,central_gov_debt_gdp,Deuda del gobierno central,,percent_gdp,World Bank,WDI,GC.DOD.TOTL.GD.ZS,https://api.worldbank.org/v2/country/ARG/indicator/GC.DOD.TOTL.GD.ZS,2026-10-05T02:25:18.275917+00:00,,WDI API extraction,actual,pending,
ARG,Argentina,2020-12-31,2020,annual,central_gov_debt_gdp,Deuda del gobierno central,,percent_gdp,World Bank,WDI,GC.DOD.TOTL.GD.ZS,https://api.worldbank.org/v2/country/ARG/indicator/GC.DOD.TOTL.GD.ZS,2026-10-05T02:25:18.275917+00:00,,WDI API extraction,actual,pending,
ARG,Argentina,2021-12-31,2021,annual,central_gov_debt_gdp,Deuda del gobierno central,,percent_gdp,World Bank,WDI,GC.DOD.TOTL.GD.ZS,https://api.worldbank.org/v2/country/ARG/indicator/GC.DOD.TOTL.GD.ZS,2026-10-05T02:25:18.275917+00:00,,WDI API extraction,actual,pending,
ARG,Argentina,2022-12-31,2022,annual,central_gov_debt_gdp,Deuda del gobierno central,,percent_gdp,World Bank,WDI,GC.DOD.TOTL.GD.ZS,https://api.worldbank.org/v2/country/ARG/indicator/GC.DOD.TOTL.GD.ZS,2026-10-05T02:25:18.275917+00:00,,WDI API extraction,actual,pending,
ARG,Argentina,2023-12-31,2023,annual,central_gov_debt_gdp,Deuda del gobierno central,,percent_gdp,World Bank,WDI,GC.DOD.TOTL.GD.ZS,https://api.worldbank.org/v2/country/ARG/indicator/GC.DOD.TOTL.GD.ZS,2026-10-05T02:25:18.275917+00:00,,WDI API extraction,actual,pending,
ARG,Argentina,2024-12-31,2024,annual,central_gov_debt_gdp,Deuda del gobierno central,,percent_gdp,World Bank,WDI,GC.DOD.TOTL.GD.ZS,https://api.worldbank.org/v2/country/ARG/indicator/GC.DOD.TOTL.GD.ZS,2026-10-05T02:25:18.275917+00:00,,WDI API extraction,actual,pending,
ARG,Argentina,2025-12-31,2025,annual,central_gov_debt_gdp,Deuda del gobierno central,,percent_gdp,World Bank,WDI,GC.DOD.TOTL.GD.ZS,https://api.worldbank.org/v2/country/ARG/indicator/GC.DOD.TOTL.GD.ZS,2026-10-05T02:25:18.275917+00:00,,WDI API extraction,actual,pending,
ARG,Argentina,2010-12-31,2010,annual,current_account_gdp,Cuenta corriente,-0.383118699737133,percent_gdp,World Bank,WDI,BN.CAB.XOKA.GD.ZS,https://api.worldbank.org/v2/country/ARG/indicator/BN.CAB.XOKA.GD.ZS,2026-10-05T02:25:18.275917+00:00,,WDI API extraction,actual,pending,
ARG,Argentina,2011-12-31,2011,annual,current_account_gdp,Cuenta corriente,-1.00728084144866,percent_gdp,World Bank,WDI,BN.CAB.XOKA.GD.ZS,https://api.worldbank.org/v2/country/ARG/indicator/BN.CAB.XOKA.GD.ZS,2026-10-05T02:25:18.275917+00:00,,WDI API extraction,actual,pending,
ARG,Argentina,2012-12-31,2012,annual,current_account_gdp,Cuenta corriente,-0.39159512386959,percent_gdp,World Bank,WDI,BN.CAB.XOKA.GD.ZS,https://api.worldbank.org/v2/country/ARG/indicator/BN.CAB.XOKA.GD.ZS,2026-10-05T02:25:18.275917+00:00,,WDI API extraction,actual,pending,
ARG,Argentina,2013-12-31,2013,annual,current_account_gdp,Cuenta corriente,-2.37749566620574,percent_gdp,World Bank,WDI,BN.CAB.XOKA.GD.ZS,https://api.worldbank.org/v2/country/ARG/indicator/BN.CAB.XOKA.GD.ZS,2026-10-05T02:25:18.275917+00:00,,WDI API extraction,actual,pending,
ARG,Argentina,2014-12-31,2014,annual,current_account_gdp,Cuenta corriente,-1.74400211981355,percent_gdp,World Bank,WDI,BN.CAB.XOKA.GD.ZS,https://api.worldbank.org/v2/country/ARG/indicator/BN.CAB.XOKA.GD.ZS,2026-10-05T02:25:18.275917+00:00,,WDI API extraction,actual,pending,
ARG,Argentina,2015-12-31,2015,annual,current_account_gdp,Cuenta corriente,-2.96292666513534,percent_gdp,World Bank,WDI,BN.CAB.XOKA.GD.ZS,https://api.worldbank.org/v2/country/ARG/indicator/BN.CAB.XOKA.GD.ZS,2026-10-05T02:25:18.275917+00:00,,WDI API extraction,actual,pending,
ARG,Argentina,2016-12-31,2016,annual,current_account_gdp,Cuenta corriente,-2.70922168361454,percent_gdp,World Bank,WDI,BN.CAB.XOKA.GD.ZS,https://api.worldbank.org/v2/country/ARG/indicator/BN.CAB.XOKA.GD.ZS,2026-10-05T02:25:18.275917+00:00,,WDI API extraction,actual,pending,
ARG,Argentina,2017-12-31,2017,annual,current_account_gdp,Cuenta corriente,-4.83995921807391,percent_gdp,World Bank,WDI,BN.CAB.XOKA.GD.ZS,https://api.worldbank.org/v2/country/ARG/indicator/BN.CAB.XOKA.GD.ZS,2026-10-05T02:25:18.275917+00:00,,WDI API extraction,actual,pending,
ARG,Argentina,2018-12-31,2018,annual,current_account_gdp,Cuenta corriente,-5.16055257152295,percent_gdp,World Bank,WDI,BN.CAB.XOKA.GD.ZS,https://api.worldbank.org/v2/country/ARG/indicator/BN.CAB.XOKA.GD.ZS,2026-10-05T02:25:18.275917+00:00,,WDI API extraction,actual,pending,
ARG,Argentina,2019-12-31,2019,annual,current_account_gdp,Cuenta corriente,-0.779998447561848,percent_gdp,World Bank,WDI,BN.CAB.XOKA.GD.ZS,https://api.worldbank.org/v2/country/ARG/indicator/BN.CAB.XOKA.GD.ZS,2026-10-05T02:25:18.275917+00:00,,WDI API extraction,actual,pending,
ARG,Argentina,2020-12-31,2020,annual,current_account_gdp,Cuenta corriente,0.696935361136031,percent_gdp,World Bank,WDI,BN.CAB.XOKA.GD.ZS,https://api.worldbank.org/v2/country/ARG/indicator/BN.CAB.XOKA.GD.ZS,2026-10-05T02:25:18.275917+00:00,,WDI API extraction,actual,pending,
ARG,Argentina,2021-12-31,2021,annual,current_account_gdp,Cuenta corriente,1.36154422203441,percent_gdp,World Bank,WDI,BN.CAB.XOKA.GD.ZS,https://api.worldbank.org/v2/country/ARG/indicator/BN.CAB.XOKA.GD.ZS,2026-10-05T02:25:18.275917+00:00,,WDI API extraction,actual,pending,
ARG,Argentina,2022-12-31,2022,annual,current_account_gdp,Cuenta corriente,-0.62525456692328,percent_gdp,World Bank,WDI,BN.CAB.XOKA.GD.ZS,https://api.worldbank.org/v2/country/ARG/indicator/BN.CAB.XOKA.GD.ZS,2026-10-05T02:25:18.275917+00:00,,WDI API extraction,actual,pending,
ARG,Argentina,2023-12-31,2023,annual,current_account_gdp,Cuenta corriente,-3.1951463789585,percent_gdp,World Bank,WDI,BN.CAB.XOKA.GD.ZS,https://api.worldbank.org/v2/country/ARG/indicator/BN.CAB.XOKA.GD.ZS,2026-10-05T02:25:18.275917+00:00,,WDI API extraction,actual,pending,
ARG,Argentina,2024-12-31,2024,annual,current_account_gdp,Cuenta corriente,0.893118418089375,percent_gdp,World Bank,WDI,BN.CAB.XOKA.GD.ZS,https://api.worldbank.org/v2/country/ARG/indicator/BN.CAB.XOKA.GD.ZS,2026-10-05T02:25:18.275917+00:00,,WDI API extraction,actual,pending,
ARG,Argentina,2025-12-31,2025,annual,current_account_gdp,Cuenta corriente,-1.10988825977293,percent_gdp,World Bank,WDI,BN.CAB.XOKA.GD.ZS,https://api.worldbank.org/v2/country/ARG/indicator/BN.CAB.XOKA.GD.ZS,2026-10-05T02:25:18.275917+00:00,,WDI API extraction,actual,pending,
ARG,Argentina,2010-12-31,2010,annual,fx_reserves_usd,Reservas internacionales,52207549724.0928,current_usd,World Bank,WDI,FI.RES.TOTL.CD,https://api.worldbank.org/v2/country/ARG/indicator/FI.RES.TOTL.CD,2026-10-05T02:25:18.275917+00:00,,WDI API extraction,actual,pending,
ARG,Argentina,2011-12-31,2011,annual,fx_reserves_usd,Reservas internacionales,46265800525.8807,current_usd,World Bank,WDI,FI.RES.TOTL.CD,https://api.worldbank.org/v2/country/ARG/indicator/FI.RES.TOTL.CD,2026-10-05T02:25:18.275917+00:00,,WDI API extraction,actual,pending,
ARG,Argentina,2012-12-31,2012,annual,fx_reserves_usd,Reservas internacionales,43223270863.843,current_usd,World Bank,WDI,FI.RES.TOTL.CD,https://api.worldbank.org/v2/country/ARG/indicator/FI.RES.TOTL.CD,2026-10-05T02:25:18.275917+00:00,,WDI API extraction,actual,pending,
ARG,Argentina,2013-12-31,2013,annual,fx_reserves_usd,Reservas internacionales,30533919650.6264,current_usd,World Bank,WDI,FI.RES.TOTL.CD,https://api.worldbank.org/v2/country/ARG/indicator/FI.RES.TOTL.CD,2026-10-05T02:25:18.275917+00:00,,WDI API extraction,actual,pending,
ARG,Argentina,2014-12-31,2014,annual,fx_reserves_usd,Reservas internacionales,31410813269.5239,current_usd,World Bank,WDI,FI.RES.TOTL.CD,https://api.worldbank.org/v2/country/ARG/indicator/FI.RES.TOTL.CD,2026-10-05T02:25:18.275917+00:00,,WDI API extraction,actual,pending,
ARG,Argentina,2015-12-31,2015,annual,fx_reserves_usd,Reservas internacionales,25520565580.4894,current_usd,World Bank,WDI,FI.RES.TOTL.CD,https://api.worldbank.org/v2/country/ARG/indicator/FI.RES.TOTL.CD,2026-10-05T02:25:18.275917+00:00,,WDI API extraction,actual,pending,
ARG,Argentina,2016-12-31,2016,annual,fx_reserves_usd,Reservas internacionales,38414518491.6132,current_usd,World Bank,WDI,FI.RES.TOTL.CD,https://api.worldbank.org/v2/country/ARG/indicator/FI.RES.TOTL.CD,2026-10-05T02:25:18.275917+00:00,,WDI API extraction,actual,pending,
ARG,Argentina,2017-12-31,2017,annual,fx_reserves_usd,Reservas internacionales,55314409205.2189,current_usd,World Bank,WDI,FI.RES.TOTL.CD,https://api.worldbank.org/v2/country/ARG/indicator/FI.RES.TOTL.CD,2026-10-05T02:25:18.275917+00:00,,WDI API extraction,actual,pending,
ARG,Argentina,2018-12-31,2018,annual,fx_reserves_usd,Reservas internacionales,66221501691.4418,current_usd,World Bank,WDI,FI.RES.TOTL.CD,https://api.worldbank.org/v2/country/ARG/indicator/FI.RES.TOTL.CD,2026-10-05T02:25:18.275917+00:00,,WDI API extraction,actual,pending,
ARG,Argentina,2019-12-31,2019,annual,fx_reserves_usd,Reservas internacionales,44880566052.3703,current_usd,World Bank,WDI,FI.RES.TOTL.CD,https://api.worldbank.org/v2/country/ARG/indicator/FI.RES.TOTL.CD,2026-10-05T02:25:18.275917+00:00,,WDI API extraction,actual,pending,
ARG,Argentina,2020-12-31,2020,annual,fx_reserves_usd,Reservas internacionales,39403734630.1228,current_usd,World Bank,WDI,FI.RES.TOTL.CD,https://api.worldbank.org/v2/country/ARG/indicator/FI.RES.TOTL.CD,2026-10-05T02:25:18.275917+00:00,,WDI API extraction,actual,pending,
ARG,Argentina,2021-12-31,2021,annual,fx_reserves_usd,Reservas internacionales,39653498610.7828,current_usd,World Bank,WDI,FI.RES.TOTL.CD,https://api.worldbank.org/v2/country/ARG/indicator/FI.RES.TOTL.CD,2026-10-05T02:25:18.275917+00:00,,WDI API extraction,actual,pending,
ARG,Argentina,2022-12-31,2022,annual,fx_reserves_usd,Reservas internacionales,44795335171.5152,current_usd,World Bank,WDI,FI.RES.TOTL.CD,https://api.worldbank.org/v2/country/ARG/indicator/FI.RES.TOTL.CD,2026-10-05T02:25:18.275917+00:00,,WDI API extraction,actual,pending,
ARG,Argentina,2023-12-31,2023,annual,fx_reserves_usd,Reservas internacionales,23080560550.2946,current_usd,World Bank,WDI,FI.RES.TOTL.CD,https://api.worldbank.org/v2/country/ARG/indicator/FI.RES.TOTL.CD,2026-10-05T02:25:18.275917+00:00,,WDI API extraction,actual,pending,
ARG,Argentina,2024-12-31,2024,annual,fx_reserves_usd,Reservas internacionales,29559610350.7831,current_usd,World Bank,WDI,FI.RES.TOTL.CD,https://api.worldbank.org/v2/country/ARG/indicator/FI.RES.TOTL.CD,2026-10-05T02:25:18.275917+00:00,,WDI API extraction,actual,pending,
ARG,Argentina,2025-12-31,2025,annual,fx_reserves_usd,Reservas internacionales,40998763986.6338,current_usd,World Bank,WDI,FI.RES.TOTL.CD,https://api.worldbank.org/v2/country/ARG/indicator/FI.RES.TOTL.CD,2026-10-05T02:25:18.275917+00:00,,WDI API extraction,actual,pending,
ARG,Argentina,2010-12-31,2010,annual,inflation_cpi_yoy,Inflación IPC,,percent,World Bank,WDI,FP.CPI.TOTL.ZG,https://api.worldbank.org/v2/country/ARG/indicator/FP.CPI.TOTL.ZG,2026-10-05T02:25:18.275917+00:00,,WDI API extraction,actual,pending,
ARG,Argentina,2011-12-31,2011,annual,inflation_cpi_yoy,Inflación IPC,,percent,World Bank,WDI,FP.CPI.TOTL.ZG,https://api.worldbank.org/v2/country/ARG/indicator/FP.CPI.TOTL.ZG,2026-10-05T02:25:18.275917+00:00,,WDI API extraction,actual,pending,
ARG,Argentina,2012-12-31,2012,annual,inflation_cpi_yoy,Inflación IPC,,percent,World Bank,WDI,FP.CPI.TOTL.ZG,https://api.worldbank.org/v2/country/ARG/indicator/FP.CPI.TOTL.ZG,2026-10-05T02:25:18.275917+00:00,,WDI API extraction,actual,pending,
ARG,Argentina,2013-12-31,2013,annual,inflation_cpi_yoy,Inflación IPC,,percent,World Bank,WDI,FP.CPI.TOTL.ZG,https://api.worldbank.org/v2/country/ARG/indicator/FP.CPI.TOTL.ZG,2026-10-05T02:25:18.275917+00:00,,WDI API extraction,actual,pending,
ARG,Argentina,2014-12-31,2014,annual,inflation_cpi_yoy,Inflación IPC,,percent,World Bank,WDI,FP.CPI.TOTL.ZG,https://api.worldbank.org/v2/country/ARG/indicator/FP.CPI.TOTL.ZG,2026-10-05T02:25:18.275917+00:00,,WDI API extraction,actual,pending,
ARG,Argentina,2015-12-31,2015,annual,inflation_cpi_yoy,Inflación IPC,,percent,World Bank,WDI,FP.CPI.TOTL.ZG,https://api.worldbank.org/v2/country/ARG/indicator/FP.CPI.TOTL.ZG,2026-10-05T02:25:18.275917+00:00,,WDI API extraction,actual,pending,
ARG,Argentina,2016-12-31,2016,annual,inflation_cpi_yoy,Inflación IPC,,percent,World Bank,WDI,FP.CPI.TOTL.ZG,https://api.worldbank.org/v2/country/ARG/indicator/FP.CPI.TOTL.ZG,2026-10-05T02:25:18.275917+00:00,,WDI API extraction,actual,pending,
ARG,Argentina,2017-12-31,2017,annual,inflation_cpi_yoy,Inflación IPC,,percent,World Bank,WDI,FP.CPI.TOTL.ZG,https://api.worldbank.org/v2/country/ARG/indicator/FP.CPI.TOTL.ZG,2026-10-05T02:25:18.275917+00:00,,WDI API extraction,actual,pending,
ARG,Argentina,2018-12-31,2018,annual,inflation_cpi_yoy,Inflación IPC,34.2772237131003,percent,World Bank,WDI,FP.CPI.TOTL.ZG,https://api.worldbank.org/v2/country/ARG/indicator/FP.CPI.TOTL.ZG,2026-10-05T02:25:18.275917+00:00,,WDI API extraction,actual,pending,
ARG,Argentina,2019-12-31,2019,annual,inflation_cpi_yoy,Inflación IPC,53.5483043492339,percent,World Bank,WDI,FP.CPI.TOTL.ZG,https://api.worldbank.org/v2/country/ARG/indicator/FP.CPI.TOTL.ZG,2026-10-05T02:25:18.275917+00:00,,WDI API extraction,actual,pending,
ARG,Argentina,2020-12-31,2020,annual,inflation_cpi_yoy,Inflación IPC,42.0150947376509,percent,World Bank,WDI,FP.CPI.TOTL.ZG,https://api.worldbank.org/v2/country/ARG/indicator/FP.CPI.TOTL.ZG,2026-10-05T02:25:18.275917+00:00,,WDI API extraction,actual,pending,
ARG,Argentina,2021-12-31,2021,annual,inflation_cpi_yoy,Inflación IPC,48.4093786255199,percent,World Bank,WDI,FP.CPI.TOTL.ZG,https://api.worldbank.org/v2/country/ARG/indicator/FP.CPI.TOTL.ZG,2026-10-05T02:25:18.275917+00:00,,WDI API extraction,actual,pending,
ARG,Argentina,2022-12-31,2022,annual,inflation_cpi_yoy,Inflación IPC,72.430757531824,percent,World Bank,WDI,FP.CPI.TOTL.ZG,https://api.worldbank.org/v2/country/ARG/indicator/FP.CPI.TOTL.ZG,2026-10-05T02:25:18.275917+00:00,,WDI API extraction,actual,pending,
ARG,Argentina,2023-12-31,2023,annual,inflation_cpi_yoy,Inflación IPC,133.488935594175,percent,World Bank,WDI,FP.CPI.TOTL.ZG,https://api.worldbank.org/v2/country/ARG/indicator/FP.CPI.TOTL.ZG,2026-10-05T02:25:18.275917+00:00,,WDI API extraction,actual,pending,
ARG,Argentina,2024-12-31,2024,annual,inflation_cpi_yoy,Inflación IPC,219.883929014578,percent,World Bank,WDI,FP.CPI.TOTL.ZG,https://api.worldbank.org/v2/country/ARG/indicator/FP.CPI.TOTL.ZG,2026-10-05T02:25:18.275917+00:00,,WDI API extraction,actual,pending,
ARG,Argentina,2025-12-31,2025,annual,inflation_cpi_yoy,Inflación IPC,,percent,World Bank,WDI,FP.CPI.TOTL.ZG,https://api.worldbank.org/v2/country/ARG/indicator/FP.CPI.TOTL.ZG,2026-10-05T02:25:18.275917+00:00,,WDI API extraction,actual,pending,
ARG,Argentina,2010-12-31,2010,annual,official_exchange_rate,Tipo de cambio oficial,3.8962951544705,local_currency_per_usd,World Bank,WDI,PA.NUS.FCRF,https://api.worldbank.org/v2/country/ARG/indicator/PA.NUS.FCRF,2026-10-05T02:25:18.275917+00:00,,WDI API extraction,actual,pending,
ARG,Argentina,2011-12-31,2011,annual,official_exchange_rate,Tipo de cambio oficial,4.11013957621326,local_currency_per_usd,World Bank,WDI,PA.NUS.FCRF,https://api.worldbank.org/v2/country/ARG/indicator/PA.NUS.FCRF,2026-10-05T02:25:18.275917+00:00,,WDI API extraction,actual,pending,
ARG,Argentina,2012-12-31,2012,annual,official_exchange_rate,Tipo de cambio oficial,4.53693436018746,local_currency_per_usd,World Bank,WDI,PA.NUS.FCRF,https://api.worldbank.org/v2/country/ARG/indicator/PA.NUS.FCRF,2026-10-05T02:25:18.275917+00:00,,WDI API extraction,actual,pending,
ARG,Argentina,2013-12-31,2013,annual,official_exchange_rate,Tipo de cambio oficial,5.45935266465704,local_currency_per_usd,World Bank,WDI,PA.NUS.FCRF,https://api.worldbank.org/v2/country/ARG/indicator/PA.NUS.FCRF,2026-10-05T02:25:18.275917+00:00,,WDI API extraction,actual,pending,
ARG,Argentina,2014-12-31,2014,annual,official_exchange_rate,Tipo de cambio oficial,8.07527599281334,local_currency_per_usd,World Bank,WDI,PA.NUS.FCRF,https://api.worldbank.org/v2/country/ARG/indicator/PA.NUS.FCRF,2026-10-05T02:25:18.275917+00:00,,WDI API extraction,actual,pending,
ARG,Argentina,2015-12-31,2015,annual,official_exchange_rate,Tipo de cambio oficial,9.23318552472429,local_currency_per_usd,World Bank,WDI,PA.NUS.FCRF,https://api.worldbank.org/v2/country/ARG/indicator/PA.NUS.FCRF,2026-10-05T02:25:18.275917+00:00,,WDI API extraction,actual,pending,
ARG,Argentina,2016-12-31,2016,annual,official_exchange_rate,Tipo de cambio oficial,14.7581750873396,local_currency_per_usd,World Bank,WDI,PA.NUS.FCRF,https://api.worldbank.org/v2/country/ARG/indicator/PA.NUS.FCRF,2026-10-05T02:25:18.275917+00:00,,WDI API extraction,actual,pending,
ARG,Argentina,2017-12-31,2017,annual,official_exchange_rate,Tipo de cambio oficial,16.5627069251411,local_currency_per_usd,World Bank,WDI,PA.NUS.FCRF,https://api.worldbank.org/v2/country/ARG/indicator/PA.NUS.FCRF,2026-10-05T02:25:18.275917+00:00,,WDI API extraction,actual,pending,
ARG,Argentina,2018-12-31,2018,annual,official_exchange_rate,Tipo de cambio oficial,28.0949916666667,local_currency_per_usd,World Bank,WDI,PA.NUS.FCRF,https://api.worldbank.org/v2/country/ARG/indicator/PA.NUS.FCRF,2026-10-05T02:25:18.275917+00:00,,WDI API extraction,actual,pending,
ARG,Argentina,2019-12-31,2019,annual,official_exchange_rate,Tipo de cambio oficial,48.1478916666667,local_currency_per_usd,World Bank,WDI,PA.NUS.FCRF,https://api.worldbank.org/v2/country/ARG/indicator/PA.NUS.FCRF,2026-10-05T02:25:18.275917+00:00,,WDI API extraction,actual,pending,
ARG,Argentina,2020-12-31,2020,annual,official_exchange_rate,Tipo de cambio oficial,70.5391666666667,local_currency_per_usd,World Bank,WDI,PA.NUS.FCRF,https://api.worldbank.org/v2/country/ARG/indicator/PA.NUS.FCRF,2026-10-05T02:25:18.275917+00:00,,WDI API extraction,actual,pending,
ARG,Argentina,2021-12-31,2021,annual,official_exchange_rate,Tipo de cambio oficial,94.9907416666667,local_currency_per_usd,World Bank,WDI,PA.NUS.FCRF,https://api.worldbank.org/v2/country/ARG/indicator/PA.NUS.FCRF,2026-10-05T02:25:18.275917+00:00,,WDI API extraction,actual,pending,
ARG,Argentina,2022-12-31,2022,annual,official_exchange_rate,Tipo de cambio oficial,130.61655,local_currency_per_usd,World Bank,WDI,PA.NUS.FCRF,https://api.worldbank.org/v2/country/ARG/indicator/PA.NUS.FCRF,2026-10-05T02:25:18.275917+00:00,,WDI API extraction,actual,pending,
ARG,Argentina,2023-12-31,2023,annual,official_exchange_rate,Tipo de cambio oficial,296.258041666667,local_currency_per_usd,World Bank,WDI,PA.NUS.FCRF,https://api.worldbank.org/v2/country/ARG/indicator/PA.NUS.FCRF,2026-10-05T02:25:18.275917+00:00,,WDI API extraction,actual,pending,
ARG,Argentina,2024-12-31,2024,annual,official_exchange_rate,Tipo de cambio oficial,914.694883333333,local_currency_per_usd,World Bank,WDI,PA.NUS.FCRF,https://api.worldbank.org/v2/country/ARG/indicator/PA.NUS.FCRF,2026-10-05T02:25:18.275917+00:00,,WDI API extraction,actual,pending,
ARG,Argentina,2025-12-31,2025,annual,official_exchange_rate,Tipo de cambio oficial,1240.85125,local_currency_per_usd,World Bank,WDI,PA.NUS.FCRF,https://api.worldbank.org/v2/country/ARG/indicator/PA.NUS.FCRF,2026-10-05T02:25:18.275917+00:00,,WDI API extraction,actual,pending,
ARG,Argentina,2010-12-31,2010,annual,real_gdp_growth_yoy,Crecimiento real del PIB,10.1253981561002,percent,World Bank,WDI,NY.GDP.MKTP.KD.ZG,https://api.worldbank.org/v2/country/ARG/indicator/NY.GDP.MKTP.KD.ZG,2026-10-05T02:25:18.275917+00:00,,WDI API extraction,actual,pending,
ARG,Argentina,2011-12-31,2011,annual,real_gdp_growth_yoy,Crecimiento real del PIB,6.00395169280579,percent,World Bank,WDI,NY.GDP.MKTP.KD.ZG,https://api.worldbank.org/v2/country/ARG/indicator/NY.GDP.MKTP.KD.ZG,2026-10-05T02:25:18.275917+00:00,,WDI API extraction,actual,pending,
ARG,Argentina,2012-12-31,2012,annual,real_gdp_growth_yoy,Crecimiento real del PIB,-1.0264204544321,percent,World Bank,WDI,NY.GDP.MKTP.KD.ZG,https://api.worldbank.org/v2/country/ARG/indicator/NY.GDP.MKTP.KD.ZG,2026-10-05T02:25:18.275917+00:00,,WDI API extraction,actual,pending,
ARG,Argentina,2013-12-31,2013,annual,real_gdp_growth_yoy,Crecimiento real del PIB,2.40532378079436,percent,World Bank,WDI,NY.GDP.MKTP.KD.ZG,https://api.worldbank.org/v2/country/ARG/indicator/NY.GDP.MKTP.KD.ZG,2026-10-05T02:25:18.275917+00:00,,WDI API extraction,actual,pending,
ARG,Argentina,2014-12-31,2014,annual,real_gdp_growth_yoy,Crecimiento real del PIB,-2.51261532081394,percent,World Bank,WDI,NY.GDP.MKTP.KD.ZG,https://api.worldbank.org/v2/country/ARG/indicator/NY.GDP.MKTP.KD.ZG,2026-10-05T02:25:18.275917+00:00,,WDI API extraction,actual,pending,
ARG,Argentina,2015-12-31,2015,annual,real_gdp_growth_yoy,Crecimiento real del PIB,2.73115982828944,percent,World Bank,WDI,NY.GDP.MKTP.KD.ZG,https://api.worldbank.org/v2/country/ARG/indicator/NY.GDP.MKTP.KD.ZG,2026-10-05T02:25:18.275917+00:00,,WDI API extraction,actual,pending,
ARG,Argentina,2016-12-31,2016,annual,real_gdp_growth_yoy,Crecimiento real del PIB,-2.08032784377811,percent,World Bank,WDI,NY.GDP.MKTP.KD.ZG,https://api.worldbank.org/v2/country/ARG/indicator/NY.GDP.MKTP.KD.ZG,2026-10-05T02:25:18.275917+00:00,,WDI API extraction,actual,pending,
ARG,Argentina,2017-12-31,2017,annual,real_gdp_growth_yoy,Crecimiento real del PIB,2.81850297775918,percent,World Bank,WDI,NY.GDP.MKTP.KD.ZG,https://api.worldbank.org/v2/country/ARG/indicator/NY.GDP.MKTP.KD.ZG,2026-10-05T02:25:18.275917+00:00,,WDI API extraction,actual,pending,
ARG,Argentina,2018-12-31,2018,annual,real_gdp_growth_yoy,Crecimiento real del PIB,-2.61739646282038,percent,World Bank,WDI,NY.GDP.MKTP.KD.ZG,https://api.worldbank.org/v2/country/ARG/indicator/NY.GDP.MKTP.KD.ZG,2026-10-05T02:25:18.275917+00:00,,WDI API extraction,actual,pending,
ARG,Argentina,2019-12-31,2019,annual,real_gdp_growth_yoy,Crecimiento real del PIB,-2.00086100285785,percent,World Bank,WDI,NY.GDP.MKTP.KD.ZG,https://api.worldbank.org/v2/country/ARG/indicator/NY.GDP.MKTP.KD.ZG,2026-10-05T02:25:18.275917+00:00,,WDI API extraction,actual,pending,
ARG,Argentina,2020-12-31,2020,annual,real_gdp_growth_yoy,Crecimiento real del PIB,-9.9004848136464,percent,World Bank,WDI,NY.GDP.MKTP.KD.ZG,https://api.worldbank.org/v2/country/ARG/indicator/NY.GDP.MKTP.KD.ZG,2026-10-05T02:25:18.275917+00:00,,WDI API extraction,actual,pending,
ARG,Argentina,2021-12-31,2021,annual,real_gdp_growth_yoy,Crecimiento real del PIB,10.4418119882506,percent,World Bank,WDI,NY.GDP.MKTP.KD.ZG,https://api.worldbank.org/v2/country/ARG/indicator/NY.GDP.MKTP.KD.ZG,2026-10-05T02:25:18.275917+00:00,,WDI API extraction,actual,pending,
ARG,Argentina,2022-12-31,2022,annual,real_gdp_growth_yoy,Crecimiento real del PIB,6.02074537534855,percent,World Bank,WDI,NY.GDP.MKTP.KD.ZG,https://api.worldbank.org/v2/country/ARG/indicator/NY.GDP.MKTP.KD.ZG,2026-10-05T02:25:18.275917+00:00,,WDI API extraction,actual,pending,
ARG,Argentina,2023-12-31,2023,annual,real_gdp_growth_yoy,Crecimiento real del PIB,-1.85578803046339,percent,World Bank,WDI,NY.GDP.MKTP.KD.ZG,https://api.worldbank.org/v2/country/ARG/indicator/NY.GDP.MKTP.KD.ZG,2026-10-05T02:25:18.275917+00:00,,WDI API extraction,actual,pending,
ARG,Argentina,2024-12-31,2024,annual,real_gdp_growth_yoy,Crecimiento real del PIB,-1.34293072157739,percent,World Bank,WDI,NY.GDP.MKTP.KD.ZG,https://api.worldbank.org/v2/country/ARG/indicator/NY.GDP.MKTP.KD.ZG,2026-10-05T02:25:18.275917+00:00,,WDI API extraction,actual,pending,
ARG,Argentina,2025-12-31,2025,annual,real_gdp_growth_yoy,Crecimiento real del PIB,4.36733330217022,percent,World Bank,WDI,NY.GDP.MKTP.KD.ZG,https://api.worldbank.org/v2/country/ARG/indicator/NY.GDP.MKTP.KD.ZG,2026-10-05T02:25:18.275917+00:00,,WDI API extraction,actual,pending,
BRA,Brazil,2010-12-31,2010,annual,central_gov_debt_gdp,Deuda del gobierno central,61.3187804643039,percent_gdp,World Bank,WDI,GC.DOD.TOTL.GD.ZS,https://api.worldbank.org/v2/country/BRA/indicator/GC.DOD.TOTL.GD.ZS,2026-10-05T02:25:18.275917+00:00,,WDI API extraction,actual,pending,
BRA,Brazil,2011-12-31,2011,annual,central_gov_debt_gdp,Deuda del gobierno central,59.3416583028164,percent_gdp,World Bank,WDI,GC.DOD.TOTL.GD.ZS,https://api.worldbank.org/v2/country/BRA/indicator/GC.DOD.TOTL.GD.ZS,2026-10-05T02:25:18.275917+00:00,,WDI API extraction,actual,pending,
BRA,Brazil,2012-12-31,2012,annual,central_gov_debt_gdp,Deuda del gobierno central,59.8494900007969,percent_gdp,World Bank,WDI,GC.DOD.TOTL.GD.ZS,https://api.worldbank.org/v2/country/BRA/indicator/GC.DOD.TOTL.GD.ZS,2026-10-05T02:25:18.275917+00:00,,WDI API extraction,actual,pending,
BRA,Brazil,2013-12-31,2013,annual,central_gov_debt_gdp,Deuda del gobierno central,57.2284093845516,percent_gdp,World Bank,WDI,GC.DOD.TOTL.GD.ZS,https://api.worldbank.org/v2/country/BRA/indicator/GC.DOD.TOTL.GD.ZS,2026-10-05T02:25:18.275917+00:00,,WDI API extraction,actual,pending,
BRA,Brazil,2014-12-31,2014,annual,central_gov_debt_gdp,Deuda del gobierno central,58.4572711058609,percent_gdp,World Bank,WDI,GC.DOD.TOTL.GD.ZS,https://api.worldbank.org/v2/country/BRA/indicator/GC.DOD.TOTL.GD.ZS,2026-10-05T02:25:18.275917+00:00,,WDI API extraction,actual,pending,
BRA,Brazil,2015-12-31,2015,annual,central_gov_debt_gdp,Deuda del gobierno central,67.5375540310909,percent_gdp,World Bank,WDI,GC.DOD.TOTL.GD.ZS,https://api.worldbank.org/v2/country/BRA/indicator/GC.DOD.TOTL.GD.ZS,2026-10-05T02:25:18.275917+00:00,,WDI API extraction,actual,pending,
BRA,Brazil,2016-12-31,2016,annual,central_gov_debt_gdp,Deuda del gobierno central,73.4188038014782,percent_gdp,World Bank,WDI,GC.DOD.TOTL.GD.ZS,https://api.worldbank.org/v2/country/BRA/indicator/GC.DOD.TOTL.GD.ZS,2026-10-05T02:25:18.275917+00:00,,WDI API extraction,actual,pending,
BRA,Brazil,2017-12-31,2017,annual,central_gov_debt_gdp,Deuda del gobierno central,83.669202649666,percent_gdp,World Bank,WDI,GC.DOD.TOTL.GD.ZS,https://api.worldbank.org/v2/country/BRA/indicator/GC.DOD.TOTL.GD.ZS,2026-10-05T02:25:18.275917+00:00,,WDI API extraction,actual,pending,
BRA,Brazil,2018-12-31,2018,annual,central_gov_debt_gdp,Deuda del gobierno central,86.6078841211512,percent_gdp,World Bank,WDI,GC.DOD.TOTL.GD.ZS,https://api.worldbank.org/v2/country/BRA/indicator/GC.DOD.TOTL.GD.ZS,2026-10-05T02:25:18.275917+00:00,,WDI API extraction,actual,pending,
BRA,Brazil,2019-12-31,2019,annual,central_gov_debt_gdp,Deuda del gobierno central,92.5652531945418,percent_gdp,World Bank,WDI,GC.DOD.TOTL.GD.ZS,https://api.worldbank.org/v2/country/BRA/indicator/GC.DOD.TOTL.GD.ZS,2026-10-05T02:25:18.275917+00:00,,WDI API extraction,actual,pending,
BRA,Brazil,2020-12-31,2020,annual,central_gov_debt_gdp,Deuda del gobierno central,98.7098819468714,percent_gdp,World Bank,WDI,GC.DOD.TOTL.GD.ZS,https://api.worldbank.org/v2/country/BRA/indicator/GC.DOD.TOTL.GD.ZS,2026-10-05T02:25:18.275917+00:00,,WDI API extraction,actual,pending,
BRA,Brazil,2021-12-31,2021,annual,central_gov_debt_gdp,Deuda del gobierno central,85.0115036768016,percent_gdp,World Bank,WDI,GC.DOD.TOTL.GD.ZS,https://api.worldbank.org/v2/country/BRA/indicator/GC.DOD.TOTL.GD.ZS,2026-10-05T02:25:18.275917+00:00,,WDI API extraction,actual,pending,
BRA,Brazil,2022-12-31,2022,annual,central_gov_debt_gdp,Deuda del gobierno central,79.1023218878495,percent_gdp,World Bank,WDI,GC.DOD.TOTL.GD.ZS,https://api.worldbank.org/v2/country/BRA/indicator/GC.DOD.TOTL.GD.ZS,2026-10-05T02:25:18.275917+00:00,,WDI API extraction,actual,pending,
BRA,Brazil,2023-12-31,2023,annual,central_gov_debt_gdp,Deuda del gobierno central,83.0317498523878,percent_gdp,World Bank,WDI,GC.DOD.TOTL.GD.ZS,https://api.worldbank.org/v2/country/BRA/indicator/GC.DOD.TOTL.GD.ZS,2026-10-05T02:25:18.275917+00:00,,WDI API extraction,actual,pending,
BRA,Brazil,2024-12-31,2024,annual,central_gov_debt_gdp,Deuda del gobierno central,81.8554431191023,percent_gdp,World Bank,WDI,GC.DOD.TOTL.GD.ZS,https://api.worldbank.org/v2/country/BRA/indicator/GC.DOD.TOTL.GD.ZS,2026-10-05T02:25:18.275917+00:00,,WDI API extraction,actual,pending,
BRA,Brazil,2025-12-31,2025,annual,central_gov_debt_gdp,Deuda del gobierno central,,percent_gdp,World Bank,WDI,GC.DOD.TOTL.GD.ZS,https://api.worldbank.org/v2/country/BRA/indicator/GC.DOD.TOTL.GD.ZS,2026-10-05T02:25:18.275917+00:00,,WDI API extraction,actual,pending,
BRA,Brazil,2010-12-31,2010,annual,current_account_gdp,Cuenta corriente,-3.92594604454763,percent_gdp,World Bank,WDI,BN.CAB.XOKA.GD.ZS,https://api.worldbank.org/v2/country/BRA/indicator/BN.CAB.XOKA.GD.ZS,2026-10-05T02:25:18.275917+00:00,,WDI API extraction,actual,pending,
BRA,Brazil,2011-12-31,2011,annual,current_account_gdp,Cuenta corriente,-3.19461831905473,percent_gdp,World Bank,WDI,BN.CAB.XOKA.GD.ZS,https://api.worldbank.org/v2/country/BRA/indicator/BN.CAB.XOKA.GD.ZS,2026-10-05T02:25:18.275917+00:00,,WDI API extraction,actual,pending,
BRA,Brazil,2012-12-31,2012,annual,current_account_gdp,Cuenta corriente,-3.75941611687375,percent_gdp,World Bank,WDI,BN.CAB.XOKA.GD.ZS,https://api.worldbank.org/v2/country/BRA/indicator/BN.CAB.XOKA.GD.ZS,2026-10-05T02:25:18.275917+00:00,,WDI API extraction,actual,pending,
BRA,Brazil,2013-12-31,2013,annual,current_account_gdp,Cuenta corriente,-3.57422079622864,percent_gdp,World Bank,WDI,BN.CAB.XOKA.GD.ZS,https://api.worldbank.org/v2/country/BRA/indicator/BN.CAB.XOKA.GD.ZS,2026-10-05T02:25:18.275917+00:00,,WDI API extraction,actual,pending,
BRA,Brazil,2014-12-31,2014,annual,current_account_gdp,Cuenta corriente,-4.4988303801852,percent_gdp,World Bank,WDI,BN.CAB.XOKA.GD.ZS,https://api.worldbank.org/v2/country/BRA/indicator/BN.CAB.XOKA.GD.ZS,2026-10-05T02:25:18.275917+00:00,,WDI API extraction,actual,pending,
BRA,Brazil,2015-12-31,2015,annual,current_account_gdp,Cuenta corriente,-3.51839166799859,percent_gdp,World Bank,WDI,BN.CAB.XOKA.GD.ZS,https://api.worldbank.org/v2/country/BRA/indicator/BN.CAB.XOKA.GD.ZS,2026-10-05T02:25:18.275917+00:00,,WDI API extraction,actual,pending,
BRA,Brazil,2016-12-31,2016,annual,current_account_gdp,Cuenta corriente,-1.700113396765,percent_gdp,World Bank,WDI,BN.CAB.XOKA.GD.ZS,https://api.worldbank.org/v2/country/BRA/indicator/BN.CAB.XOKA.GD.ZS,2026-10-05T02:25:18.275917+00:00,,WDI API extraction,actual,pending,
BRA,Brazil,2017-12-31,2017,annual,current_account_gdp,Cuenta corriente,-1.22429925769002,percent_gdp,World Bank,WDI,BN.CAB.XOKA.GD.ZS,https://api.worldbank.org/v2/country/BRA/indicator/BN.CAB.XOKA.GD.ZS,2026-10-05T02:25:18.275917+00:00,,WDI API extraction,actual,pending,
BRA,Brazil,2018-12-31,2018,annual,current_account_gdp,Cuenta corriente,-2.80752008594698,percent_gdp,World Bank,WDI,BN.CAB.XOKA.GD.ZS,https://api.worldbank.org/v2/country/BRA/indicator/BN.CAB.XOKA.GD.ZS,2026-10-05T02:25:18.275917+00:00,,WDI API extraction,actual,pending,
BRA,Brazil,2019-12-31,2019,annual,current_account_gdp,Cuenta corriente,-3.41429103072781,percent_gdp,World Bank,WDI,BN.CAB.XOKA.GD.ZS,https://api.worldbank.org/v2/country/BRA/indicator/BN.CAB.XOKA.GD.ZS,2026-10-05T02:25:18.275917+00:00,,WDI API extraction,actual,pending,
BRA,Brazil,2020-12-31,2020,annual,current_account_gdp,Cuenta corriente,-1.64103541830151,percent_gdp,World Bank,WDI,BN.CAB.XOKA.GD.ZS,https://api.worldbank.org/v2/country/BRA/indicator/BN.CAB.XOKA.GD.ZS,2026-10-05T02:25:18.275917+00:00,,WDI API extraction,actual,pending,
BRA,Brazil,2021-12-31,2021,annual,current_account_gdp,Cuenta corriente,-2.35822097223117,percent_gdp,World Bank,WDI,BN.CAB.XOKA.GD.ZS,https://api.worldbank.org/v2/country/BRA/indicator/BN.CAB.XOKA.GD.ZS,2026-10-05T02:25:18.275917+00:00,,WDI API extraction,actual,pending,
BRA,Brazil,2022-12-31,2022,annual,current_account_gdp,Cuenta corriente,-2.14967698505073,percent_gdp,World Bank,WDI,BN.CAB.XOKA.GD.ZS,https://api.worldbank.org/v2/country/BRA/indicator/BN.CAB.XOKA.GD.ZS,2026-10-05T02:25:18.275917+00:00,,WDI API extraction,actual,pending,
BRA,Brazil,2023-12-31,2023,annual,current_account_gdp,Cuenta corriente,-1.23139445763703,percent_gdp,World Bank,WDI,BN.CAB.XOKA.GD.ZS,https://api.worldbank.org/v2/country/BRA/indicator/BN.CAB.XOKA.GD.ZS,2026-10-05T02:25:18.275917+00:00,,WDI API extraction,actual,pending,
BRA,Brazil,2024-12-31,2024,annual,current_account_gdp,Cuenta corriente,-2.9880142706208,percent_gdp,World Bank,WDI,BN.CAB.XOKA.GD.ZS,https://api.worldbank.org/v2/country/BRA/indicator/BN.CAB.XOKA.GD.ZS,2026-10-05T02:25:18.275917+00:00,,WDI API extraction,actual,pending,
BRA,Brazil,2025-12-31,2025,annual,current_account_gdp,Cuenta corriente,-2.92630139201733,percent_gdp,World Bank,WDI,BN.CAB.XOKA.GD.ZS,https://api.worldbank.org/v2/country/BRA/indicator/BN.CAB.XOKA.GD.ZS,2026-10-05T02:25:18.275917+00:00,,WDI API extraction,actual,pending,
BRA,Brazil,2010-12-31,2010,annual,fx_reserves_usd,Reservas internacionales,288574623536.622,current_usd,World Bank,WDI,FI.RES.TOTL.CD,https://api.worldbank.org/v2/country/BRA/indicator/FI.RES.TOTL.CD,2026-10-05T02:25:18.275917+00:00,,WDI API extraction,actual,pending,
BRA,Brazil,2011-12-31,2011,annual,fx_reserves_usd,Reservas internacionales,352010222755.829,current_usd,World Bank,WDI,FI.RES.TOTL.CD,https://api.worldbank.org/v2/country/BRA/indicator/FI.RES.TOTL.CD,2026-10-05T02:25:18.275917+00:00,,WDI API extraction,actual,pending,
BRA,Brazil,2012-12-31,2012,annual,fx_reserves_usd,Reservas internacionales,373160977539.732,current_usd,World Bank,WDI,FI.RES.TOTL.CD,https://api.worldbank.org/v2/country/BRA/indicator/FI.RES.TOTL.CD,2026-10-05T02:25:18.275917+00:00,,WDI API extraction,actual,pending,
BRA,Brazil,2013-12-31,2013,annual,fx_reserves_usd,Reservas internacionales,358816422466.118,current_usd,World Bank,WDI,FI.RES.TOTL.CD,https://api.worldbank.org/v2/country/BRA/indicator/FI.RES.TOTL.CD,2026-10-05T02:25:18.275917+00:00,,WDI API extraction,actual,pending,
BRA,Brazil,2014-12-31,2014,annual,fx_reserves_usd,Reservas internacionales,363570226084.661,current_usd,World Bank,WDI,FI.RES.TOTL.CD,https://api.worldbank.org/v2/country/BRA/indicator/FI.RES.TOTL.CD,2026-10-05T02:25:18.275917+00:00,,WDI API extraction,actual,pending,
BRA,Brazil,2015-12-31,2015,annual,fx_reserves_usd,Reservas internacionales,356464980327.488,current_usd,World Bank,WDI,FI.RES.TOTL.CD,https://api.worldbank.org/v2/country/BRA/indicator/FI.RES.TOTL.CD,2026-10-05T02:25:18.275917+00:00,,WDI API extraction,actual,pending,
BRA,Brazil,2016-12-31,2016,annual,fx_reserves_usd,Reservas internacionales,364984039092.456,current_usd,World Bank,WDI,FI.RES.TOTL.CD,https://api.worldbank.org/v2/country/BRA/indicator/FI.RES.TOTL.CD,2026-10-05T02:25:18.275917+00:00,,WDI API extraction,actual,pending,
BRA,Brazil,2017-12-31,2017,annual,fx_reserves_usd,Reservas internacionales,373955518686.487,current_usd,World Bank,WDI,FI.RES.TOTL.CD,https://api.worldbank.org/v2/country/BRA/indicator/FI.RES.TOTL.CD,2026-10-05T02:25:18.275917+00:00,,WDI API extraction,actual,pending,
BRA,Brazil,2018-12-31,2018,annual,fx_reserves_usd,Reservas internacionales,374709673447.828,current_usd,World Bank,WDI,FI.RES.TOTL.CD,https://api.worldbank.org/v2/country/BRA/indicator/FI.RES.TOTL.CD,2026-10-05T02:25:18.275917+00:00,,WDI API extraction,actual,pending,
BRA,Brazil,2019-12-31,2019,annual,fx_reserves_usd,Reservas internacionales,356886386911.979,current_usd,World Bank,WDI,FI.RES.TOTL.CD,https://api.worldbank.org/v2/country/BRA/indicator/FI.RES.TOTL.CD,2026-10-05T02:25:18.275917+00:00,,WDI API extraction,actual,pending,
BRA,Brazil,2020-12-31,2020,annual,fx_reserves_usd,Reservas internacionales,355614251456.14,current_usd,World Bank,WDI,FI.RES.TOTL.CD,https://api.worldbank.org/v2/country/BRA/indicator/FI.RES.TOTL.CD,2026-10-05T02:25:18.275917+00:00,,WDI API extraction,actual,pending,
BRA,Brazil,2021-12-31,2021,annual,fx_reserves_usd,Reservas internacionales,362210079181.317,current_usd,World Bank,WDI,FI.RES.TOTL.CD,https://api.worldbank.org/v2/country/BRA/indicator/FI.RES.TOTL.CD,2026-10-05T02:25:18.275917+00:00,,WDI API extraction,actual,pending,
BRA,Brazil,2022-12-31,2022,annual,fx_reserves_usd,Reservas internacionales,324673449781.4,current_usd,World Bank,WDI,FI.RES.TOTL.CD,https://api.worldbank.org/v2/country/BRA/indicator/FI.RES.TOTL.CD,2026-10-05T02:25:18.275917+00:00,,WDI API extraction,actual,pending,
BRA,Brazil,2023-12-31,2023,annual,fx_reserves_usd,Reservas internacionales,355021395541.562,current_usd,World Bank,WDI,FI.RES.TOTL.CD,https://api.worldbank.org/v2/country/BRA/indicator/FI.RES.TOTL.CD,2026-10-05T02:25:18.275917+00:00,,WDI API extraction,actual,pending,
BRA,Brazil,2024-12-31,2024,annual,fx_reserves_usd,Reservas internacionales,329732443813.378,current_usd,World Bank,WDI,FI.RES.TOTL.CD,https://api.worldbank.org/v2/country/BRA/indicator/FI.RES.TOTL.CD,2026-10-05T02:25:18.275917+00:00,,WDI API extraction,actual,pending,
BRA,Brazil,2025-12-31,2025,annual,fx_reserves_usd,Reservas internacionales,358513128727.455,current_usd,World Bank,WDI,FI.RES.TOTL.CD,https://api.worldbank.org/v2/country/BRA/indicator/FI.RES.TOTL.CD,2026-10-05T02:25:18.275917+00:00,,WDI API extraction,actual,pending,
BRA,Brazil,2010-12-31,2010,annual,inflation_cpi_yoy,Inflación IPC,5.03872690108075,percent,World Bank,WDI,FP.CPI.TOTL.ZG,https://api.worldbank.org/v2/country/BRA/indicator/FP.CPI.TOTL.ZG,2026-10-05T02:25:18.275917+00:00,,WDI API extraction,actual,pending,
BRA,Brazil,2011-12-31,2011,annual,inflation_cpi_yoy,Inflación IPC,6.6364496221309,percent,World Bank,WDI,FP.CPI.TOTL.ZG,https://api.worldbank.org/v2/country/BRA/indicator/FP.CPI.TOTL.ZG,2026-10-05T02:25:18.275917+00:00,,WDI API extraction,actual,pending,
BRA,Brazil,2012-12-31,2012,annual,inflation_cpi_yoy,Inflación IPC,5.40349914036997,percent,World Bank,WDI,FP.CPI.TOTL.ZG,https://api.worldbank.org/v2/country/BRA/indicator/FP.CPI.TOTL.ZG,2026-10-05T02:25:18.275917+00:00,,WDI API extraction,actual,pending,
BRA,Brazil,2013-12-31,2013,annual,inflation_cpi_yoy,Inflación IPC,6.20431066640101,percent,World Bank,WDI,FP.CPI.TOTL.ZG,https://api.worldbank.org/v2/country/BRA/indicator/FP.CPI.TOTL.ZG,2026-10-05T02:25:18.275917+00:00,,WDI API extraction,actual,pending,
BRA,Brazil,2014-12-31,2014,annual,inflation_cpi_yoy,Inflación IPC,6.32904015516139,percent,World Bank,WDI,FP.CPI.TOTL.ZG,https://api.worldbank.org/v2/country/BRA/indicator/FP.CPI.TOTL.ZG,2026-10-05T02:25:18.275917+00:00,,WDI API extraction,actual,pending,
BRA,Brazil,2015-12-31,2015,annual,inflation_cpi_yoy,Inflación IPC,9.02990102416136,percent,World Bank,WDI,FP.CPI.TOTL.ZG,https://api.worldbank.org/v2/country/BRA/indicator/FP.CPI.TOTL.ZG,2026-10-05T02:25:18.275917+00:00,,WDI API extraction,actual,pending,
BRA,Brazil,2016-12-31,2016,annual,inflation_cpi_yoy,Inflación IPC,8.73914352329393,percent,World Bank,WDI,FP.CPI.TOTL.ZG,https://api.worldbank.org/v2/country/BRA/indicator/FP.CPI.TOTL.ZG,2026-10-05T02:25:18.275917+00:00,,WDI API extraction,actual,pending,
BRA,Brazil,2017-12-31,2017,annual,inflation_cpi_yoy,Inflación IPC,3.44637335032669,percent,World Bank,WDI,FP.CPI.TOTL.ZG,https://api.worldbank.org/v2/country/BRA/indicator/FP.CPI.TOTL.ZG,2026-10-05T02:25:18.275917+00:00,,WDI API extraction,actual,pending,
BRA,Brazil,2018-12-31,2018,annual,inflation_cpi_yoy,Inflación IPC,3.66485028376729,percent,World Bank,WDI,FP.CPI.TOTL.ZG,https://api.worldbank.org/v2/country/BRA/indicator/FP.CPI.TOTL.ZG,2026-10-05T02:25:18.275917+00:00,,WDI API extraction,actual,pending,
BRA,Brazil,2019-12-31,2019,annual,inflation_cpi_yoy,Inflación IPC,3.73297621216894,percent,World Bank,WDI,FP.CPI.TOTL.ZG,https://api.worldbank.org/v2/country/BRA/indicator/FP.CPI.TOTL.ZG,2026-10-05T02:25:18.275917+00:00,,WDI API extraction,actual,pending,
BRA,Brazil,2020-12-31,2020,annual,inflation_cpi_yoy,Inflación IPC,3.21176803803376,percent,World Bank,WDI,FP.CPI.TOTL.ZG,https://api.worldbank.org/v2/country/BRA/indicator/FP.CPI.TOTL.ZG,2026-10-05T02:25:18.275917+00:00,,WDI API extraction,actual,pending,
BRA,Brazil,2021-12-31,2021,annual,inflation_cpi_yoy,Inflación IPC,8.30165975585673,percent,World Bank,WDI,FP.CPI.TOTL.ZG,https://api.worldbank.org/v2/country/BRA/indicator/FP.CPI.TOTL.ZG,2026-10-05T02:25:18.275917+00:00,,WDI API extraction,actual,pending,
BRA,Brazil,2022-12-31,2022,annual,inflation_cpi_yoy,Inflación IPC,9.28010608956873,percent,World Bank,WDI,FP.CPI.TOTL.ZG,https://api.worldbank.org/v2/country/BRA/indicator/FP.CPI.TOTL.ZG,2026-10-05T02:25:18.275917+00:00,,WDI API extraction,actual,pending,
BRA,Brazil,2023-12-31,2023,annual,inflation_cpi_yoy,Inflación IPC,4.59356282283204,percent,World Bank,WDI,FP.CPI.TOTL.ZG,https://api.worldbank.org/v2/country/BRA/indicator/FP.CPI.TOTL.ZG,2026-10-05T02:25:18.275917+00:00,,WDI API extraction,actual,pending,
BRA,Brazil,2024-12-31,2024,annual,inflation_cpi_yoy,Inflación IPC,4.36746407652337,percent,World Bank,WDI,FP.CPI.TOTL.ZG,https://api.worldbank.org/v2/country/BRA/indicator/FP.CPI.TOTL.ZG,2026-10-05T02:25:18.275917+00:00,,WDI API extraction,actual,pending,
BRA,Brazil,2025-12-31,2025,annual,inflation_cpi_yoy,Inflación IPC,5.01675279604836,percent,World Bank,WDI,FP.CPI.TOTL.ZG,https://api.worldbank.org/v2/country/BRA/indicator/FP.CPI.TOTL.ZG,2026-10-05T02:25:18.275917+00:00,,WDI API extraction,actual,pending,
BRA,Brazil,2010-12-31,2010,annual,official_exchange_rate,Tipo de cambio oficial,1.75922671058718,local_currency_per_usd,World Bank,WDI,PA.NUS.FCRF,https://api.worldbank.org/v2/country/BRA/indicator/PA.NUS.FCRF,2026-10-05T02:25:18.275917+00:00,,WDI API extraction,actual,pending,
BRA,Brazil,2011-12-31,2011,annual,official_exchange_rate,Tipo de cambio oficial,1.67282875525659,local_currency_per_usd,World Bank,WDI,PA.NUS.FCRF,https://api.worldbank.org/v2/country/BRA/indicator/PA.NUS.FCRF,2026-10-05T02:25:18.275917+00:00,,WDI API extraction,actual,pending,
BRA,Brazil,2012-12-31,2012,annual,official_exchange_rate,Tipo de cambio oficial,1.95306861112487,local_currency_per_usd,World Bank,WDI,PA.NUS.FCRF,https://api.worldbank.org/v2/country/BRA/indicator/PA.NUS.FCRF,2026-10-05T02:25:18.275917+00:00,,WDI API extraction,actual,pending,
BRA,Brazil,2013-12-31,2013,annual,official_exchange_rate,Tipo de cambio oficial,2.15608915126311,local_currency_per_usd,World Bank,WDI,PA.NUS.FCRF,https://api.worldbank.org/v2/country/BRA/indicator/PA.NUS.FCRF,2026-10-05T02:25:18.275917+00:00,,WDI API extraction,actual,pending,
BRA,Brazil,2014-12-31,2014,annual,official_exchange_rate,Tipo de cambio oficial,2.35295196276669,local_currency_per_usd,World Bank,WDI,PA.NUS.FCRF,https://api.worldbank.org/v2/country/BRA/indicator/PA.NUS.FCRF,2026-10-05T02:25:18.275917+00:00,,WDI API extraction,actual,pending,
BRA,Brazil,2015-12-31,2015,annual,official_exchange_rate,Tipo de cambio oficial,3.32690438276879,local_currency_per_usd,World Bank,WDI,PA.NUS.FCRF,https://api.worldbank.org/v2/country/BRA/indicator/PA.NUS.FCRF,2026-10-05T02:25:18.275917+00:00,,WDI API extraction,actual,pending,
BRA,Brazil,2016-12-31,2016,annual,official_exchange_rate,Tipo de cambio oficial,3.49131342157271,local_currency_per_usd,World Bank,WDI,PA.NUS.FCRF,https://api.worldbank.org/v2/country/BRA/indicator/PA.NUS.FCRF,2026-10-05T02:25:18.275917+00:00,,WDI API extraction,actual,pending,
BRA,Brazil,2017-12-31,2017,annual,official_exchange_rate,Tipo de cambio oficial,3.19138944630048,local_currency_per_usd,World Bank,WDI,PA.NUS.FCRF,https://api.worldbank.org/v2/country/BRA/indicator/PA.NUS.FCRF,2026-10-05T02:25:18.275917+00:00,,WDI API extraction,actual,pending,
BRA,Brazil,2018-12-31,2018,annual,official_exchange_rate,Tipo de cambio oficial,3.65382536145755,local_currency_per_usd,World Bank,WDI,PA.NUS.FCRF,https://api.worldbank.org/v2/country/BRA/indicator/PA.NUS.FCRF,2026-10-05T02:25:18.275917+00:00,,WDI API extraction,actual,pending,
BRA,Brazil,2019-12-31,2019,annual,official_exchange_rate,Tipo de cambio oficial,3.9444710972507,local_currency_per_usd,World Bank,WDI,PA.NUS.FCRF,https://api.worldbank.org/v2/country/BRA/indicator/PA.NUS.FCRF,2026-10-05T02:25:18.275917+00:00,,WDI API extraction,actual,pending,
BRA,Brazil,2020-12-31,2020,annual,official_exchange_rate,Tipo de cambio oficial,5.15517878751281,local_currency_per_usd,World Bank,WDI,PA.NUS.FCRF,https://api.worldbank.org/v2/country/BRA/indicator/PA.NUS.FCRF,2026-10-05T02:25:18.275917+00:00,,WDI API extraction,actual,pending,
BRA,Brazil,2021-12-31,2021,annual,official_exchange_rate,Tipo de cambio oficial,5.39440078962503,local_currency_per_usd,World Bank,WDI,PA.NUS.FCRF,https://api.worldbank.org/v2/country/BRA/indicator/PA.NUS.FCRF,2026-10-05T02:25:18.275917+00:00,,WDI API extraction,actual,pending,
BRA,Brazil,2022-12-31,2022,annual,official_exchange_rate,Tipo de cambio oficial,5.16397029102111,local_currency_per_usd,World Bank,WDI,PA.NUS.FCRF,https://api.worldbank.org/v2/country/BRA/indicator/PA.NUS.FCRF,2026-10-05T02:25:18.275917+00:00,,WDI API extraction,actual,pending,
BRA,Brazil,2023-12-31,2023,annual,official_exchange_rate,Tipo de cambio oficial,4.99437976287199,local_currency_per_usd,World Bank,WDI,PA.NUS.FCRF,https://api.worldbank.org/v2/country/BRA/indicator/PA.NUS.FCRF,2026-10-05T02:25:18.275917+00:00,,WDI API extraction,actual,pending,
BRA,Brazil,2024-12-31,2024,annual,official_exchange_rate,Tipo de cambio oficial,5.3889349057096,local_currency_per_usd,World Bank,WDI,PA.NUS.FCRF,https://api.worldbank.org/v2/country/BRA/indicator/PA.NUS.FCRF,2026-10-05T02:25:18.275917+00:00,,WDI API extraction,actual,pending,
BRA,Brazil,2025-12-31,2025,annual,official_exchange_rate,Tipo de cambio oficial,5.58728623856661,local_currency_per_usd,World Bank,WDI,PA.NUS.FCRF,https://api.worldbank.org/v2/country/BRA/indicator/PA.NUS.FCRF,2026-10-05T02:25:18.275917+00:00,,WDI API extraction,actual,pending,
BRA,Brazil,2010-12-31,2010,annual,real_gdp_growth_yoy,Crecimiento real del PIB,7.52822581815364,percent,World Bank,WDI,NY.GDP.MKTP.KD.ZG,https://api.worldbank.org/v2/country/BRA/indicator/NY.GDP.MKTP.KD.ZG,2026-10-05T02:25:18.275917+00:00,,WDI API extraction,actual,pending,
BRA,Brazil,2011-12-31,2011,annual,real_gdp_growth_yoy,Crecimiento real del PIB,3.97442307944702,percent,World Bank,WDI,NY.GDP.MKTP.KD.ZG,https://api.worldbank.org/v2/country/BRA/indicator/NY.GDP.MKTP.KD.ZG,2026-10-05T02:25:18.275917+00:00,,WDI API extraction,actual,pending,
BRA,Brazil,2012-12-31,2012,annual,real_gdp_growth_yoy,Crecimiento real del PIB,1.92117598576537,percent,World Bank,WDI,NY.GDP.MKTP.KD.ZG,https://api.worldbank.org/v2/country/BRA/indicator/NY.GDP.MKTP.KD.ZG,2026-10-05T02:25:18.275917+00:00,,WDI API extraction,actual,pending,
BRA,Brazil,2013-12-31,2013,annual,real_gdp_growth_yoy,Crecimiento real del PIB,3.00482266944432,percent,World Bank,WDI,NY.GDP.MKTP.KD.ZG,https://api.worldbank.org/v2/country/BRA/indicator/NY.GDP.MKTP.KD.ZG,2026-10-05T02:25:18.275917+00:00,,WDI API extraction,actual,pending,
BRA,Brazil,2014-12-31,2014,annual,real_gdp_growth_yoy,Crecimiento real del PIB,0.503955740242247,percent,World Bank,WDI,NY.GDP.MKTP.KD.ZG,https://api.worldbank.org/v2/country/BRA/indicator/NY.GDP.MKTP.KD.ZG,2026-10-05T02:25:18.275917+00:00,,WDI API extraction,actual,pending,
BRA,Brazil,2015-12-31,2015,annual,real_gdp_growth_yoy,Crecimiento real del PIB,-3.54576339269425,percent,World Bank,WDI,NY.GDP.MKTP.KD.ZG,https://api.worldbank.org/v2/country/BRA/indicator/NY.GDP.MKTP.KD.ZG,2026-10-05T02:25:18.275917+00:00,,WDI API extraction,actual,pending,
BRA,Brazil,2016-12-31,2016,annual,real_gdp_growth_yoy,Crecimiento real del PIB,-3.27591690782192,percent,World Bank,WDI,NY.GDP.MKTP.KD.ZG,https://api.worldbank.org/v2/country/BRA/indicator/NY.GDP.MKTP.KD.ZG,2026-10-05T02:25:18.275917+00:00,,WDI API extraction,actual,pending,
BRA,Brazil,2017-12-31,2017,annual,real_gdp_growth_yoy,Crecimiento real del PIB,1.32286905404399,percent,World Bank,WDI,NY.GDP.MKTP.KD.ZG,https://api.worldbank.org/v2/country/BRA/indicator/NY.GDP.MKTP.KD.ZG,2026-10-05T02:25:18.275917+00:00,,WDI API extraction,actual,pending,
BRA,Brazil,2018-12-31,2018,annual,real_gdp_growth_yoy,Crecimiento real del PIB,1.783666761634,percent,World Bank,WDI,NY.GDP.MKTP.KD.ZG,https://api.worldbank.org/v2/country/BRA/indicator/NY.GDP.MKTP.KD.ZG,2026-10-05T02:25:18.275917+00:00,,WDI API extraction,actual,pending,
BRA,Brazil,2019-12-31,2019,annual,real_gdp_growth_yoy,Crecimiento real del PIB,1.22077782360842,percent,World Bank,WDI,NY.GDP.MKTP.KD.ZG,https://api.worldbank.org/v2/country/BRA/indicator/NY.GDP.MKTP.KD.ZG,2026-10-05T02:25:18.275917+00:00,,WDI API extraction,actual,pending,
BRA,Brazil,2020-12-31,2020,annual,real_gdp_growth_yoy,Crecimiento real del PIB,-3.2767587964736,percent,World Bank,WDI,NY.GDP.MKTP.KD.ZG,https://api.worldbank.org/v2/country/BRA/indicator/NY.GDP.MKTP.KD.ZG,2026-10-05T02:25:18.275917+00:00,,WDI API extraction,actual,pending,
BRA,Brazil,2021-12-31,2021,annual,real_gdp_growth_yoy,Crecimiento real del PIB,4.76260437908608,percent,World Bank,WDI,NY.GDP.MKTP.KD.ZG,https://api.worldbank.org/v2/country/BRA/indicator/NY.GDP.MKTP.KD.ZG,2026-10-05T02:25:18.275917+00:00,,WDI API extraction,actual,pending,
BRA,Brazil,2022-12-31,2022,annual,real_gdp_growth_yoy,Crecimiento real del PIB,3.01669435393015,percent,World Bank,WDI,NY.GDP.MKTP.KD.ZG,https://api.worldbank.org/v2/country/BRA/indicator/NY.GDP.MKTP.KD.ZG,2026-10-05T02:25:18.275917+00:00,,WDI API extraction,actual,pending,
BRA,Brazil,2023-12-31,2023,annual,real_gdp_growth_yoy,Crecimiento real del PIB,3.24165532906981,percent,World Bank,WDI,NY.GDP.MKTP.KD.ZG,https://api.worldbank.org/v2/country/BRA/indicator/NY.GDP.MKTP.KD.ZG,2026-10-05T02:25:18.275917+00:00,,WDI API extraction,actual,pending,
BRA,Brazil,2024-12-31,2024,annual,real_gdp_growth_yoy,Crecimiento real del PIB,3.41931516501906,percent,World Bank,WDI,NY.GDP.MKTP.KD.ZG,https://api.worldbank.org/v2/country/BRA/indicator/NY.GDP.MKTP.KD.ZG,2026-10-05T02:25:18.275917+00:00,,WDI API extraction,actual,pending,
BRA,Brazil,2025-12-31,2025,annual,real_gdp_growth_yoy,Crecimiento real del PIB,2.2857464902475,percent,World Bank,WDI,NY.GDP.MKTP.KD.ZG,https://api.worldbank.org/v2/country/BRA/indicator/NY.GDP.MKTP.KD.ZG,2026-10-05T02:25:18.275917+00:00,,WDI API extraction,actual,pending,
CHL,Chile,2010-12-31,2010,annual,central_gov_debt_gdp,Deuda del gobierno central,,percent_gdp,World Bank,WDI,GC.DOD.TOTL.GD.ZS,https://api.worldbank.org/v2/country/CHL/indicator/GC.DOD.TOTL.GD.ZS,2026-10-05T02:25:18.275917+00:00,,WDI API extraction,actual,pending,
CHL,Chile,2011-12-31,2011,annual,central_gov_debt_gdp,Deuda del gobierno central,,percent_gdp,World Bank,WDI,GC.DOD.TOTL.GD.ZS,https://api.worldbank.org/v2/country/CHL/indicator/GC.DOD.TOTL.GD.ZS,2026-10-05T02:25:18.275917+00:00,,WDI API extraction,actual,pending,
CHL,Chile,2012-12-31,2012,annual,central_gov_debt_gdp,Deuda del gobierno central,,percent_gdp,World Bank,WDI,GC.DOD.TOTL.GD.ZS,https://api.worldbank.org/v2/country/CHL/indicator/GC.DOD.TOTL.GD.ZS,2026-10-05T02:25:18.275917+00:00,,WDI API extraction,actual,pending,
CHL,Chile,2013-12-31,2013,annual,central_gov_debt_gdp,Deuda del gobierno central,,percent_gdp,World Bank,WDI,GC.DOD.TOTL.GD.ZS,https://api.worldbank.org/v2/country/CHL/indicator/GC.DOD.TOTL.GD.ZS,2026-10-05T02:25:18.275917+00:00,,WDI API extraction,actual,pending,
CHL,Chile,2014-12-31,2014,annual,central_gov_debt_gdp,Deuda del gobierno central,,percent_gdp,World Bank,WDI,GC.DOD.TOTL.GD.ZS,https://api.worldbank.org/v2/country/CHL/indicator/GC.DOD.TOTL.GD.ZS,2026-10-05T02:25:18.275917+00:00,,WDI API extraction,actual,pending,
CHL,Chile,2015-12-31,2015,annual,central_gov_debt_gdp,Deuda del gobierno central,,percent_gdp,World Bank,WDI,GC.DOD.TOTL.GD.ZS,https://api.worldbank.org/v2/country/CHL/indicator/GC.DOD.TOTL.GD.ZS,2026-10-05T02:25:18.275917+00:00,,WDI API extraction,actual,pending,
CHL,Chile,2016-12-31,2016,annual,central_gov_debt_gdp,Deuda del gobierno central,,percent_gdp,World Bank,WDI,GC.DOD.TOTL.GD.ZS,https://api.worldbank.org/v2/country/CHL/indicator/GC.DOD.TOTL.GD.ZS,2026-10-05T02:25:18.275917+00:00,,WDI API extraction,actual,pending,
CHL,Chile,2017-12-31,2017,annual,central_gov_debt_gdp,Deuda del gobierno central,,percent_gdp,World Bank,WDI,GC.DOD.TOTL.GD.ZS,https://api.worldbank.org/v2/country/CHL/indicator/GC.DOD.TOTL.GD.ZS,2026-10-05T02:25:18.275917+00:00,,WDI API extraction,actual,pending,
CHL,Chile,2018-12-31,2018,annual,central_gov_debt_gdp,Deuda del gobierno central,,percent_gdp,World Bank,WDI,GC.DOD.TOTL.GD.ZS,https://api.worldbank.org/v2/country/CHL/indicator/GC.DOD.TOTL.GD.ZS,2026-10-05T02:25:18.275917+00:00,,WDI API extraction,actual,pending,
CHL,Chile,2019-12-31,2019,annual,central_gov_debt_gdp,Deuda del gobierno central,,percent_gdp,World Bank,WDI,GC.DOD.TOTL.GD.ZS,https://api.worldbank.org/v2/country/CHL/indicator/GC.DOD.TOTL.GD.ZS,2026-10-05T02:25:18.275917+00:00,,WDI API extraction,actual,pending,
CHL,Chile,2020-12-31,2020,annual,central_gov_debt_gdp,Deuda del gobierno central,,percent_gdp,World Bank,WDI,GC.DOD.TOTL.GD.ZS,https://api.worldbank.org/v2/country/CHL/indicator/GC.DOD.TOTL.GD.ZS,2026-10-05T02:25:18.275917+00:00,,WDI API extraction,actual,pending,
CHL,Chile,2021-12-31,2021,annual,central_gov_debt_gdp,Deuda del gobierno central,,percent_gdp,World Bank,WDI,GC.DOD.TOTL.GD.ZS,https://api.worldbank.org/v2/country/CHL/indicator/GC.DOD.TOTL.GD.ZS,2026-10-05T02:25:18.275917+00:00,,WDI API extraction,actual,pending,
CHL,Chile,2022-12-31,2022,annual,central_gov_debt_gdp,Deuda del gobierno central,,percent_gdp,World Bank,WDI,GC.DOD.TOTL.GD.ZS,https://api.worldbank.org/v2/country/CHL/indicator/GC.DOD.TOTL.GD.ZS,2026-10-05T02:25:18.275917+00:00,,WDI API extraction,actual,pending,
CHL,Chile,2023-12-31,2023,annual,central_gov_debt_gdp,Deuda del gobierno central,,percent_gdp,World Bank,WDI,GC.DOD.TOTL.GD.ZS,https://api.worldbank.org/v2/country/CHL/indicator/GC.DOD.TOTL.GD.ZS,2026-10-05T02:25:18.275917+00:00,,WDI API extraction,actual,pending,
CHL,Chile,2024-12-31,2024,annual,central_gov_debt_gdp,Deuda del gobierno central,,percent_gdp,World Bank,WDI,GC.DOD.TOTL.GD.ZS,https://api.worldbank.org/v2/country/CHL/indicator/GC.DOD.TOTL.GD.ZS,2026-10-05T02:25:18.275917+00:00,,WDI API extraction,actual,pending,
CHL,Chile,2025-12-31,2025,annual,central_gov_debt_gdp,Deuda del gobierno central,,percent_gdp,World Bank,WDI,GC.DOD.TOTL.GD.ZS,https://api.worldbank.org/v2/country/CHL/indicator/GC.DOD.TOTL.GD.ZS,2026-10-05T02:25:18.275917+00:00,,WDI API extraction,actual,pending,
CHL,Chile,2010-12-31,2010,annual,current_account_gdp,Cuenta corriente,0.896881680744076,percent_gdp,World Bank,WDI,BN.CAB.XOKA.GD.ZS,https://api.worldbank.org/v2/country/CHL/indicator/BN.CAB.XOKA.GD.ZS,2026-10-05T02:25:18.275917+00:00,,WDI API extraction,actual,pending,
CHL,Chile,2011-12-31,2011,annual,current_account_gdp,Cuenta corriente,-4.91713901662886,percent_gdp,World Bank,WDI,BN.CAB.XOKA.GD.ZS,https://api.worldbank.org/v2/country/CHL/indicator/BN.CAB.XOKA.GD.ZS,2026-10-05T02:25:18.275917+00:00,,WDI API extraction,actual,pending,
CHL,Chile,2012-12-31,2012,annual,current_account_gdp,Cuenta corriente,-5.32849119001729,percent_gdp,World Bank,WDI,BN.CAB.XOKA.GD.ZS,https://api.worldbank.org/v2/country/CHL/indicator/BN.CAB.XOKA.GD.ZS,2026-10-05T02:25:18.275917+00:00,,WDI API extraction,actual,pending,
CHL,Chile,2013-12-31,2013,annual,current_account_gdp,Cuenta corriente,-4.77606541666959,percent_gdp,World Bank,WDI,BN.CAB.XOKA.GD.ZS,https://api.worldbank.org/v2/country/CHL/indicator/BN.CAB.XOKA.GD.ZS,2026-10-05T02:25:18.275917+00:00,,WDI API extraction,actual,pending,
CHL,Chile,2014-12-31,2014,annual,current_account_gdp,Cuenta corriente,-3.46029991877659,percent_gdp,World Bank,WDI,BN.CAB.XOKA.GD.ZS,https://api.worldbank.org/v2/country/CHL/indicator/BN.CAB.XOKA.GD.ZS,2026-10-05T02:25:18.275917+00:00,,WDI API extraction,actual,pending,
CHL,Chile,2015-12-31,2015,annual,current_account_gdp,Cuenta corriente,-2.73506821605392,percent_gdp,World Bank,WDI,BN.CAB.XOKA.GD.ZS,https://api.worldbank.org/v2/country/CHL/indicator/BN.CAB.XOKA.GD.ZS,2026-10-05T02:25:18.275917+00:00,,WDI API extraction,actual,pending,
CHL,Chile,2016-12-31,2016,annual,current_account_gdp,Cuenta corriente,-2.62065852365988,percent_gdp,World Bank,WDI,BN.CAB.XOKA.GD.ZS,https://api.worldbank.org/v2/country/CHL/indicator/BN.CAB.XOKA.GD.ZS,2026-10-05T02:25:18.275917+00:00,,WDI API extraction,actual,pending,
CHL,Chile,2017-12-31,2017,annual,current_account_gdp,Cuenta corriente,-2.75779980852367,percent_gdp,World Bank,WDI,BN.CAB.XOKA.GD.ZS,https://api.worldbank.org/v2/country/CHL/indicator/BN.CAB.XOKA.GD.ZS,2026-10-05T02:25:18.275917+00:00,,WDI API extraction,actual,pending,
CHL,Chile,2018-12-31,2018,annual,current_account_gdp,Cuenta corriente,-4.48367554777816,percent_gdp,World Bank,WDI,BN.CAB.XOKA.GD.ZS,https://api.worldbank.org/v2/country/CHL/indicator/BN.CAB.XOKA.GD.ZS,2026-10-05T02:25:18.275917+00:00,,WDI API extraction,actual,pending,
CHL,Chile,2019-12-31,2019,annual,current_account_gdp,Cuenta corriente,-5.21201190646601,percent_gdp,World Bank,WDI,BN.CAB.XOKA.GD.ZS,https://api.worldbank.org/v2/country/CHL/indicator/BN.CAB.XOKA.GD.ZS,2026-10-05T02:25:18.275917+00:00,,WDI API extraction,actual,pending,
CHL,Chile,2020-12-31,2020,annual,current_account_gdp,Cuenta corriente,-1.96248572878056,percent_gdp,World Bank,WDI,BN.CAB.XOKA.GD.ZS,https://api.worldbank.org/v2/country/CHL/indicator/BN.CAB.XOKA.GD.ZS,2026-10-05T02:25:18.275917+00:00,,WDI API extraction,actual,pending,
CHL,Chile,2021-12-31,2021,annual,current_account_gdp,Cuenta corriente,-7.29452522459608,percent_gdp,World Bank,WDI,BN.CAB.XOKA.GD.ZS,https://api.worldbank.org/v2/country/CHL/indicator/BN.CAB.XOKA.GD.ZS,2026-10-05T02:25:18.275917+00:00,,WDI API extraction,actual,pending,
CHL,Chile,2022-12-31,2022,annual,current_account_gdp,Cuenta corriente,-8.87430060140152,percent_gdp,World Bank,WDI,BN.CAB.XOKA.GD.ZS,https://api.worldbank.org/v2/country/CHL/indicator/BN.CAB.XOKA.GD.ZS,2026-10-05T02:25:18.275917+00:00,,WDI API extraction,actual,pending,
CHL,Chile,2023-12-31,2023,annual,current_account_gdp,Cuenta corriente,-3.10428872521174,percent_gdp,World Bank,WDI,BN.CAB.XOKA.GD.ZS,https://api.worldbank.org/v2/country/CHL/indicator/BN.CAB.XOKA.GD.ZS,2026-10-05T02:25:18.275917+00:00,,WDI API extraction,actual,pending,
CHL,Chile,2024-12-31,2024,annual,current_account_gdp,Cuenta corriente,-1.16817210444884,percent_gdp,World Bank,WDI,BN.CAB.XOKA.GD.ZS,https://api.worldbank.org/v2/country/CHL/indicator/BN.CAB.XOKA.GD.ZS,2026-10-05T02:25:18.275917+00:00,,WDI API extraction,actual,pending,
CHL,Chile,2025-12-31,2025,annual,current_account_gdp,Cuenta corriente,-1.21688011748722,percent_gdp,World Bank,WDI,BN.CAB.XOKA.GD.ZS,https://api.worldbank.org/v2/country/CHL/indicator/BN.CAB.XOKA.GD.ZS,2026-10-05T02:25:18.275917+00:00,,WDI API extraction,actual,pending,
CHL,Chile,2010-12-31,2010,annual,fx_reserves_usd,Reservas internacionales,27827450636.1978,current_usd,World Bank,WDI,FI.RES.TOTL.CD,https://api.worldbank.org/v2/country/CHL/indicator/FI.RES.TOTL.CD,2026-10-05T02:25:18.275917+00:00,,WDI API extraction,actual,pending,
CHL,Chile,2011-12-31,2011,annual,fx_reserves_usd,Reservas internacionales,41943889984.8962,current_usd,World Bank,WDI,FI.RES.TOTL.CD,https://api.worldbank.org/v2/country/CHL/indicator/FI.RES.TOTL.CD,2026-10-05T02:25:18.275917+00:00,,WDI API extraction,actual,pending,
CHL,Chile,2012-12-31,2012,annual,fx_reserves_usd,Reservas internacionales,41649256237.5881,current_usd,World Bank,WDI,FI.RES.TOTL.CD,https://api.worldbank.org/v2/country/CHL/indicator/FI.RES.TOTL.CD,2026-10-05T02:25:18.275917+00:00,,WDI API extraction,actual,pending,
CHL,Chile,2013-12-31,2013,annual,fx_reserves_usd,Reservas internacionales,41093252538.759,current_usd,World Bank,WDI,FI.RES.TOTL.CD,https://api.worldbank.org/v2/country/CHL/indicator/FI.RES.TOTL.CD,2026-10-05T02:25:18.275917+00:00,,WDI API extraction,actual,pending,
CHL,Chile,2014-12-31,2014,annual,fx_reserves_usd,Reservas internacionales,40447379051.6687,current_usd,World Bank,WDI,FI.RES.TOTL.CD,https://api.worldbank.org/v2/country/CHL/indicator/FI.RES.TOTL.CD,2026-10-05T02:25:18.275917+00:00,,WDI API extraction,actual,pending,
CHL,Chile,2015-12-31,2015,annual,fx_reserves_usd,Reservas internacionales,38641176606.0315,current_usd,World Bank,WDI,FI.RES.TOTL.CD,https://api.worldbank.org/v2/country/CHL/indicator/FI.RES.TOTL.CD,2026-10-05T02:25:18.275917+00:00,,WDI API extraction,actual,pending,
CHL,Chile,2016-12-31,2016,annual,fx_reserves_usd,Reservas internacionales,40493293729.5297,current_usd,World Bank,WDI,FI.RES.TOTL.CD,https://api.worldbank.org/v2/country/CHL/indicator/FI.RES.TOTL.CD,2026-10-05T02:25:18.275917+00:00,,WDI API extraction,actual,pending,
CHL,Chile,2017-12-31,2017,annual,fx_reserves_usd,Reservas internacionales,38981539753.7984,current_usd,World Bank,WDI,FI.RES.TOTL.CD,https://api.worldbank.org/v2/country/CHL/indicator/FI.RES.TOTL.CD,2026-10-05T02:25:18.275917+00:00,,WDI API extraction,actual,pending,
CHL,Chile,2018-12-31,2018,annual,fx_reserves_usd,Reservas internacionales,39858824174.8114,current_usd,World Bank,WDI,FI.RES.TOTL.CD,https://api.worldbank.org/v2/country/CHL/indicator/FI.RES.TOTL.CD,2026-10-05T02:25:18.275917+00:00,,WDI API extraction,actual,pending,
CHL,Chile,2019-12-31,2019,annual,fx_reserves_usd,Reservas internacionales,40655524238.3282,current_usd,World Bank,WDI,FI.RES.TOTL.CD,https://api.worldbank.org/v2/country/CHL/indicator/FI.RES.TOTL.CD,2026-10-05T02:25:18.275917+00:00,,WDI API extraction,actual,pending,
CHL,Chile,2020-12-31,2020,annual,fx_reserves_usd,Reservas internacionales,39166118109.4101,current_usd,World Bank,WDI,FI.RES.TOTL.CD,https://api.worldbank.org/v2/country/CHL/indicator/FI.RES.TOTL.CD,2026-10-05T02:25:18.275917+00:00,,WDI API extraction,actual,pending,
CHL,Chile,2021-12-31,2021,annual,fx_reserves_usd,Reservas internacionales,51252167799.6881,current_usd,World Bank,WDI,FI.RES.TOTL.CD,https://api.worldbank.org/v2/country/CHL/indicator/FI.RES.TOTL.CD,2026-10-05T02:25:18.275917+00:00,,WDI API extraction,actual,pending,
CHL,Chile,2022-12-31,2022,annual,fx_reserves_usd,Reservas internacionales,39102338845.0328,current_usd,World Bank,WDI,FI.RES.TOTL.CD,https://api.worldbank.org/v2/country/CHL/indicator/FI.RES.TOTL.CD,2026-10-05T02:25:18.275917+00:00,,WDI API extraction,actual,pending,
CHL,Chile,2023-12-31,2023,annual,fx_reserves_usd,Reservas internacionales,46377347796.8251,current_usd,World Bank,WDI,FI.RES.TOTL.CD,https://api.worldbank.org/v2/country/CHL/indicator/FI.RES.TOTL.CD,2026-10-05T02:25:18.275917+00:00,,WDI API extraction,actual,pending,
CHL,Chile,2024-12-31,2024,annual,fx_reserves_usd,Reservas internacionales,44403009394.3695,current_usd,World Bank,WDI,FI.RES.TOTL.CD,https://api.worldbank.org/v2/country/CHL/indicator/FI.RES.TOTL.CD,2026-10-05T02:25:18.275917+00:00,,WDI API extraction,actual,pending,
CHL,Chile,2025-12-31,2025,annual,fx_reserves_usd,Reservas internacionales,49449773295.6302,current_usd,World Bank,WDI,FI.RES.TOTL.CD,https://api.worldbank.org/v2/country/CHL/indicator/FI.RES.TOTL.CD,2026-10-05T02:25:18.275917+00:00,,WDI API extraction,actual,pending,
CHL,Chile,2010-12-31,2010,annual,inflation_cpi_yoy,Inflación IPC,1.41071107954321,percent,World Bank,WDI,FP.CPI.TOTL.ZG,https://api.worldbank.org/v2/country/CHL/indicator/FP.CPI.TOTL.ZG,2026-10-05T02:25:18.275917+00:00,,WDI API extraction,actual,pending,
CHL,Chile,2011-12-31,2011,annual,inflation_cpi_yoy,Inflación IPC,3.34121694259302,percent,World Bank,WDI,FP.CPI.TOTL.ZG,https://api.worldbank.org/v2/country/CHL/indicator/FP.CPI.TOTL.ZG,2026-10-05T02:25:18.275917+00:00,,WDI API extraction,actual,pending,
CHL,Chile,2012-12-31,2012,annual,inflation_cpi_yoy,Inflación IPC,3.00744840213047,percent,World Bank,WDI,FP.CPI.TOTL.ZG,https://api.worldbank.org/v2/country/CHL/indicator/FP.CPI.TOTL.ZG,2026-10-05T02:25:18.275917+00:00,,WDI API extraction,actual,pending,
CHL,Chile,2013-12-31,2013,annual,inflation_cpi_yoy,Inflación IPC,1.7895555398459,percent,World Bank,WDI,FP.CPI.TOTL.ZG,https://api.worldbank.org/v2/country/CHL/indicator/FP.CPI.TOTL.ZG,2026-10-05T02:25:18.275917+00:00,,WDI API extraction,actual,pending,
CHL,Chile,2014-12-31,2014,annual,inflation_cpi_yoy,Inflación IPC,4.71867527854672,percent,World Bank,WDI,FP.CPI.TOTL.ZG,https://api.worldbank.org/v2/country/CHL/indicator/FP.CPI.TOTL.ZG,2026-10-05T02:25:18.275917+00:00,,WDI API extraction,actual,pending,
CHL,Chile,2015-12-31,2015,annual,inflation_cpi_yoy,Inflación IPC,4.34877353217044,percent,World Bank,WDI,FP.CPI.TOTL.ZG,https://api.worldbank.org/v2/country/CHL/indicator/FP.CPI.TOTL.ZG,2026-10-05T02:25:18.275917+00:00,,WDI API extraction,actual,pending,
CHL,Chile,2016-12-31,2016,annual,inflation_cpi_yoy,Inflación IPC,3.78619355893118,percent,World Bank,WDI,FP.CPI.TOTL.ZG,https://api.worldbank.org/v2/country/CHL/indicator/FP.CPI.TOTL.ZG,2026-10-05T02:25:18.275917+00:00,,WDI API extraction,actual,pending,
CHL,Chile,2017-12-31,2017,annual,inflation_cpi_yoy,Inflación IPC,2.18271846868519,percent,World Bank,WDI,FP.CPI.TOTL.ZG,https://api.worldbank.org/v2/country/CHL/indicator/FP.CPI.TOTL.ZG,2026-10-05T02:25:18.275917+00:00,,WDI API extraction,actual,pending,
CHL,Chile,2018-12-31,2018,annual,inflation_cpi_yoy,Inflación IPC,2.43488981353057,percent,World Bank,WDI,FP.CPI.TOTL.ZG,https://api.worldbank.org/v2/country/CHL/indicator/FP.CPI.TOTL.ZG,2026-10-05T02:25:18.275917+00:00,,WDI API extraction,actual,pending,
CHL,Chile,2019-12-31,2019,annual,inflation_cpi_yoy,Inflación IPC,2.55754475703327,percent,World Bank,WDI,FP.CPI.TOTL.ZG,https://api.worldbank.org/v2/country/CHL/indicator/FP.CPI.TOTL.ZG,2026-10-05T02:25:18.275917+00:00,,WDI API extraction,actual,pending,
CHL,Chile,2020-12-31,2020,annual,inflation_cpi_yoy,Inflación IPC,3.04549084804326,percent,World Bank,WDI,FP.CPI.TOTL.ZG,https://api.worldbank.org/v2/country/CHL/indicator/FP.CPI.TOTL.ZG,2026-10-05T02:25:18.275917+00:00,,WDI API extraction,actual,pending,
CHL,Chile,2021-12-31,2021,annual,inflation_cpi_yoy,Inflación IPC,4.52456838259144,percent,World Bank,WDI,FP.CPI.TOTL.ZG,https://api.worldbank.org/v2/country/CHL/indicator/FP.CPI.TOTL.ZG,2026-10-05T02:25:18.275917+00:00,,WDI API extraction,actual,pending,
CHL,Chile,2022-12-31,2022,annual,inflation_cpi_yoy,Inflación IPC,11.643866711056,percent,World Bank,WDI,FP.CPI.TOTL.ZG,https://api.worldbank.org/v2/country/CHL/indicator/FP.CPI.TOTL.ZG,2026-10-05T02:25:18.275917+00:00,,WDI API extraction,actual,pending,
CHL,Chile,2023-12-31,2023,annual,inflation_cpi_yoy,Inflación IPC,7.58168251407962,percent,World Bank,WDI,FP.CPI.TOTL.ZG,https://api.worldbank.org/v2/country/CHL/indicator/FP.CPI.TOTL.ZG,2026-10-05T02:25:18.275917+00:00,,WDI API extraction,actual,pending,
CHL,Chile,2024-12-31,2024,annual,inflation_cpi_yoy,Inflación IPC,4.29763891572524,percent,World Bank,WDI,FP.CPI.TOTL.ZG,https://api.worldbank.org/v2/country/CHL/indicator/FP.CPI.TOTL.ZG,2026-10-05T02:25:18.275917+00:00,,WDI API extraction,actual,pending,
CHL,Chile,2025-12-31,2025,annual,inflation_cpi_yoy,Inflación IPC,4.21293601694293,percent,World Bank,WDI,FP.CPI.TOTL.ZG,https://api.worldbank.org/v2/country/CHL/indicator/FP.CPI.TOTL.ZG,2026-10-05T02:25:18.275917+00:00,,WDI API extraction,actual,pending,
CHL,Chile,2010-12-31,2010,annual,official_exchange_rate,Tipo de cambio oficial,510.249166666667,local_currency_per_usd,World Bank,WDI,PA.NUS.FCRF,https://api.worldbank.org/v2/country/CHL/indicator/PA.NUS.FCRF,2026-10-05T02:25:18.275917+00:00,,WDI API extraction,actual,pending,
CHL,Chile,2011-12-31,2011,annual,official_exchange_rate,Tipo de cambio oficial,483.6675,local_currency_per_usd,World Bank,WDI,PA.NUS.FCRF,https://api.worldbank.org/v2/country/CHL/indicator/PA.NUS.FCRF,2026-10-05T02:25:18.275917+00:00,,WDI API extraction,actual,pending,
CHL,Chile,2012-12-31,2012,annual,official_exchange_rate,Tipo de cambio oficial,486.471303391053,local_currency_per_usd,World Bank,WDI,PA.NUS.FCRF,https://api.worldbank.org/v2/country/CHL/indicator/PA.NUS.FCRF,2026-10-05T02:25:18.275917+00:00,,WDI API extraction,actual,pending,
CHL,Chile,2013-12-31,2013,annual,official_exchange_rate,Tipo de cambio oficial,495.272877645503,local_currency_per_usd,World Bank,WDI,PA.NUS.FCRF,https://api.worldbank.org/v2/country/CHL/indicator/PA.NUS.FCRF,2026-10-05T02:25:18.275917+00:00,,WDI API extraction,actual,pending,
CHL,Chile,2014-12-31,2014,annual,official_exchange_rate,Tipo de cambio oficial,570.34821612744,local_currency_per_usd,World Bank,WDI,PA.NUS.FCRF,https://api.worldbank.org/v2/country/CHL/indicator/PA.NUS.FCRF,2026-10-05T02:25:18.275917+00:00,,WDI API extraction,actual,pending,
CHL,Chile,2015-12-31,2015,annual,official_exchange_rate,Tipo de cambio oficial,654.124084254196,local_currency_per_usd,World Bank,WDI,PA.NUS.FCRF,https://api.worldbank.org/v2/country/CHL/indicator/PA.NUS.FCRF,2026-10-05T02:25:18.275917+00:00,,WDI API extraction,actual,pending,
CHL,Chile,2016-12-31,2016,annual,official_exchange_rate,Tipo de cambio oficial,676.957736044657,local_currency_per_usd,World Bank,WDI,PA.NUS.FCRF,https://api.worldbank.org/v2/country/CHL/indicator/PA.NUS.FCRF,2026-10-05T02:25:18.275917+00:00,,WDI API extraction,actual,pending,
CHL,Chile,2017-12-31,2017,annual,official_exchange_rate,Tipo de cambio oficial,648.833792598261,local_currency_per_usd,World Bank,WDI,PA.NUS.FCRF,https://api.worldbank.org/v2/country/CHL/indicator/PA.NUS.FCRF,2026-10-05T02:25:18.275917+00:00,,WDI API extraction,actual,pending,
CHL,Chile,2018-12-31,2018,annual,official_exchange_rate,Tipo de cambio oficial,641.276813066395,local_currency_per_usd,World Bank,WDI,PA.NUS.FCRF,https://api.worldbank.org/v2/country/CHL/indicator/PA.NUS.FCRF,2026-10-05T02:25:18.275917+00:00,,WDI API extraction,actual,pending,
CHL,Chile,2019-12-31,2019,annual,official_exchange_rate,Tipo de cambio oficial,702.897422561529,local_currency_per_usd,World Bank,WDI,PA.NUS.FCRF,https://api.worldbank.org/v2/country/CHL/indicator/PA.NUS.FCRF,2026-10-05T02:25:18.275917+00:00,,WDI API extraction,actual,pending,
CHL,Chile,2020-12-31,2020,annual,official_exchange_rate,Tipo de cambio oficial,792.727206103169,local_currency_per_usd,World Bank,WDI,PA.NUS.FCRF,https://api.worldbank.org/v2/country/CHL/indicator/PA.NUS.FCRF,2026-10-05T02:25:18.275917+00:00,,WDI API extraction,actual,pending,
CHL,Chile,2021-12-31,2021,annual,official_exchange_rate,Tipo de cambio oficial,758.955378658977,local_currency_per_usd,World Bank,WDI,PA.NUS.FCRF,https://api.worldbank.org/v2/country/CHL/indicator/PA.NUS.FCRF,2026-10-05T02:25:18.275917+00:00,,WDI API extraction,actual,pending,
CHL,Chile,2022-12-31,2022,annual,official_exchange_rate,Tipo de cambio oficial,873.314189543014,local_currency_per_usd,World Bank,WDI,PA.NUS.FCRF,https://api.worldbank.org/v2/country/CHL/indicator/PA.NUS.FCRF,2026-10-05T02:25:18.275917+00:00,,WDI API extraction,actual,pending,
CHL,Chile,2023-12-31,2023,annual,official_exchange_rate,Tipo de cambio oficial,840.066526651499,local_currency_per_usd,World Bank,WDI,PA.NUS.FCRF,https://api.worldbank.org/v2/country/CHL/indicator/PA.NUS.FCRF,2026-10-05T02:25:18.275917+00:00,,WDI API extraction,actual,pending,
CHL,Chile,2024-12-31,2024,annual,official_exchange_rate,Tipo de cambio oficial,943.572167421488,local_currency_per_usd,World Bank,WDI,PA.NUS.FCRF,https://api.worldbank.org/v2/country/CHL/indicator/PA.NUS.FCRF,2026-10-05T02:25:18.275917+00:00,,WDI API extraction,actual,pending,
CHL,Chile,2025-12-31,2025,annual,official_exchange_rate,Tipo de cambio oficial,951.329454191033,local_currency_per_usd,World Bank,WDI,PA.NUS.FCRF,https://api.worldbank.org/v2/country/CHL/indicator/PA.NUS.FCRF,2026-10-05T02:25:18.275917+00:00,,WDI API extraction,actual,pending,
CHL,Chile,2010-12-31,2010,annual,real_gdp_growth_yoy,Crecimiento real del PIB,5.85165102224047,percent,World Bank,WDI,NY.GDP.MKTP.KD.ZG,https://api.worldbank.org/v2/country/CHL/indicator/NY.GDP.MKTP.KD.ZG,2026-10-05T02:25:18.275917+00:00,,WDI API extraction,actual,pending,
CHL,Chile,2011-12-31,2011,annual,real_gdp_growth_yoy,Crecimiento real del PIB,6.22389678509138,percent,World Bank,WDI,NY.GDP.MKTP.KD.ZG,https://api.worldbank.org/v2/country/CHL/indicator/NY.GDP.MKTP.KD.ZG,2026-10-05T02:25:18.275917+00:00,,WDI API extraction,actual,pending,
CHL,Chile,2012-12-31,2012,annual,real_gdp_growth_yoy,Crecimiento real del PIB,6.15534001855494,percent,World Bank,WDI,NY.GDP.MKTP.KD.ZG,https://api.worldbank.org/v2/country/CHL/indicator/NY.GDP.MKTP.KD.ZG,2026-10-05T02:25:18.275917+00:00,,WDI API extraction,actual,pending,
CHL,Chile,2013-12-31,2013,annual,real_gdp_growth_yoy,Crecimiento real del PIB,3.30850824710085,percent,World Bank,WDI,NY.GDP.MKTP.KD.ZG,https://api.worldbank.org/v2/country/CHL/indicator/NY.GDP.MKTP.KD.ZG,2026-10-05T02:25:18.275917+00:00,,WDI API extraction,actual,pending,
CHL,Chile,2014-12-31,2014,annual,real_gdp_growth_yoy,Crecimiento real del PIB,1.79264947139259,percent,World Bank,WDI,NY.GDP.MKTP.KD.ZG,https://api.worldbank.org/v2/country/CHL/indicator/NY.GDP.MKTP.KD.ZG,2026-10-05T02:25:18.275917+00:00,,WDI API extraction,actual,pending,
CHL,Chile,2015-12-31,2015,annual,real_gdp_growth_yoy,Crecimiento real del PIB,2.15194249981184,percent,World Bank,WDI,NY.GDP.MKTP.KD.ZG,https://api.worldbank.org/v2/country/CHL/indicator/NY.GDP.MKTP.KD.ZG,2026-10-05T02:25:18.275917+00:00,,WDI API extraction,actual,pending,
CHL,Chile,2016-12-31,2016,annual,real_gdp_growth_yoy,Crecimiento real del PIB,1.753038749071,percent,World Bank,WDI,NY.GDP.MKTP.KD.ZG,https://api.worldbank.org/v2/country/CHL/indicator/NY.GDP.MKTP.KD.ZG,2026-10-05T02:25:18.275917+00:00,,WDI API extraction,actual,pending,
CHL,Chile,2017-12-31,2017,annual,real_gdp_growth_yoy,Crecimiento real del PIB,1.35769537343957,percent,World Bank,WDI,NY.GDP.MKTP.KD.ZG,https://api.worldbank.org/v2/country/CHL/indicator/NY.GDP.MKTP.KD.ZG,2026-10-05T02:25:18.275917+00:00,,WDI API extraction,actual,pending,
CHL,Chile,2018-12-31,2018,annual,real_gdp_growth_yoy,Crecimiento real del PIB,3.99002947789977,percent,World Bank,WDI,NY.GDP.MKTP.KD.ZG,https://api.worldbank.org/v2/country/CHL/indicator/NY.GDP.MKTP.KD.ZG,2026-10-05T02:25:18.275917+00:00,,WDI API extraction,actual,pending,
CHL,Chile,2019-12-31,2019,annual,real_gdp_growth_yoy,Crecimiento real del PIB,0.644223402631923,percent,World Bank,WDI,NY.GDP.MKTP.KD.ZG,https://api.worldbank.org/v2/country/CHL/indicator/NY.GDP.MKTP.KD.ZG,2026-10-05T02:25:18.275917+00:00,,WDI API extraction,actual,pending,
CHL,Chile,2020-12-31,2020,annual,real_gdp_growth_yoy,Crecimiento real del PIB,-6.1396969411886,percent,World Bank,WDI,NY.GDP.MKTP.KD.ZG,https://api.worldbank.org/v2/country/CHL/indicator/NY.GDP.MKTP.KD.ZG,2026-10-05T02:25:18.275917+00:00,,WDI API extraction,actual,pending,
CHL,Chile,2021-12-31,2021,annual,real_gdp_growth_yoy,Crecimiento real del PIB,11.3374032409913,percent,World Bank,WDI,NY.GDP.MKTP.KD.ZG,https://api.worldbank.org/v2/country/CHL/indicator/NY.GDP.MKTP.KD.ZG,2026-10-05T02:25:18.275917+00:00,,WDI API extraction,actual,pending,
CHL,Chile,2022-12-31,2022,annual,real_gdp_growth_yoy,Crecimiento real del PIB,2.06391864254198,percent,World Bank,WDI,NY.GDP.MKTP.KD.ZG,https://api.worldbank.org/v2/country/CHL/indicator/NY.GDP.MKTP.KD.ZG,2026-10-05T02:25:18.275917+00:00,,WDI API extraction,actual,pending,
CHL,Chile,2023-12-31,2023,annual,real_gdp_growth_yoy,Crecimiento real del PIB,0.677024831595858,percent,World Bank,WDI,NY.GDP.MKTP.KD.ZG,https://api.worldbank.org/v2/country/CHL/indicator/NY.GDP.MKTP.KD.ZG,2026-10-05T02:25:18.275917+00:00,,WDI API extraction,actual,pending,
CHL,Chile,2024-12-31,2024,annual,real_gdp_growth_yoy,Crecimiento real del PIB,2.80512637106611,percent,World Bank,WDI,NY.GDP.MKTP.KD.ZG,https://api.worldbank.org/v2/country/CHL/indicator/NY.GDP.MKTP.KD.ZG,2026-10-05T02:25:18.275917+00:00,,WDI API extraction,actual,pending,
CHL,Chile,2025-12-31,2025,annual,real_gdp_growth_yoy,Crecimiento real del PIB,2.45925474781374,percent,World Bank,WDI,NY.GDP.MKTP.KD.ZG,https://api.worldbank.org/v2/country/CHL/indicator/NY.GDP.MKTP.KD.ZG,2026-10-05T02:25:18.275917+00:00,,WDI API extraction,actual,pending,
COL,Colombia,2010-12-31,2010,annual,central_gov_debt_gdp,Deuda del gobierno central,72.4526699261111,percent_gdp,World Bank,WDI,GC.DOD.TOTL.GD.ZS,https://api.worldbank.org/v2/country/COL/indicator/GC.DOD.TOTL.GD.ZS,2026-10-05T02:25:18.275917+00:00,,WDI API extraction,actual,pending,
COL,Colombia,2011-12-31,2011,annual,central_gov_debt_gdp,Deuda del gobierno central,62.8601328222053,percent_gdp,World Bank,WDI,GC.DOD.TOTL.GD.ZS,https://api.worldbank.org/v2/country/COL/indicator/GC.DOD.TOTL.GD.ZS,2026-10-05T02:25:18.275917+00:00,,WDI API extraction,actual,pending,
COL,Colombia,2012-12-31,2012,annual,central_gov_debt_gdp,Deuda del gobierno central,65.227695883164,percent_gdp,World Bank,WDI,GC.DOD.TOTL.GD.ZS,https://api.worldbank.org/v2/country/COL/indicator/GC.DOD.TOTL.GD.ZS,2026-10-05T02:25:18.275917+00:00,,WDI API extraction,actual,pending,
COL,Colombia,2013-12-31,2013,annual,central_gov_debt_gdp,Deuda del gobierno central,67.1029119456429,percent_gdp,World Bank,WDI,GC.DOD.TOTL.GD.ZS,https://api.worldbank.org/v2/country/COL/indicator/GC.DOD.TOTL.GD.ZS,2026-10-05T02:25:18.275917+00:00,,WDI API extraction,actual,pending,
COL,Colombia,2014-12-31,2014,annual,central_gov_debt_gdp,Deuda del gobierno central,47.9761695160459,percent_gdp,World Bank,WDI,GC.DOD.TOTL.GD.ZS,https://api.worldbank.org/v2/country/COL/indicator/GC.DOD.TOTL.GD.ZS,2026-10-05T02:25:18.275917+00:00,,WDI API extraction,actual,pending,
COL,Colombia,2015-12-31,2015,annual,central_gov_debt_gdp,Deuda del gobierno central,53.2785874737167,percent_gdp,World Bank,WDI,GC.DOD.TOTL.GD.ZS,https://api.worldbank.org/v2/country/COL/indicator/GC.DOD.TOTL.GD.ZS,2026-10-05T02:25:18.275917+00:00,,WDI API extraction,actual,pending,
COL,Colombia,2016-12-31,2016,annual,central_gov_debt_gdp,Deuda del gobierno central,66.9071609125065,percent_gdp,World Bank,WDI,GC.DOD.TOTL.GD.ZS,https://api.worldbank.org/v2/country/COL/indicator/GC.DOD.TOTL.GD.ZS,2026-10-05T02:25:18.275917+00:00,,WDI API extraction,actual,pending,
COL,Colombia,2017-12-31,2017,annual,central_gov_debt_gdp,Deuda del gobierno central,66.7272478472146,percent_gdp,World Bank,WDI,GC.DOD.TOTL.GD.ZS,https://api.worldbank.org/v2/country/COL/indicator/GC.DOD.TOTL.GD.ZS,2026-10-05T02:25:18.275917+00:00,,WDI API extraction,actual,pending,
COL,Colombia,2018-12-31,2018,annual,central_gov_debt_gdp,Deuda del gobierno central,71.6505702481056,percent_gdp,World Bank,WDI,GC.DOD.TOTL.GD.ZS,https://api.worldbank.org/v2/country/COL/indicator/GC.DOD.TOTL.GD.ZS,2026-10-05T02:25:18.275917+00:00,,WDI API extraction,actual,pending,
COL,Colombia,2019-12-31,2019,annual,central_gov_debt_gdp,Deuda del gobierno central,72.7038785770822,percent_gdp,World Bank,WDI,GC.DOD.TOTL.GD.ZS,https://api.worldbank.org/v2/country/COL/indicator/GC.DOD.TOTL.GD.ZS,2026-10-05T02:25:18.275917+00:00,,WDI API extraction,actual,pending,
COL,Colombia,2020-12-31,2020,annual,central_gov_debt_gdp,Deuda del gobierno central,91.1566069449736,percent_gdp,World Bank,WDI,GC.DOD.TOTL.GD.ZS,https://api.worldbank.org/v2/country/COL/indicator/GC.DOD.TOTL.GD.ZS,2026-10-05T02:25:18.275917+00:00,,WDI API extraction,actual,pending,
COL,Colombia,2021-12-31,2021,annual,central_gov_debt_gdp,Deuda del gobierno central,80.4259616037106,percent_gdp,World Bank,WDI,GC.DOD.TOTL.GD.ZS,https://api.worldbank.org/v2/country/COL/indicator/GC.DOD.TOTL.GD.ZS,2026-10-05T02:25:18.275917+00:00,,WDI API extraction,actual,pending,
COL,Colombia,2022-12-31,2022,annual,central_gov_debt_gdp,Deuda del gobierno central,70.2611599864283,percent_gdp,World Bank,WDI,GC.DOD.TOTL.GD.ZS,https://api.worldbank.org/v2/country/COL/indicator/GC.DOD.TOTL.GD.ZS,2026-10-05T02:25:18.275917+00:00,,WDI API extraction,actual,pending,
COL,Colombia,2023-12-31,2023,annual,central_gov_debt_gdp,Deuda del gobierno central,71.2127173058669,percent_gdp,World Bank,WDI,GC.DOD.TOTL.GD.ZS,https://api.worldbank.org/v2/country/COL/indicator/GC.DOD.TOTL.GD.ZS,2026-10-05T02:25:18.275917+00:00,,WDI API extraction,actual,pending,
COL,Colombia,2024-12-31,2024,annual,central_gov_debt_gdp,Deuda del gobierno central,71.1965371181288,percent_gdp,World Bank,WDI,GC.DOD.TOTL.GD.ZS,https://api.worldbank.org/v2/country/COL/indicator/GC.DOD.TOTL.GD.ZS,2026-10-05T02:25:18.275917+00:00,,WDI API extraction,actual,pending,
COL,Colombia,2025-12-31,2025,annual,central_gov_debt_gdp,Deuda del gobierno central,,percent_gdp,World Bank,WDI,GC.DOD.TOTL.GD.ZS,https://api.worldbank.org/v2/country/COL/indicator/GC.DOD.TOTL.GD.ZS,2026-10-05T02:25:18.275917+00:00,,WDI API extraction,actual,pending,
COL,Colombia,2010-12-31,2010,annual,current_account_gdp,Cuenta corriente,-2.99583091222973,percent_gdp,World Bank,WDI,BN.CAB.XOKA.GD.ZS,https://api.worldbank.org/v2/country/COL/indicator/BN.CAB.XOKA.GD.ZS,2026-10-05T02:25:18.275917+00:00,,WDI API extraction,actual,pending,
COL,Colombia,2011-12-31,2011,annual,current_account_gdp,Cuenta corriente,-2.90611447190462,percent_gdp,World Bank,WDI,BN.CAB.XOKA.GD.ZS,https://api.worldbank.org/v2/country/COL/indicator/BN.CAB.XOKA.GD.ZS,2026-10-05T02:25:18.275917+00:00,,WDI API extraction,actual,pending,
COL,Colombia,2012-12-31,2012,annual,current_account_gdp,Cuenta corriente,-3.14008013112593,percent_gdp,World Bank,WDI,BN.CAB.XOKA.GD.ZS,https://api.worldbank.org/v2/country/COL/indicator/BN.CAB.XOKA.GD.ZS,2026-10-05T02:25:18.275917+00:00,,WDI API extraction,actual,pending,
COL,Colombia,2013-12-31,2013,annual,current_account_gdp,Cuenta corriente,-3.23615067105022,percent_gdp,World Bank,WDI,BN.CAB.XOKA.GD.ZS,https://api.worldbank.org/v2/country/COL/indicator/BN.CAB.XOKA.GD.ZS,2026-10-05T02:25:18.275917+00:00,,WDI API extraction,actual,pending,
COL,Colombia,2014-12-31,2014,annual,current_account_gdp,Cuenta corriente,-5.19843119341791,percent_gdp,World Bank,WDI,BN.CAB.XOKA.GD.ZS,https://api.worldbank.org/v2/country/COL/indicator/BN.CAB.XOKA.GD.ZS,2026-10-05T02:25:18.275917+00:00,,WDI API extraction,actual,pending,
COL,Colombia,2015-12-31,2015,annual,current_account_gdp,Cuenta corriente,-6.3723044223088,percent_gdp,World Bank,WDI,BN.CAB.XOKA.GD.ZS,https://api.worldbank.org/v2/country/COL/indicator/BN.CAB.XOKA.GD.ZS,2026-10-05T02:25:18.275917+00:00,,WDI API extraction,actual,pending,
COL,Colombia,2016-12-31,2016,annual,current_account_gdp,Cuenta corriente,-4.4519506775159,percent_gdp,World Bank,WDI,BN.CAB.XOKA.GD.ZS,https://api.worldbank.org/v2/country/COL/indicator/BN.CAB.XOKA.GD.ZS,2026-10-05T02:25:18.275917+00:00,,WDI API extraction,actual,pending,
COL,Colombia,2017-12-31,2017,annual,current_account_gdp,Cuenta corriente,-3.18224191114871,percent_gdp,World Bank,WDI,BN.CAB.XOKA.GD.ZS,https://api.worldbank.org/v2/country/COL/indicator/BN.CAB.XOKA.GD.ZS,2026-10-05T02:25:18.275917+00:00,,WDI API extraction,actual,pending,
COL,Colombia,2018-12-31,2018,annual,current_account_gdp,Cuenta corriente,-4.20138344687969,percent_gdp,World Bank,WDI,BN.CAB.XOKA.GD.ZS,https://api.worldbank.org/v2/country/COL/indicator/BN.CAB.XOKA.GD.ZS,2026-10-05T02:25:18.275917+00:00,,WDI API extraction,actual,pending,
COL,Colombia,2019-12-31,2019,annual,current_account_gdp,Cuenta corriente,-4.5842751726606,percent_gdp,World Bank,WDI,BN.CAB.XOKA.GD.ZS,https://api.worldbank.org/v2/country/COL/indicator/BN.CAB.XOKA.GD.ZS,2026-10-05T02:25:18.275917+00:00,,WDI API extraction,actual,pending,
COL,Colombia,2020-12-31,2020,annual,current_account_gdp,Cuenta corriente,-3.42772945914236,percent_gdp,World Bank,WDI,BN.CAB.XOKA.GD.ZS,https://api.worldbank.org/v2/country/COL/indicator/BN.CAB.XOKA.GD.ZS,2026-10-05T02:25:18.275917+00:00,,WDI API extraction,actual,pending,
COL,Colombia,2021-12-31,2021,annual,current_account_gdp,Cuenta corriente,-5.6351694946032,percent_gdp,World Bank,WDI,BN.CAB.XOKA.GD.ZS,https://api.worldbank.org/v2/country/COL/indicator/BN.CAB.XOKA.GD.ZS,2026-10-05T02:25:18.275917+00:00,,WDI API extraction,actual,pending,
COL,Colombia,2022-12-31,2022,annual,current_account_gdp,Cuenta corriente,-6.04054199360168,percent_gdp,World Bank,WDI,BN.CAB.XOKA.GD.ZS,https://api.worldbank.org/v2/country/COL/indicator/BN.CAB.XOKA.GD.ZS,2026-10-05T02:25:18.275917+00:00,,WDI API extraction,actual,pending,
COL,Colombia,2023-12-31,2023,annual,current_account_gdp,Cuenta corriente,-2.26762349420469,percent_gdp,World Bank,WDI,BN.CAB.XOKA.GD.ZS,https://api.worldbank.org/v2/country/COL/indicator/BN.CAB.XOKA.GD.ZS,2026-10-05T02:25:18.275917+00:00,,WDI API extraction,actual,pending,
COL,Colombia,2024-12-31,2024,annual,current_account_gdp,Cuenta corriente,-1.66760721722233,percent_gdp,World Bank,WDI,BN.CAB.XOKA.GD.ZS,https://api.worldbank.org/v2/country/COL/indicator/BN.CAB.XOKA.GD.ZS,2026-10-05T02:25:18.275917+00:00,,WDI API extraction,actual,pending,
COL,Colombia,2025-12-31,2025,annual,current_account_gdp,Cuenta corriente,-2.37924247045499,percent_gdp,World Bank,WDI,BN.CAB.XOKA.GD.ZS,https://api.worldbank.org/v2/country/COL/indicator/BN.CAB.XOKA.GD.ZS,2026-10-05T02:25:18.275917+00:00,,WDI API extraction,actual,pending,
COL,Colombia,2010-12-31,2010,annual,fx_reserves_usd,Reservas internacionales,28076156124.4625,current_usd,World Bank,WDI,FI.RES.TOTL.CD,https://api.worldbank.org/v2/country/COL/indicator/FI.RES.TOTL.CD,2026-10-05T02:25:18.275917+00:00,,WDI API extraction,actual,pending,
COL,Colombia,2011-12-31,2011,annual,fx_reserves_usd,Reservas internacionales,31895547050.8778,current_usd,World Bank,WDI,FI.RES.TOTL.CD,https://api.worldbank.org/v2/country/COL/indicator/FI.RES.TOTL.CD,2026-10-05T02:25:18.275917+00:00,,WDI API extraction,actual,pending,
COL,Colombia,2012-12-31,2012,annual,fx_reserves_usd,Reservas internacionales,36997795799.9643,current_usd,World Bank,WDI,FI.RES.TOTL.CD,https://api.worldbank.org/v2/country/COL/indicator/FI.RES.TOTL.CD,2026-10-05T02:25:18.275917+00:00,,WDI API extraction,actual,pending,
COL,Colombia,2013-12-31,2013,annual,fx_reserves_usd,Reservas internacionales,43158795571.8365,current_usd,World Bank,WDI,FI.RES.TOTL.CD,https://api.worldbank.org/v2/country/COL/indicator/FI.RES.TOTL.CD,2026-10-05T02:25:18.275917+00:00,,WDI API extraction,actual,pending,
COL,Colombia,2014-12-31,2014,annual,fx_reserves_usd,Reservas internacionales,46809443348.4249,current_usd,World Bank,WDI,FI.RES.TOTL.CD,https://api.worldbank.org/v2/country/COL/indicator/FI.RES.TOTL.CD,2026-10-05T02:25:18.275917+00:00,,WDI API extraction,actual,pending,
COL,Colombia,2015-12-31,2015,annual,fx_reserves_usd,Reservas internacionales,46222893468.525,current_usd,World Bank,WDI,FI.RES.TOTL.CD,https://api.worldbank.org/v2/country/COL/indicator/FI.RES.TOTL.CD,2026-10-05T02:25:18.275917+00:00,,WDI API extraction,actual,pending,
COL,Colombia,2016-12-31,2016,annual,fx_reserves_usd,Reservas internacionales,46173772892.6654,current_usd,World Bank,WDI,FI.RES.TOTL.CD,https://api.worldbank.org/v2/country/COL/indicator/FI.RES.TOTL.CD,2026-10-05T02:25:18.275917+00:00,,WDI API extraction,actual,pending,
COL,Colombia,2017-12-31,2017,annual,fx_reserves_usd,Reservas internacionales,47131104746.7563,current_usd,World Bank,WDI,FI.RES.TOTL.CD,https://api.worldbank.org/v2/country/COL/indicator/FI.RES.TOTL.CD,2026-10-05T02:25:18.275917+00:00,,WDI API extraction,actual,pending,
COL,Colombia,2018-12-31,2018,annual,fx_reserves_usd,Reservas internacionales,47887623364.3511,current_usd,World Bank,WDI,FI.RES.TOTL.CD,https://api.worldbank.org/v2/country/COL/indicator/FI.RES.TOTL.CD,2026-10-05T02:25:18.275917+00:00,,WDI API extraction,actual,pending,
COL,Colombia,2019-12-31,2019,annual,fx_reserves_usd,Reservas internacionales,52652707434.7902,current_usd,World Bank,WDI,FI.RES.TOTL.CD,https://api.worldbank.org/v2/country/COL/indicator/FI.RES.TOTL.CD,2026-10-05T02:25:18.275917+00:00,,WDI API extraction,actual,pending,
COL,Colombia,2020-12-31,2020,annual,fx_reserves_usd,Reservas internacionales,58499477956.7248,current_usd,World Bank,WDI,FI.RES.TOTL.CD,https://api.worldbank.org/v2/country/COL/indicator/FI.RES.TOTL.CD,2026-10-05T02:25:18.275917+00:00,,WDI API extraction,actual,pending,
COL,Colombia,2021-12-31,2021,annual,fx_reserves_usd,Reservas internacionales,58018679406.6873,current_usd,World Bank,WDI,FI.RES.TOTL.CD,https://api.worldbank.org/v2/country/COL/indicator/FI.RES.TOTL.CD,2026-10-05T02:25:18.275917+00:00,,WDI API extraction,actual,pending,
COL,Colombia,2022-12-31,2022,annual,fx_reserves_usd,Reservas internacionales,56703971712.5605,current_usd,World Bank,WDI,FI.RES.TOTL.CD,https://api.worldbank.org/v2/country/COL/indicator/FI.RES.TOTL.CD,2026-10-05T02:25:18.275917+00:00,,WDI API extraction,actual,pending,
COL,Colombia,2023-12-31,2023,annual,fx_reserves_usd,Reservas internacionales,59040690523.7904,current_usd,World Bank,WDI,FI.RES.TOTL.CD,https://api.worldbank.org/v2/country/COL/indicator/FI.RES.TOTL.CD,2026-10-05T02:25:18.275917+00:00,,WDI API extraction,actual,pending,
COL,Colombia,2024-12-31,2024,annual,fx_reserves_usd,Reservas internacionales,61897968642.424,current_usd,World Bank,WDI,FI.RES.TOTL.CD,https://api.worldbank.org/v2/country/COL/indicator/FI.RES.TOTL.CD,2026-10-05T02:25:18.275917+00:00,,WDI API extraction,actual,pending,
COL,Colombia,2025-12-31,2025,annual,fx_reserves_usd,Reservas internacionales,65806277188.961,current_usd,World Bank,WDI,FI.RES.TOTL.CD,https://api.worldbank.org/v2/country/COL/indicator/FI.RES.TOTL.CD,2026-10-05T02:25:18.275917+00:00,,WDI API extraction,actual,pending,
COL,Colombia,2010-12-31,2010,annual,inflation_cpi_yoy,Inflación IPC,2.27200227892008,percent,World Bank,WDI,FP.CPI.TOTL.ZG,https://api.worldbank.org/v2/country/COL/indicator/FP.CPI.TOTL.ZG,2026-10-05T02:25:18.275917+00:00,,WDI API extraction,actual,pending,
COL,Colombia,2011-12-31,2011,annual,inflation_cpi_yoy,Inflación IPC,3.4150334477625,percent,World Bank,WDI,FP.CPI.TOTL.ZG,https://api.worldbank.org/v2/country/COL/indicator/FP.CPI.TOTL.ZG,2026-10-05T02:25:18.275917+00:00,,WDI API extraction,actual,pending,
COL,Colombia,2012-12-31,2012,annual,inflation_cpi_yoy,Inflación IPC,3.16930188840055,percent,World Bank,WDI,FP.CPI.TOTL.ZG,https://api.worldbank.org/v2/country/COL/indicator/FP.CPI.TOTL.ZG,2026-10-05T02:25:18.275917+00:00,,WDI API extraction,actual,pending,
COL,Colombia,2013-12-31,2013,annual,inflation_cpi_yoy,Inflación IPC,2.01699224310383,percent,World Bank,WDI,FP.CPI.TOTL.ZG,https://api.worldbank.org/v2/country/COL/indicator/FP.CPI.TOTL.ZG,2026-10-05T02:25:18.275917+00:00,,WDI API extraction,actual,pending,
COL,Colombia,2014-12-31,2014,annual,inflation_cpi_yoy,Inflación IPC,2.89883787761738,percent,World Bank,WDI,FP.CPI.TOTL.ZG,https://api.worldbank.org/v2/country/COL/indicator/FP.CPI.TOTL.ZG,2026-10-05T02:25:18.275917+00:00,,WDI API extraction,actual,pending,
COL,Colombia,2015-12-31,2015,annual,inflation_cpi_yoy,Inflación IPC,4.9898311584953,percent,World Bank,WDI,FP.CPI.TOTL.ZG,https://api.worldbank.org/v2/country/COL/indicator/FP.CPI.TOTL.ZG,2026-10-05T02:25:18.275917+00:00,,WDI API extraction,actual,pending,
COL,Colombia,2016-12-31,2016,annual,inflation_cpi_yoy,Inflación IPC,7.51346024627675,percent,World Bank,WDI,FP.CPI.TOTL.ZG,https://api.worldbank.org/v2/country/COL/indicator/FP.CPI.TOTL.ZG,2026-10-05T02:25:18.275917+00:00,,WDI API extraction,actual,pending,
COL,Colombia,2017-12-31,2017,annual,inflation_cpi_yoy,Inflación IPC,4.31431325695011,percent,World Bank,WDI,FP.CPI.TOTL.ZG,https://api.worldbank.org/v2/country/COL/indicator/FP.CPI.TOTL.ZG,2026-10-05T02:25:18.275917+00:00,,WDI API extraction,actual,pending,
COL,Colombia,2018-12-31,2018,annual,inflation_cpi_yoy,Inflación IPC,3.24056932930569,percent,World Bank,WDI,FP.CPI.TOTL.ZG,https://api.worldbank.org/v2/country/COL/indicator/FP.CPI.TOTL.ZG,2026-10-05T02:25:18.275917+00:00,,WDI API extraction,actual,pending,
COL,Colombia,2019-12-31,2019,annual,inflation_cpi_yoy,Inflación IPC,3.52301932741447,percent,World Bank,WDI,FP.CPI.TOTL.ZG,https://api.worldbank.org/v2/country/COL/indicator/FP.CPI.TOTL.ZG,2026-10-05T02:25:18.275917+00:00,,WDI API extraction,actual,pending,
COL,Colombia,2020-12-31,2020,annual,inflation_cpi_yoy,Inflación IPC,2.52663500084706,percent,World Bank,WDI,FP.CPI.TOTL.ZG,https://api.worldbank.org/v2/country/COL/indicator/FP.CPI.TOTL.ZG,2026-10-05T02:25:18.275917+00:00,,WDI API extraction,actual,pending,
COL,Colombia,2021-12-31,2021,annual,inflation_cpi_yoy,Inflación IPC,3.49505757399448,percent,World Bank,WDI,FP.CPI.TOTL.ZG,https://api.worldbank.org/v2/country/COL/indicator/FP.CPI.TOTL.ZG,2026-10-05T02:25:18.275917+00:00,,WDI API extraction,actual,pending,
COL,Colombia,2022-12-31,2022,annual,inflation_cpi_yoy,Inflación IPC,10.1772313546166,percent,World Bank,WDI,FP.CPI.TOTL.ZG,https://api.worldbank.org/v2/country/COL/indicator/FP.CPI.TOTL.ZG,2026-10-05T02:25:18.275917+00:00,,WDI API extraction,actual,pending,
COL,Colombia,2023-12-31,2023,annual,inflation_cpi_yoy,Inflación IPC,11.7359044948689,percent,World Bank,WDI,FP.CPI.TOTL.ZG,https://api.worldbank.org/v2/country/COL/indicator/FP.CPI.TOTL.ZG,2026-10-05T02:25:18.275917+00:00,,WDI API extraction,actual,pending,
COL,Colombia,2024-12-31,2024,annual,inflation_cpi_yoy,Inflación IPC,6.60908593728228,percent,World Bank,WDI,FP.CPI.TOTL.ZG,https://api.worldbank.org/v2/country/COL/indicator/FP.CPI.TOTL.ZG,2026-10-05T02:25:18.275917+00:00,,WDI API extraction,actual,pending,
COL,Colombia,2025-12-31,2025,annual,inflation_cpi_yoy,Inflación IPC,5.14222911946201,percent,World Bank,WDI,FP.CPI.TOTL.ZG,https://api.worldbank.org/v2/country/COL/indicator/FP.CPI.TOTL.ZG,2026-10-05T02:25:18.275917+00:00,,WDI API extraction,actual,pending,
COL,Colombia,2010-12-31,2010,annual,official_exchange_rate,Tipo de cambio oficial,1898.9975,local_currency_per_usd,World Bank,WDI,PA.NUS.FCRF,https://api.worldbank.org/v2/country/COL/indicator/PA.NUS.FCRF,2026-10-05T02:25:18.275917+00:00,,WDI API extraction,actual,pending,
COL,Colombia,2011-12-31,2011,annual,official_exchange_rate,Tipo de cambio oficial,1848.01666666667,local_currency_per_usd,World Bank,WDI,PA.NUS.FCRF,https://api.worldbank.org/v2/country/COL/indicator/PA.NUS.FCRF,2026-10-05T02:25:18.275917+00:00,,WDI API extraction,actual,pending,
COL,Colombia,2012-12-31,2012,annual,official_exchange_rate,Tipo de cambio oficial,1798.01166666667,local_currency_per_usd,World Bank,WDI,PA.NUS.FCRF,https://api.worldbank.org/v2/country/COL/indicator/PA.NUS.FCRF,2026-10-05T02:25:18.275917+00:00,,WDI API extraction,actual,pending,
COL,Colombia,2013-12-31,2013,annual,official_exchange_rate,Tipo de cambio oficial,1868.895,local_currency_per_usd,World Bank,WDI,PA.NUS.FCRF,https://api.worldbank.org/v2/country/COL/indicator/PA.NUS.FCRF,2026-10-05T02:25:18.275917+00:00,,WDI API extraction,actual,pending,
COL,Colombia,2014-12-31,2014,annual,official_exchange_rate,Tipo de cambio oficial,2001.105,local_currency_per_usd,World Bank,WDI,PA.NUS.FCRF,https://api.worldbank.org/v2/country/COL/indicator/PA.NUS.FCRF,2026-10-05T02:25:18.275917+00:00,,WDI API extraction,actual,pending,
COL,Colombia,2015-12-31,2015,annual,official_exchange_rate,Tipo de cambio oficial,2741.78166666667,local_currency_per_usd,World Bank,WDI,PA.NUS.FCRF,https://api.worldbank.org/v2/country/COL/indicator/PA.NUS.FCRF,2026-10-05T02:25:18.275917+00:00,,WDI API extraction,actual,pending,
COL,Colombia,2016-12-31,2016,annual,official_exchange_rate,Tipo de cambio oficial,3055.255,local_currency_per_usd,World Bank,WDI,PA.NUS.FCRF,https://api.worldbank.org/v2/country/COL/indicator/PA.NUS.FCRF,2026-10-05T02:25:18.275917+00:00,,WDI API extraction,actual,pending,
COL,Colombia,2017-12-31,2017,annual,official_exchange_rate,Tipo de cambio oficial,2951.48691120161,local_currency_per_usd,World Bank,WDI,PA.NUS.FCRF,https://api.worldbank.org/v2/country/COL/indicator/PA.NUS.FCRF,2026-10-05T02:25:18.275917+00:00,,WDI API extraction,actual,pending,
COL,Colombia,2018-12-31,2018,annual,official_exchange_rate,Tipo de cambio oficial,2955.70396997842,local_currency_per_usd,World Bank,WDI,PA.NUS.FCRF,https://api.worldbank.org/v2/country/COL/indicator/PA.NUS.FCRF,2026-10-05T02:25:18.275917+00:00,,WDI API extraction,actual,pending,
COL,Colombia,2019-12-31,2019,annual,official_exchange_rate,Tipo de cambio oficial,3281.62219381788,local_currency_per_usd,World Bank,WDI,PA.NUS.FCRF,https://api.worldbank.org/v2/country/COL/indicator/PA.NUS.FCRF,2026-10-05T02:25:18.275917+00:00,,WDI API extraction,actual,pending,
COL,Colombia,2020-12-31,2020,annual,official_exchange_rate,Tipo de cambio oficial,3693.27583333333,local_currency_per_usd,World Bank,WDI,PA.NUS.FCRF,https://api.worldbank.org/v2/country/COL/indicator/PA.NUS.FCRF,2026-10-05T02:25:18.275917+00:00,,WDI API extraction,actual,pending,
COL,Colombia,2021-12-31,2021,annual,official_exchange_rate,Tipo de cambio oficial,3744.24416666667,local_currency_per_usd,World Bank,WDI,PA.NUS.FCRF,https://api.worldbank.org/v2/country/COL/indicator/PA.NUS.FCRF,2026-10-05T02:25:18.275917+00:00,,WDI API extraction,actual,pending,
COL,Colombia,2022-12-31,2022,annual,official_exchange_rate,Tipo de cambio oficial,4256.19416666667,local_currency_per_usd,World Bank,WDI,PA.NUS.FCRF,https://api.worldbank.org/v2/country/COL/indicator/PA.NUS.FCRF,2026-10-05T02:25:18.275917+00:00,,WDI API extraction,actual,pending,
COL,Colombia,2023-12-31,2023,annual,official_exchange_rate,Tipo de cambio oficial,4325.955,local_currency_per_usd,World Bank,WDI,PA.NUS.FCRF,https://api.worldbank.org/v2/country/COL/indicator/PA.NUS.FCRF,2026-10-05T02:25:18.275917+00:00,,WDI API extraction,actual,pending,
COL,Colombia,2024-12-31,2024,annual,official_exchange_rate,Tipo de cambio oficial,4074.43416666667,local_currency_per_usd,World Bank,WDI,PA.NUS.FCRF,https://api.worldbank.org/v2/country/COL/indicator/PA.NUS.FCRF,2026-10-05T02:25:18.275917+00:00,,WDI API extraction,actual,pending,
COL,Colombia,2025-12-31,2025,annual,official_exchange_rate,Tipo de cambio oficial,4053.13583333333,local_currency_per_usd,World Bank,WDI,PA.NUS.FCRF,https://api.worldbank.org/v2/country/COL/indicator/PA.NUS.FCRF,2026-10-05T02:25:18.275917+00:00,,WDI API extraction,actual,pending,
COL,Colombia,2010-12-31,2010,annual,real_gdp_growth_yoy,Crecimiento real del PIB,4.49465897070922,percent,World Bank,WDI,NY.GDP.MKTP.KD.ZG,https://api.worldbank.org/v2/country/COL/indicator/NY.GDP.MKTP.KD.ZG,2026-10-05T02:25:18.275917+00:00,,WDI API extraction,actual,pending,
COL,Colombia,2011-12-31,2011,annual,real_gdp_growth_yoy,Crecimiento real del PIB,6.94789198173555,percent,World Bank,WDI,NY.GDP.MKTP.KD.ZG,https://api.worldbank.org/v2/country/COL/indicator/NY.GDP.MKTP.KD.ZG,2026-10-05T02:25:18.275917+00:00,,WDI API extraction,actual,pending,
COL,Colombia,2012-12-31,2012,annual,real_gdp_growth_yoy,Crecimiento real del PIB,3.91263576716115,percent,World Bank,WDI,NY.GDP.MKTP.KD.ZG,https://api.worldbank.org/v2/country/COL/indicator/NY.GDP.MKTP.KD.ZG,2026-10-05T02:25:18.275917+00:00,,WDI API extraction,actual,pending,
COL,Colombia,2013-12-31,2013,annual,real_gdp_growth_yoy,Crecimiento real del PIB,5.13399351995672,percent,World Bank,WDI,NY.GDP.MKTP.KD.ZG,https://api.worldbank.org/v2/country/COL/indicator/NY.GDP.MKTP.KD.ZG,2026-10-05T02:25:18.275917+00:00,,WDI API extraction,actual,pending,
COL,Colombia,2014-12-31,2014,annual,real_gdp_growth_yoy,Crecimiento real del PIB,4.49903000110972,percent,World Bank,WDI,NY.GDP.MKTP.KD.ZG,https://api.worldbank.org/v2/country/COL/indicator/NY.GDP.MKTP.KD.ZG,2026-10-05T02:25:18.275917+00:00,,WDI API extraction,actual,pending,
COL,Colombia,2015-12-31,2015,annual,real_gdp_growth_yoy,Crecimiento real del PIB,2.95590137527523,percent,World Bank,WDI,NY.GDP.MKTP.KD.ZG,https://api.worldbank.org/v2/country/COL/indicator/NY.GDP.MKTP.KD.ZG,2026-10-05T02:25:18.275917+00:00,,WDI API extraction,actual,pending,
COL,Colombia,2016-12-31,2016,annual,real_gdp_growth_yoy,Crecimiento real del PIB,2.08738250162794,percent,World Bank,WDI,NY.GDP.MKTP.KD.ZG,https://api.worldbank.org/v2/country/COL/indicator/NY.GDP.MKTP.KD.ZG,2026-10-05T02:25:18.275917+00:00,,WDI API extraction,actual,pending,
COL,Colombia,2017-12-31,2017,annual,real_gdp_growth_yoy,Crecimiento real del PIB,1.35936086788746,percent,World Bank,WDI,NY.GDP.MKTP.KD.ZG,https://api.worldbank.org/v2/country/COL/indicator/NY.GDP.MKTP.KD.ZG,2026-10-05T02:25:18.275917+00:00,,WDI API extraction,actual,pending,
COL,Colombia,2018-12-31,2018,annual,real_gdp_growth_yoy,Crecimiento real del PIB,2.56432428277704,percent,World Bank,WDI,NY.GDP.MKTP.KD.ZG,https://api.worldbank.org/v2/country/COL/indicator/NY.GDP.MKTP.KD.ZG,2026-10-05T02:25:18.275917+00:00,,WDI API extraction,actual,pending,
COL,Colombia,2019-12-31,2019,annual,real_gdp_growth_yoy,Crecimiento real del PIB,3.18685539245533,percent,World Bank,WDI,NY.GDP.MKTP.KD.ZG,https://api.worldbank.org/v2/country/COL/indicator/NY.GDP.MKTP.KD.ZG,2026-10-05T02:25:18.275917+00:00,,WDI API extraction,actual,pending,
COL,Colombia,2020-12-31,2020,annual,real_gdp_growth_yoy,Crecimiento real del PIB,-7.18591413760859,percent,World Bank,WDI,NY.GDP.MKTP.KD.ZG,https://api.worldbank.org/v2/country/COL/indicator/NY.GDP.MKTP.KD.ZG,2026-10-05T02:25:18.275917+00:00,,WDI API extraction,actual,pending,
COL,Colombia,2021-12-31,2021,annual,real_gdp_growth_yoy,Crecimiento real del PIB,10.8011981904878,percent,World Bank,WDI,NY.GDP.MKTP.KD.ZG,https://api.worldbank.org/v2/country/COL/indicator/NY.GDP.MKTP.KD.ZG,2026-10-05T02:25:18.275917+00:00,,WDI API extraction,actual,pending,
COL,Colombia,2022-12-31,2022,annual,real_gdp_growth_yoy,Crecimiento real del PIB,7.32827729427979,percent,World Bank,WDI,NY.GDP.MKTP.KD.ZG,https://api.worldbank.org/v2/country/COL/indicator/NY.GDP.MKTP.KD.ZG,2026-10-05T02:25:18.275917+00:00,,WDI API extraction,actual,pending,
COL,Colombia,2023-12-31,2023,annual,real_gdp_growth_yoy,Crecimiento real del PIB,0.841819555752039,percent,World Bank,WDI,NY.GDP.MKTP.KD.ZG,https://api.worldbank.org/v2/country/COL/indicator/NY.GDP.MKTP.KD.ZG,2026-10-05T02:25:18.275917+00:00,,WDI API extraction,actual,pending,
COL,Colombia,2024-12-31,2024,annual,real_gdp_growth_yoy,Crecimiento real del PIB,1.49330728771066,percent,World Bank,WDI,NY.GDP.MKTP.KD.ZG,https://api.worldbank.org/v2/country/COL/indicator/NY.GDP.MKTP.KD.ZG,2026-10-05T02:25:18.275917+00:00,,WDI API extraction,actual,pending,
COL,Colombia,2025-12-31,2025,annual,real_gdp_growth_yoy,Crecimiento real del PIB,2.64201548985928,percent,World Bank,WDI,NY.GDP.MKTP.KD.ZG,https://api.worldbank.org/v2/country/COL/indicator/NY.GDP.MKTP.KD.ZG,2026-10-05T02:25:18.275917+00:00,,WDI API extraction,actual,pending,
PER,Peru,2010-12-31,2010,annual,central_gov_debt_gdp,Deuda del gobierno central,23.6817913396941,percent_gdp,World Bank,WDI,GC.DOD.TOTL.GD.ZS,https://api.worldbank.org/v2/country/PER/indicator/GC.DOD.TOTL.GD.ZS,2026-10-05T02:25:18.275917+00:00,,WDI API extraction,actual,pending,
PER,Peru,2011-12-31,2011,annual,central_gov_debt_gdp,Deuda del gobierno central,20.7202165724133,percent_gdp,World Bank,WDI,GC.DOD.TOTL.GD.ZS,https://api.worldbank.org/v2/country/PER/indicator/GC.DOD.TOTL.GD.ZS,2026-10-05T02:25:18.275917+00:00,,WDI API extraction,actual,pending,
PER,Peru,2012-12-31,2012,annual,central_gov_debt_gdp,Deuda del gobierno central,19.2166594587652,percent_gdp,World Bank,WDI,GC.DOD.TOTL.GD.ZS,https://api.worldbank.org/v2/country/PER/indicator/GC.DOD.TOTL.GD.ZS,2026-10-05T02:25:18.275917+00:00,,WDI API extraction,actual,pending,
PER,Peru,2013-12-31,2013,annual,central_gov_debt_gdp,Deuda del gobierno central,18.3944203835345,percent_gdp,World Bank,WDI,GC.DOD.TOTL.GD.ZS,https://api.worldbank.org/v2/country/PER/indicator/GC.DOD.TOTL.GD.ZS,2026-10-05T02:25:18.275917+00:00,,WDI API extraction,actual,pending,
PER,Peru,2014-12-31,2014,annual,central_gov_debt_gdp,Deuda del gobierno central,19.56538960172,percent_gdp,World Bank,WDI,GC.DOD.TOTL.GD.ZS,https://api.worldbank.org/v2/country/PER/indicator/GC.DOD.TOTL.GD.ZS,2026-10-05T02:25:18.275917+00:00,,WDI API extraction,actual,pending,
PER,Peru,2015-12-31,2015,annual,central_gov_debt_gdp,Deuda del gobierno central,22.865554469277,percent_gdp,World Bank,WDI,GC.DOD.TOTL.GD.ZS,https://api.worldbank.org/v2/country/PER/indicator/GC.DOD.TOTL.GD.ZS,2026-10-05T02:25:18.275917+00:00,,WDI API extraction,actual,pending,
PER,Peru,2016-12-31,2016,annual,central_gov_debt_gdp,Deuda del gobierno central,23.7062564342415,percent_gdp,World Bank,WDI,GC.DOD.TOTL.GD.ZS,https://api.worldbank.org/v2/country/PER/indicator/GC.DOD.TOTL.GD.ZS,2026-10-05T02:25:18.275917+00:00,,WDI API extraction,actual,pending,
PER,Peru,2017-12-31,2017,annual,central_gov_debt_gdp,Deuda del gobierno central,24.7483395120072,percent_gdp,World Bank,WDI,GC.DOD.TOTL.GD.ZS,https://api.worldbank.org/v2/country/PER/indicator/GC.DOD.TOTL.GD.ZS,2026-10-05T02:25:18.275917+00:00,,WDI API extraction,actual,pending,
PER,Peru,2018-12-31,2018,annual,central_gov_debt_gdp,Deuda del gobierno central,25.7290009576063,percent_gdp,World Bank,WDI,GC.DOD.TOTL.GD.ZS,https://api.worldbank.org/v2/country/PER/indicator/GC.DOD.TOTL.GD.ZS,2026-10-05T02:25:18.275917+00:00,,WDI API extraction,actual,pending,
PER,Peru,2019-12-31,2019,annual,central_gov_debt_gdp,Deuda del gobierno central,26.5266050304096,percent_gdp,World Bank,WDI,GC.DOD.TOTL.GD.ZS,https://api.worldbank.org/v2/country/PER/indicator/GC.DOD.TOTL.GD.ZS,2026-10-05T02:25:18.275917+00:00,,WDI API extraction,actual,pending,
PER,Peru,2020-12-31,2020,annual,central_gov_debt_gdp,Deuda del gobierno central,34.7649150438361,percent_gdp,World Bank,WDI,GC.DOD.TOTL.GD.ZS,https://api.worldbank.org/v2/country/PER/indicator/GC.DOD.TOTL.GD.ZS,2026-10-05T02:25:18.275917+00:00,,WDI API extraction,actual,pending,
PER,Peru,2021-12-31,2021,annual,central_gov_debt_gdp,Deuda del gobierno central,35.237190374692,percent_gdp,World Bank,WDI,GC.DOD.TOTL.GD.ZS,https://api.worldbank.org/v2/country/PER/indicator/GC.DOD.TOTL.GD.ZS,2026-10-05T02:25:18.275917+00:00,,WDI API extraction,actual,pending,
PER,Peru,2022-12-31,2022,annual,central_gov_debt_gdp,Deuda del gobierno central,,percent_gdp,World Bank,WDI,GC.DOD.TOTL.GD.ZS,https://api.worldbank.org/v2/country/PER/indicator/GC.DOD.TOTL.GD.ZS,2026-10-05T02:25:18.275917+00:00,,WDI API extraction,actual,pending,
PER,Peru,2023-12-31,2023,annual,central_gov_debt_gdp,Deuda del gobierno central,,percent_gdp,World Bank,WDI,GC.DOD.TOTL.GD.ZS,https://api.worldbank.org/v2/country/PER/indicator/GC.DOD.TOTL.GD.ZS,2026-10-05T02:25:18.275917+00:00,,WDI API extraction,actual,pending,
PER,Peru,2024-12-31,2024,annual,central_gov_debt_gdp,Deuda del gobierno central,,percent_gdp,World Bank,WDI,GC.DOD.TOTL.GD.ZS,https://api.worldbank.org/v2/country/PER/indicator/GC.DOD.TOTL.GD.ZS,2026-10-05T02:25:18.275917+00:00,,WDI API extraction,actual,pending,
PER,Peru,2025-12-31,2025,annual,central_gov_debt_gdp,Deuda del gobierno central,,percent_gdp,World Bank,WDI,GC.DOD.TOTL.GD.ZS,https://api.worldbank.org/v2/country/PER/indicator/GC.DOD.TOTL.GD.ZS,2026-10-05T02:25:18.275917+00:00,,WDI API extraction,actual,pending,
PER,Peru,2010-12-31,2010,annual,current_account_gdp,Cuenta corriente,-2.41611244249563,percent_gdp,World Bank,WDI,BN.CAB.XOKA.GD.ZS,https://api.worldbank.org/v2/country/PER/indicator/BN.CAB.XOKA.GD.ZS,2026-10-05T02:25:18.275917+00:00,,WDI API extraction,actual,pending,
PER,Peru,2011-12-31,2011,annual,current_account_gdp,Cuenta corriente,-1.96422212136988,percent_gdp,World Bank,WDI,BN.CAB.XOKA.GD.ZS,https://api.worldbank.org/v2/country/PER/indicator/BN.CAB.XOKA.GD.ZS,2026-10-05T02:25:18.275917+00:00,,WDI API extraction,actual,pending,
PER,Peru,2012-12-31,2012,annual,current_account_gdp,Cuenta corriente,-2.85658799241122,percent_gdp,World Bank,WDI,BN.CAB.XOKA.GD.ZS,https://api.worldbank.org/v2/country/PER/indicator/BN.CAB.XOKA.GD.ZS,2026-10-05T02:25:18.275917+00:00,,WDI API extraction,actual,pending,
PER,Peru,2013-12-31,2013,annual,current_account_gdp,Cuenta corriente,-4.85472915477104,percent_gdp,World Bank,WDI,BN.CAB.XOKA.GD.ZS,https://api.worldbank.org/v2/country/PER/indicator/BN.CAB.XOKA.GD.ZS,2026-10-05T02:25:18.275917+00:00,,WDI API extraction,actual,pending,
PER,Peru,2014-12-31,2014,annual,current_account_gdp,Cuenta corriente,-4.40483758703291,percent_gdp,World Bank,WDI,BN.CAB.XOKA.GD.ZS,https://api.worldbank.org/v2/country/PER/indicator/BN.CAB.XOKA.GD.ZS,2026-10-05T02:25:18.275917+00:00,,WDI API extraction,actual,pending,
PER,Peru,2015-12-31,2015,annual,current_account_gdp,Cuenta corriente,-4.77973128045252,percent_gdp,World Bank,WDI,BN.CAB.XOKA.GD.ZS,https://api.worldbank.org/v2/country/PER/indicator/BN.CAB.XOKA.GD.ZS,2026-10-05T02:25:18.275917+00:00,,WDI API extraction,actual,pending,
PER,Peru,2016-12-31,2016,annual,current_account_gdp,Cuenta corriente,-2.42132634833473,percent_gdp,World Bank,WDI,BN.CAB.XOKA.GD.ZS,https://api.worldbank.org/v2/country/PER/indicator/BN.CAB.XOKA.GD.ZS,2026-10-05T02:25:18.275917+00:00,,WDI API extraction,actual,pending,
PER,Peru,2017-12-31,2017,annual,current_account_gdp,Cuenta corriente,-1.11176847186392,percent_gdp,World Bank,WDI,BN.CAB.XOKA.GD.ZS,https://api.worldbank.org/v2/country/PER/indicator/BN.CAB.XOKA.GD.ZS,2026-10-05T02:25:18.275917+00:00,,WDI API extraction,actual,pending,
PER,Peru,2018-12-31,2018,annual,current_account_gdp,Cuenta corriente,-1.28150267165616,percent_gdp,World Bank,WDI,BN.CAB.XOKA.GD.ZS,https://api.worldbank.org/v2/country/PER/indicator/BN.CAB.XOKA.GD.ZS,2026-10-05T02:25:18.275917+00:00,,WDI API extraction,actual,pending,
PER,Peru,2019-12-31,2019,annual,current_account_gdp,Cuenta corriente,-0.727870000015783,percent_gdp,World Bank,WDI,BN.CAB.XOKA.GD.ZS,https://api.worldbank.org/v2/country/PER/indicator/BN.CAB.XOKA.GD.ZS,2026-10-05T02:25:18.275917+00:00,,WDI API extraction,actual,pending,
PER,Peru,2020-12-31,2020,annual,current_account_gdp,Cuenta corriente,0.657151815147808,percent_gdp,World Bank,WDI,BN.CAB.XOKA.GD.ZS,https://api.worldbank.org/v2/country/PER/indicator/BN.CAB.XOKA.GD.ZS,2026-10-05T02:25:18.275917+00:00,,WDI API extraction,actual,pending,
PER,Peru,2021-12-31,2021,annual,current_account_gdp,Cuenta corriente,-2.29896613499338,percent_gdp,World Bank,WDI,BN.CAB.XOKA.GD.ZS,https://api.worldbank.org/v2/country/PER/indicator/BN.CAB.XOKA.GD.ZS,2026-10-05T02:25:18.275917+00:00,,WDI API extraction,actual,pending,
PER,Peru,2022-12-31,2022,annual,current_account_gdp,Cuenta corriente,-4.08676202376085,percent_gdp,World Bank,WDI,BN.CAB.XOKA.GD.ZS,https://api.worldbank.org/v2/country/PER/indicator/BN.CAB.XOKA.GD.ZS,2026-10-05T02:25:18.275917+00:00,,WDI API extraction,actual,pending,
PER,Peru,2023-12-31,2023,annual,current_account_gdp,Cuenta corriente,0.480962420777884,percent_gdp,World Bank,WDI,BN.CAB.XOKA.GD.ZS,https://api.worldbank.org/v2/country/PER/indicator/BN.CAB.XOKA.GD.ZS,2026-10-05T02:25:18.275917+00:00,,WDI API extraction,actual,pending,
PER,Peru,2024-12-31,2024,annual,current_account_gdp,Cuenta corriente,2.38859228781391,percent_gdp,World Bank,WDI,BN.CAB.XOKA.GD.ZS,https://api.worldbank.org/v2/country/PER/indicator/BN.CAB.XOKA.GD.ZS,2026-10-05T02:25:18.275917+00:00,,WDI API extraction,actual,pending,
PER,Peru,2025-12-31,2025,annual,current_account_gdp,Cuenta corriente,3.58499497152416,percent_gdp,World Bank,WDI,BN.CAB.XOKA.GD.ZS,https://api.worldbank.org/v2/country/PER/indicator/BN.CAB.XOKA.GD.ZS,2026-10-05T02:25:18.275917+00:00,,WDI API extraction,actual,pending,
PER,Peru,2010-12-31,2010,annual,fx_reserves_usd,Reservas internacionales,44214818032.5469,current_usd,World Bank,WDI,FI.RES.TOTL.CD,https://api.worldbank.org/v2/country/PER/indicator/FI.RES.TOTL.CD,2026-10-05T02:25:18.275917+00:00,,WDI API extraction,actual,pending,
PER,Peru,2011-12-31,2011,annual,fx_reserves_usd,Reservas internacionales,48913125192.9625,current_usd,World Bank,WDI,FI.RES.TOTL.CD,https://api.worldbank.org/v2/country/PER/indicator/FI.RES.TOTL.CD,2026-10-05T02:25:18.275917+00:00,,WDI API extraction,actual,pending,
PER,Peru,2012-12-31,2012,annual,fx_reserves_usd,Reservas internacionales,64155414233.6095,current_usd,World Bank,WDI,FI.RES.TOTL.CD,https://api.worldbank.org/v2/country/PER/indicator/FI.RES.TOTL.CD,2026-10-05T02:25:18.275917+00:00,,WDI API extraction,actual,pending,
PER,Peru,2013-12-31,2013,annual,fx_reserves_usd,Reservas internacionales,65766057258.3036,current_usd,World Bank,WDI,FI.RES.TOTL.CD,https://api.worldbank.org/v2/country/PER/indicator/FI.RES.TOTL.CD,2026-10-05T02:25:18.275917+00:00,,WDI API extraction,actual,pending,
PER,Peru,2014-12-31,2014,annual,fx_reserves_usd,Reservas internacionales,62529703139.4597,current_usd,World Bank,WDI,FI.RES.TOTL.CD,https://api.worldbank.org/v2/country/PER/indicator/FI.RES.TOTL.CD,2026-10-05T02:25:18.275917+00:00,,WDI API extraction,actual,pending,
PER,Peru,2015-12-31,2015,annual,fx_reserves_usd,Reservas internacionales,61594854517.8208,current_usd,World Bank,WDI,FI.RES.TOTL.CD,https://api.worldbank.org/v2/country/PER/indicator/FI.RES.TOTL.CD,2026-10-05T02:25:18.275917+00:00,,WDI API extraction,actual,pending,
PER,Peru,2016-12-31,2016,annual,fx_reserves_usd,Reservas internacionales,61801163825.775,current_usd,World Bank,WDI,FI.RES.TOTL.CD,https://api.worldbank.org/v2/country/PER/indicator/FI.RES.TOTL.CD,2026-10-05T02:25:18.275917+00:00,,WDI API extraction,actual,pending,
PER,Peru,2017-12-31,2017,annual,fx_reserves_usd,Reservas internacionales,63819289822.9382,current_usd,World Bank,WDI,FI.RES.TOTL.CD,https://api.worldbank.org/v2/country/PER/indicator/FI.RES.TOTL.CD,2026-10-05T02:25:18.275917+00:00,,WDI API extraction,actual,pending,
PER,Peru,2018-12-31,2018,annual,fx_reserves_usd,Reservas internacionales,60333192028.0169,current_usd,World Bank,WDI,FI.RES.TOTL.CD,https://api.worldbank.org/v2/country/PER/indicator/FI.RES.TOTL.CD,2026-10-05T02:25:18.275917+00:00,,WDI API extraction,actual,pending,
PER,Peru,2019-12-31,2019,annual,fx_reserves_usd,Reservas internacionales,68440494635.2458,current_usd,World Bank,WDI,FI.RES.TOTL.CD,https://api.worldbank.org/v2/country/PER/indicator/FI.RES.TOTL.CD,2026-10-05T02:25:18.275917+00:00,,WDI API extraction,actual,pending,
PER,Peru,2020-12-31,2020,annual,fx_reserves_usd,Reservas internacionales,74961659711.1288,current_usd,World Bank,WDI,FI.RES.TOTL.CD,https://api.worldbank.org/v2/country/PER/indicator/FI.RES.TOTL.CD,2026-10-05T02:25:18.275917+00:00,,WDI API extraction,actual,pending,
PER,Peru,2021-12-31,2021,annual,fx_reserves_usd,Reservas internacionales,78589897922.7032,current_usd,World Bank,WDI,FI.RES.TOTL.CD,https://api.worldbank.org/v2/country/PER/indicator/FI.RES.TOTL.CD,2026-10-05T02:25:18.275917+00:00,,WDI API extraction,actual,pending,
PER,Peru,2022-12-31,2022,annual,fx_reserves_usd,Reservas internacionales,72328123071.4846,current_usd,World Bank,WDI,FI.RES.TOTL.CD,https://api.worldbank.org/v2/country/PER/indicator/FI.RES.TOTL.CD,2026-10-05T02:25:18.275917+00:00,,WDI API extraction,actual,pending,
PER,Peru,2023-12-31,2023,annual,fx_reserves_usd,Reservas internacionales,71394387239.6392,current_usd,World Bank,WDI,FI.RES.TOTL.CD,https://api.worldbank.org/v2/country/PER/indicator/FI.RES.TOTL.CD,2026-10-05T02:25:18.275917+00:00,,WDI API extraction,actual,pending,
PER,Peru,2024-12-31,2024,annual,fx_reserves_usd,Reservas internacionales,79246042707.9259,current_usd,World Bank,WDI,FI.RES.TOTL.CD,https://api.worldbank.org/v2/country/PER/indicator/FI.RES.TOTL.CD,2026-10-05T02:25:18.275917+00:00,,WDI API extraction,actual,pending,
PER,Peru,2025-12-31,2025,annual,fx_reserves_usd,Reservas internacionales,90393720332.2317,current_usd,World Bank,WDI,FI.RES.TOTL.CD,https://api.worldbank.org/v2/country/PER/indicator/FI.RES.TOTL.CD,2026-10-05T02:25:18.275917+00:00,,WDI API extraction,actual,pending,
PER,Peru,2010-12-31,2010,annual,inflation_cpi_yoy,Inflación IPC,1.52832059732901,percent,World Bank,WDI,FP.CPI.TOTL.ZG,https://api.worldbank.org/v2/country/PER/indicator/FP.CPI.TOTL.ZG,2026-10-05T02:25:18.275917+00:00,,WDI API extraction,actual,pending,
PER,Peru,2011-12-31,2011,annual,inflation_cpi_yoy,Inflación IPC,3.36931095333853,percent,World Bank,WDI,FP.CPI.TOTL.ZG,https://api.worldbank.org/v2/country/PER/indicator/FP.CPI.TOTL.ZG,2026-10-05T02:25:18.275917+00:00,,WDI API extraction,actual,pending,
PER,Peru,2012-12-31,2012,annual,inflation_cpi_yoy,Inflación IPC,3.61121294940163,percent,World Bank,WDI,FP.CPI.TOTL.ZG,https://api.worldbank.org/v2/country/PER/indicator/FP.CPI.TOTL.ZG,2026-10-05T02:25:18.275917+00:00,,WDI API extraction,actual,pending,
PER,Peru,2013-12-31,2013,annual,inflation_cpi_yoy,Inflación IPC,2.76789666082002,percent,World Bank,WDI,FP.CPI.TOTL.ZG,https://api.worldbank.org/v2/country/PER/indicator/FP.CPI.TOTL.ZG,2026-10-05T02:25:18.275917+00:00,,WDI API extraction,actual,pending,
PER,Peru,2014-12-31,2014,annual,inflation_cpi_yoy,Inflación IPC,3.41194579807465,percent,World Bank,WDI,FP.CPI.TOTL.ZG,https://api.worldbank.org/v2/country/PER/indicator/FP.CPI.TOTL.ZG,2026-10-05T02:25:18.275917+00:00,,WDI API extraction,actual,pending,
PER,Peru,2015-12-31,2015,annual,inflation_cpi_yoy,Inflación IPC,3.39809194746308,percent,World Bank,WDI,FP.CPI.TOTL.ZG,https://api.worldbank.org/v2/country/PER/indicator/FP.CPI.TOTL.ZG,2026-10-05T02:25:18.275917+00:00,,WDI API extraction,actual,pending,
PER,Peru,2016-12-31,2016,annual,inflation_cpi_yoy,Inflación IPC,3.55717663556279,percent,World Bank,WDI,FP.CPI.TOTL.ZG,https://api.worldbank.org/v2/country/PER/indicator/FP.CPI.TOTL.ZG,2026-10-05T02:25:18.275917+00:00,,WDI API extraction,actual,pending,
PER,Peru,2017-12-31,2017,annual,inflation_cpi_yoy,Inflación IPC,2.99490045809443,percent,World Bank,WDI,FP.CPI.TOTL.ZG,https://api.worldbank.org/v2/country/PER/indicator/FP.CPI.TOTL.ZG,2026-10-05T02:25:18.275917+00:00,,WDI API extraction,actual,pending,
PER,Peru,2018-12-31,2018,annual,inflation_cpi_yoy,Inflación IPC,1.50915423024742,percent,World Bank,WDI,FP.CPI.TOTL.ZG,https://api.worldbank.org/v2/country/PER/indicator/FP.CPI.TOTL.ZG,2026-10-05T02:25:18.275917+00:00,,WDI API extraction,actual,pending,
PER,Peru,2019-12-31,2019,annual,inflation_cpi_yoy,Inflación IPC,2.25212191358027,percent,World Bank,WDI,FP.CPI.TOTL.ZG,https://api.worldbank.org/v2/country/PER/indicator/FP.CPI.TOTL.ZG,2026-10-05T02:25:18.275917+00:00,,WDI API extraction,actual,pending,
PER,Peru,2020-12-31,2020,annual,inflation_cpi_yoy,Inflación IPC,2.00241205759292,percent,World Bank,WDI,FP.CPI.TOTL.ZG,https://api.worldbank.org/v2/country/PER/indicator/FP.CPI.TOTL.ZG,2026-10-05T02:25:18.275917+00:00,,WDI API extraction,actual,pending,
PER,Peru,2021-12-31,2021,annual,inflation_cpi_yoy,Inflación IPC,4.27166381536798,percent,World Bank,WDI,FP.CPI.TOTL.ZG,https://api.worldbank.org/v2/country/PER/indicator/FP.CPI.TOTL.ZG,2026-10-05T02:25:18.275917+00:00,,WDI API extraction,actual,pending,
PER,Peru,2022-12-31,2022,annual,inflation_cpi_yoy,Inflación IPC,8.33370630096231,percent,World Bank,WDI,FP.CPI.TOTL.ZG,https://api.worldbank.org/v2/country/PER/indicator/FP.CPI.TOTL.ZG,2026-10-05T02:25:18.275917+00:00,,WDI API extraction,actual,pending,
PER,Peru,2023-12-31,2023,annual,inflation_cpi_yoy,Inflación IPC,6.45561348369586,percent,World Bank,WDI,FP.CPI.TOTL.ZG,https://api.worldbank.org/v2/country/PER/indicator/FP.CPI.TOTL.ZG,2026-10-05T02:25:18.275917+00:00,,WDI API extraction,actual,pending,
PER,Peru,2024-12-31,2024,annual,inflation_cpi_yoy,Inflación IPC,2.00770739412712,percent,World Bank,WDI,FP.CPI.TOTL.ZG,https://api.worldbank.org/v2/country/PER/indicator/FP.CPI.TOTL.ZG,2026-10-05T02:25:18.275917+00:00,,WDI API extraction,actual,pending,
PER,Peru,2025-12-31,2025,annual,inflation_cpi_yoy,Inflación IPC,1.53125450314273,percent,World Bank,WDI,FP.CPI.TOTL.ZG,https://api.worldbank.org/v2/country/PER/indicator/FP.CPI.TOTL.ZG,2026-10-05T02:25:18.275917+00:00,,WDI API extraction,actual,pending,
PER,Peru,2010-12-31,2010,annual,official_exchange_rate,Tipo de cambio oficial,2.825125,local_currency_per_usd,World Bank,WDI,PA.NUS.FCRF,https://api.worldbank.org/v2/country/PER/indicator/PA.NUS.FCRF,2026-10-05T02:25:18.275917+00:00,,WDI API extraction,actual,pending,
PER,Peru,2011-12-31,2011,annual,official_exchange_rate,Tipo de cambio oficial,2.7541,local_currency_per_usd,World Bank,WDI,PA.NUS.FCRF,https://api.worldbank.org/v2/country/PER/indicator/PA.NUS.FCRF,2026-10-05T02:25:18.275917+00:00,,WDI API extraction,actual,pending,
PER,Peru,2012-12-31,2012,annual,official_exchange_rate,Tipo de cambio oficial,2.63758641774892,local_currency_per_usd,World Bank,WDI,PA.NUS.FCRF,https://api.worldbank.org/v2/country/PER/indicator/PA.NUS.FCRF,2026-10-05T02:25:18.275917+00:00,,WDI API extraction,actual,pending,
PER,Peru,2013-12-31,2013,annual,official_exchange_rate,Tipo de cambio oficial,2.70189902597403,local_currency_per_usd,World Bank,WDI,PA.NUS.FCRF,https://api.worldbank.org/v2/country/PER/indicator/PA.NUS.FCRF,2026-10-05T02:25:18.275917+00:00,,WDI API extraction,actual,pending,
PER,Peru,2014-12-31,2014,annual,official_exchange_rate,Tipo de cambio oficial,2.83904413780664,local_currency_per_usd,World Bank,WDI,PA.NUS.FCRF,https://api.worldbank.org/v2/country/PER/indicator/PA.NUS.FCRF,2026-10-05T02:25:18.275917+00:00,,WDI API extraction,actual,pending,
PER,Peru,2015-12-31,2015,annual,official_exchange_rate,Tipo de cambio oficial,3.18443924152237,local_currency_per_usd,World Bank,WDI,PA.NUS.FCRF,https://api.worldbank.org/v2/country/PER/indicator/PA.NUS.FCRF,2026-10-05T02:25:18.275917+00:00,,WDI API extraction,actual,pending,
PER,Peru,2016-12-31,2016,annual,official_exchange_rate,Tipo de cambio oficial,3.37506158720665,local_currency_per_usd,World Bank,WDI,PA.NUS.FCRF,https://api.worldbank.org/v2/country/PER/indicator/PA.NUS.FCRF,2026-10-05T02:25:18.275917+00:00,,WDI API extraction,actual,pending,
PER,Peru,2017-12-31,2017,annual,official_exchange_rate,Tipo de cambio oficial,3.2604884908321,local_currency_per_usd,World Bank,WDI,PA.NUS.FCRF,https://api.worldbank.org/v2/country/PER/indicator/PA.NUS.FCRF,2026-10-05T02:25:18.275917+00:00,,WDI API extraction,actual,pending,
PER,Peru,2018-12-31,2018,annual,official_exchange_rate,Tipo de cambio oficial,3.28660269803296,local_currency_per_usd,World Bank,WDI,PA.NUS.FCRF,https://api.worldbank.org/v2/country/PER/indicator/PA.NUS.FCRF,2026-10-05T02:25:18.275917+00:00,,WDI API extraction,actual,pending,
PER,Peru,2019-12-31,2019,annual,official_exchange_rate,Tipo de cambio oficial,3.3372655465368,local_currency_per_usd,World Bank,WDI,PA.NUS.FCRF,https://api.worldbank.org/v2/country/PER/indicator/PA.NUS.FCRF,2026-10-05T02:25:18.275917+00:00,,WDI API extraction,actual,pending,
PER,Peru,2020-12-31,2020,annual,official_exchange_rate,Tipo de cambio oficial,3.4949411976912,local_currency_per_usd,World Bank,WDI,PA.NUS.FCRF,https://api.worldbank.org/v2/country/PER/indicator/PA.NUS.FCRF,2026-10-05T02:25:18.275917+00:00,,WDI API extraction,actual,pending,
PER,Peru,2021-12-31,2021,annual,official_exchange_rate,Tipo de cambio oficial,3.88055413137587,local_currency_per_usd,World Bank,WDI,PA.NUS.FCRF,https://api.worldbank.org/v2/country/PER/indicator/PA.NUS.FCRF,2026-10-05T02:25:18.275917+00:00,,WDI API extraction,actual,pending,
PER,Peru,2022-12-31,2022,annual,official_exchange_rate,Tipo de cambio oficial,3.83518137473542,local_currency_per_usd,World Bank,WDI,PA.NUS.FCRF,https://api.worldbank.org/v2/country/PER/indicator/PA.NUS.FCRF,2026-10-05T02:25:18.275917+00:00,,WDI API extraction,actual,pending,
PER,Peru,2023-12-31,2023,annual,official_exchange_rate,Tipo de cambio oficial,3.74382620959376,local_currency_per_usd,World Bank,WDI,PA.NUS.FCRF,https://api.worldbank.org/v2/country/PER/indicator/PA.NUS.FCRF,2026-10-05T02:25:18.275917+00:00,,WDI API extraction,actual,pending,
PER,Peru,2024-12-31,2024,annual,official_exchange_rate,Tipo de cambio oficial,3.7525,local_currency_per_usd,World Bank,WDI,PA.NUS.FCRF,https://api.worldbank.org/v2/country/PER/indicator/PA.NUS.FCRF,2026-10-05T02:25:18.275917+00:00,,WDI API extraction,actual,pending,
PER,Peru,2025-12-31,2025,annual,official_exchange_rate,Tipo de cambio oficial,3.5670638032991,local_currency_per_usd,World Bank,WDI,PA.NUS.FCRF,https://api.worldbank.org/v2/country/PER/indicator/PA.NUS.FCRF,2026-10-05T02:25:18.275917+00:00,,WDI API extraction,actual,pending,
PER,Peru,2010-12-31,2010,annual,real_gdp_growth_yoy,Crecimiento real del PIB,8.33245910749577,percent,World Bank,WDI,NY.GDP.MKTP.KD.ZG,https://api.worldbank.org/v2/country/PER/indicator/NY.GDP.MKTP.KD.ZG,2026-10-05T02:25:18.275917+00:00,,WDI API extraction,actual,pending,
PER,Peru,2011-12-31,2011,annual,real_gdp_growth_yoy,Crecimiento real del PIB,6.32719240161117,percent,World Bank,WDI,NY.GDP.MKTP.KD.ZG,https://api.worldbank.org/v2/country/PER/indicator/NY.GDP.MKTP.KD.ZG,2026-10-05T02:25:18.275917+00:00,,WDI API extraction,actual,pending,
PER,Peru,2012-12-31,2012,annual,real_gdp_growth_yoy,Crecimiento real del PIB,6.13972470560435,percent,World Bank,WDI,NY.GDP.MKTP.KD.ZG,https://api.worldbank.org/v2/country/PER/indicator/NY.GDP.MKTP.KD.ZG,2026-10-05T02:25:18.275917+00:00,,WDI API extraction,actual,pending,
PER,Peru,2013-12-31,2013,annual,real_gdp_growth_yoy,Crecimiento real del PIB,5.85251821084928,percent,World Bank,WDI,NY.GDP.MKTP.KD.ZG,https://api.worldbank.org/v2/country/PER/indicator/NY.GDP.MKTP.KD.ZG,2026-10-05T02:25:18.275917+00:00,,WDI API extraction,actual,pending,
PER,Peru,2014-12-31,2014,annual,real_gdp_growth_yoy,Crecimiento real del PIB,2.38215737180541,percent,World Bank,WDI,NY.GDP.MKTP.KD.ZG,https://api.worldbank.org/v2/country/PER/indicator/NY.GDP.MKTP.KD.ZG,2026-10-05T02:25:18.275917+00:00,,WDI API extraction,actual,pending,
PER,Peru,2015-12-31,2015,annual,real_gdp_growth_yoy,Crecimiento real del PIB,3.25224477218451,percent,World Bank,WDI,NY.GDP.MKTP.KD.ZG,https://api.worldbank.org/v2/country/PER/indicator/NY.GDP.MKTP.KD.ZG,2026-10-05T02:25:18.275917+00:00,,WDI API extraction,actual,pending,
PER,Peru,2016-12-31,2016,annual,real_gdp_growth_yoy,Crecimiento real del PIB,3.95331871520767,percent,World Bank,WDI,NY.GDP.MKTP.KD.ZG,https://api.worldbank.org/v2/country/PER/indicator/NY.GDP.MKTP.KD.ZG,2026-10-05T02:25:18.275917+00:00,,WDI API extraction,actual,pending,
PER,Peru,2017-12-31,2017,annual,real_gdp_growth_yoy,Crecimiento real del PIB,2.51883544233135,percent,World Bank,WDI,NY.GDP.MKTP.KD.ZG,https://api.worldbank.org/v2/country/PER/indicator/NY.GDP.MKTP.KD.ZG,2026-10-05T02:25:18.275917+00:00,,WDI API extraction,actual,pending,
PER,Peru,2018-12-31,2018,annual,real_gdp_growth_yoy,Crecimiento real del PIB,3.969351341365,percent,World Bank,WDI,NY.GDP.MKTP.KD.ZG,https://api.worldbank.org/v2/country/PER/indicator/NY.GDP.MKTP.KD.ZG,2026-10-05T02:25:18.275917+00:00,,WDI API extraction,actual,pending,
PER,Peru,2019-12-31,2019,annual,real_gdp_growth_yoy,Crecimiento real del PIB,2.24063176875049,percent,World Bank,WDI,NY.GDP.MKTP.KD.ZG,https://api.worldbank.org/v2/country/PER/indicator/NY.GDP.MKTP.KD.ZG,2026-10-05T02:25:18.275917+00:00,,WDI API extraction,actual,pending,
PER,Peru,2020-12-31,2020,annual,real_gdp_growth_yoy,Crecimiento real del PIB,-10.9333065010382,percent,World Bank,WDI,NY.GDP.MKTP.KD.ZG,https://api.worldbank.org/v2/country/PER/indicator/NY.GDP.MKTP.KD.ZG,2026-10-05T02:25:18.275917+00:00,,WDI API extraction,actual,pending,
PER,Peru,2021-12-31,2021,annual,real_gdp_growth_yoy,Crecimiento real del PIB,13.4166456126513,percent,World Bank,WDI,NY.GDP.MKTP.KD.ZG,https://api.worldbank.org/v2/country/PER/indicator/NY.GDP.MKTP.KD.ZG,2026-10-05T02:25:18.275917+00:00,,WDI API extraction,actual,pending,
PER,Peru,2022-12-31,2022,annual,real_gdp_growth_yoy,Crecimiento real del PIB,2.81819976419922,percent,World Bank,WDI,NY.GDP.MKTP.KD.ZG,https://api.worldbank.org/v2/country/PER/indicator/NY.GDP.MKTP.KD.ZG,2026-10-05T02:25:18.275917+00:00,,WDI API extraction,actual,pending,
PER,Peru,2023-12-31,2023,annual,real_gdp_growth_yoy,Crecimiento real del PIB,-0.350699814345759,percent,World Bank,WDI,NY.GDP.MKTP.KD.ZG,https://api.worldbank.org/v2/country/PER/indicator/NY.GDP.MKTP.KD.ZG,2026-10-05T02:25:18.275917+00:00,,WDI API extraction,actual,pending,
PER,Peru,2024-12-31,2024,annual,real_gdp_growth_yoy,Crecimiento real del PIB,3.5152749274832,percent,World Bank,WDI,NY.GDP.MKTP.KD.ZG,https://api.worldbank.org/v2/country/PER/indicator/NY.GDP.MKTP.KD.ZG,2026-10-05T02:25:18.275917+00:00,,WDI API extraction,actual,pending,
PER,Peru,2025-12-31,2025,annual,real_gdp_growth_yoy,Crecimiento real del PIB,3.43056395124466,percent,World Bank,WDI,NY.GDP.MKTP.KD.ZG,https://api.worldbank.org/v2/country/PER/indicator/NY.GDP.MKTP.KD.ZG,2026-10-05T02:25:18.275917+00:00,,WDI API extraction,actual,pending,
