country_iso3,country_name,year,variable_id,variable_name,value,unit,source_org,source_dataset,source_series_code,observation_status,quality_flag,notes,source_layer,source_definition
ARG,Argentina,2010,central_gov_debt_gdp,Deuda del gobierno central,,percent_gdp,World Bank,WDI,GC.DOD.TOTL.GD.ZS,actual,pending,,WDI,
ARG,Argentina,2011,central_gov_debt_gdp,Deuda del gobierno central,,percent_gdp,World Bank,WDI,GC.DOD.TOTL.GD.ZS,actual,pending,,WDI,
ARG,Argentina,2012,central_gov_debt_gdp,Deuda del gobierno central,,percent_gdp,World Bank,WDI,GC.DOD.TOTL.GD.ZS,actual,pending,,WDI,
ARG,Argentina,2013,central_gov_debt_gdp,Deuda del gobierno central,,percent_gdp,World Bank,WDI,GC.DOD.TOTL.GD.ZS,actual,pending,,WDI,
ARG,Argentina,2014,central_gov_debt_gdp,Deuda del gobierno central,,percent_gdp,World Bank,WDI,GC.DOD.TOTL.GD.ZS,actual,pending,,WDI,
ARG,Argentina,2015,central_gov_debt_gdp,Deuda del gobierno central,,percent_gdp,World Bank,WDI,GC.DOD.TOTL.GD.ZS,actual,pending,,WDI,
ARG,Argentina,2016,central_gov_debt_gdp,Deuda del gobierno central,,percent_gdp,World Bank,WDI,GC.DOD.TOTL.GD.ZS,actual,pending,,WDI,
ARG,Argentina,2017,central_gov_debt_gdp,Deuda del gobierno central,,percent_gdp,World Bank,WDI,GC.DOD.TOTL.GD.ZS,actual,pending,,WDI,
ARG,Argentina,2018,central_gov_debt_gdp,Deuda del gobierno central,,percent_gdp,World Bank,WDI,GC.DOD.TOTL.GD.ZS,actual,pending,,WDI,
ARG,Argentina,2019,central_gov_debt_gdp,Deuda del gobierno central,,percent_gdp,World Bank,WDI,GC.DOD.TOTL.GD.ZS,actual,pending,,WDI,
ARG,Argentina,2020,central_gov_debt_gdp,Deuda del gobierno central,,percent_gdp,World Bank,WDI,GC.DOD.TOTL.GD.ZS,actual,pending,,WDI,
ARG,Argentina,2021,central_gov_debt_gdp,Deuda del gobierno central,,percent_gdp,World Bank,WDI,GC.DOD.TOTL.GD.ZS,actual,pending,,WDI,
ARG,Argentina,2022,central_gov_debt_gdp,Deuda del gobierno central,,percent_gdp,World Bank,WDI,GC.DOD.TOTL.GD.ZS,actual,pending,,WDI,
ARG,Argentina,2023,central_gov_debt_gdp,Deuda del gobierno central,,percent_gdp,World Bank,WDI,GC.DOD.TOTL.GD.ZS,actual,pending,,WDI,
ARG,Argentina,2024,central_gov_debt_gdp,Deuda del gobierno central,,percent_gdp,World Bank,WDI,GC.DOD.TOTL.GD.ZS,actual,pending,,WDI,
ARG,Argentina,2025,central_gov_debt_gdp,Deuda del gobierno central,,percent_gdp,World Bank,WDI,GC.DOD.TOTL.GD.ZS,actual,pending,,WDI,
ARG,Argentina,2010,current_account_gdp,Cuenta corriente,-0.383118699737133,percent_gdp,World Bank,WDI,BN.CAB.XOKA.GD.ZS,actual,pending,,WDI,
ARG,Argentina,2011,current_account_gdp,Cuenta corriente,-1.00728084144866,percent_gdp,World Bank,WDI,BN.CAB.XOKA.GD.ZS,actual,pending,,WDI,
ARG,Argentina,2012,current_account_gdp,Cuenta corriente,-0.39159512386959,percent_gdp,World Bank,WDI,BN.CAB.XOKA.GD.ZS,actual,pending,,WDI,
ARG,Argentina,2013,current_account_gdp,Cuenta corriente,-2.37749566620574,percent_gdp,World Bank,WDI,BN.CAB.XOKA.GD.ZS,actual,pending,,WDI,
ARG,Argentina,2014,current_account_gdp,Cuenta corriente,-1.74400211981355,percent_gdp,World Bank,WDI,BN.CAB.XOKA.GD.ZS,actual,pending,,WDI,
ARG,Argentina,2015,current_account_gdp,Cuenta corriente,-2.96292666513534,percent_gdp,World Bank,WDI,BN.CAB.XOKA.GD.ZS,actual,pending,,WDI,
ARG,Argentina,2016,current_account_gdp,Cuenta corriente,-2.70922168361454,percent_gdp,World Bank,WDI,BN.CAB.XOKA.GD.ZS,actual,pending,,WDI,
ARG,Argentina,2017,current_account_gdp,Cuenta corriente,-4.83995921807391,percent_gdp,World Bank,WDI,BN.CAB.XOKA.GD.ZS,actual,pending,,WDI,
ARG,Argentina,2018,current_account_gdp,Cuenta corriente,-5.16055257152295,percent_gdp,World Bank,WDI,BN.CAB.XOKA.GD.ZS,actual,pending,,WDI,
ARG,Argentina,2019,current_account_gdp,Cuenta corriente,-0.779998447561848,percent_gdp,World Bank,WDI,BN.CAB.XOKA.GD.ZS,actual,pending,,WDI,
ARG,Argentina,2020,current_account_gdp,Cuenta corriente,0.696935361136031,percent_gdp,World Bank,WDI,BN.CAB.XOKA.GD.ZS,actual,pending,,WDI,
ARG,Argentina,2021,current_account_gdp,Cuenta corriente,1.36154422203441,percent_gdp,World Bank,WDI,BN.CAB.XOKA.GD.ZS,actual,pending,,WDI,
ARG,Argentina,2022,current_account_gdp,Cuenta corriente,-0.62525456692328,percent_gdp,World Bank,WDI,BN.CAB.XOKA.GD.ZS,actual,pending,,WDI,
ARG,Argentina,2023,current_account_gdp,Cuenta corriente,-3.1951463789585,percent_gdp,World Bank,WDI,BN.CAB.XOKA.GD.ZS,actual,pending,,WDI,
ARG,Argentina,2024,current_account_gdp,Cuenta corriente,0.893118418089375,percent_gdp,World Bank,WDI,BN.CAB.XOKA.GD.ZS,actual,pending,,WDI,
ARG,Argentina,2025,current_account_gdp,Cuenta corriente,-1.10988825977293,percent_gdp,World Bank,WDI,BN.CAB.XOKA.GD.ZS,actual,pending,,WDI,
ARG,Argentina,2010,fx_reserves_usd,Reservas internacionales,52207549724.0928,current_usd,World Bank,WDI,FI.RES.TOTL.CD,actual,pending,,WDI,
ARG,Argentina,2011,fx_reserves_usd,Reservas internacionales,46265800525.8807,current_usd,World Bank,WDI,FI.RES.TOTL.CD,actual,pending,,WDI,
ARG,Argentina,2012,fx_reserves_usd,Reservas internacionales,43223270863.843,current_usd,World Bank,WDI,FI.RES.TOTL.CD,actual,pending,,WDI,
ARG,Argentina,2013,fx_reserves_usd,Reservas internacionales,30533919650.6264,current_usd,World Bank,WDI,FI.RES.TOTL.CD,actual,pending,,WDI,
ARG,Argentina,2014,fx_reserves_usd,Reservas internacionales,31410813269.5239,current_usd,World Bank,WDI,FI.RES.TOTL.CD,actual,pending,,WDI,
ARG,Argentina,2015,fx_reserves_usd,Reservas internacionales,25520565580.4894,current_usd,World Bank,WDI,FI.RES.TOTL.CD,actual,pending,,WDI,
ARG,Argentina,2016,fx_reserves_usd,Reservas internacionales,38414518491.6132,current_usd,World Bank,WDI,FI.RES.TOTL.CD,actual,pending,,WDI,
ARG,Argentina,2017,fx_reserves_usd,Reservas internacionales,55314409205.2189,current_usd,World Bank,WDI,FI.RES.TOTL.CD,actual,pending,,WDI,
ARG,Argentina,2018,fx_reserves_usd,Reservas internacionales,66221501691.4418,current_usd,World Bank,WDI,FI.RES.TOTL.CD,actual,pending,,WDI,
ARG,Argentina,2019,fx_reserves_usd,Reservas internacionales,44880566052.3703,current_usd,World Bank,WDI,FI.RES.TOTL.CD,actual,pending,,WDI,
ARG,Argentina,2020,fx_reserves_usd,Reservas internacionales,39403734630.1228,current_usd,World Bank,WDI,FI.RES.TOTL.CD,actual,pending,,WDI,
ARG,Argentina,2021,fx_reserves_usd,Reservas internacionales,39653498610.7828,current_usd,World Bank,WDI,FI.RES.TOTL.CD,actual,pending,,WDI,
ARG,Argentina,2022,fx_reserves_usd,Reservas internacionales,44795335171.5152,current_usd,World Bank,WDI,FI.RES.TOTL.CD,actual,pending,,WDI,
ARG,Argentina,2023,fx_reserves_usd,Reservas internacionales,23080560550.2946,current_usd,World Bank,WDI,FI.RES.TOTL.CD,actual,pending,,WDI,
ARG,Argentina,2024,fx_reserves_usd,Reservas internacionales,29559610350.7831,current_usd,World Bank,WDI,FI.RES.TOTL.CD,actual,pending,,WDI,
ARG,Argentina,2025,fx_reserves_usd,Reservas internacionales,40998763986.6338,current_usd,World Bank,WDI,FI.RES.TOTL.CD,actual,pending,,WDI,
ARG,Argentina,1992,general_gov_gross_debt_gdp,Deuda bruta del gobierno general,24.961,percent_gdp,International Monetary Fund,"World Economic Outlook, April 2026",GGXWDG_NGDP,actual,source_defined,Historical/projection classification follows LATEST_ACTUAL_ANNUAL_DATA in the WEO source.,IMF_WEO,"Gross debt, General government, Percent of GDP"
ARG,Argentina,1993,general_gov_gross_debt_gdp,Deuda bruta del gobierno general,26.893,percent_gdp,International Monetary Fund,"World Economic Outlook, April 2026",GGXWDG_NGDP,actual,source_defined,Historical/projection classification follows LATEST_ACTUAL_ANNUAL_DATA in the WEO source.,IMF_WEO,"Gross debt, General government, Percent of GDP"
ARG,Argentina,1994,general_gov_gross_debt_gdp,Deuda bruta del gobierno general,28.426,percent_gdp,International Monetary Fund,"World Economic Outlook, April 2026",GGXWDG_NGDP,actual,source_defined,Historical/projection classification follows LATEST_ACTUAL_ANNUAL_DATA in the WEO source.,IMF_WEO,"Gross debt, General government, Percent of GDP"
ARG,Argentina,1995,general_gov_gross_debt_gdp,Deuda bruta del gobierno general,30.749,percent_gdp,International Monetary Fund,"World Economic Outlook, April 2026",GGXWDG_NGDP,actual,source_defined,Historical/projection classification follows LATEST_ACTUAL_ANNUAL_DATA in the WEO source.,IMF_WEO,"Gross debt, General government, Percent of GDP"
ARG,Argentina,1996,general_gov_gross_debt_gdp,Deuda bruta del gobierno general,32.551,percent_gdp,International Monetary Fund,"World Economic Outlook, April 2026",GGXWDG_NGDP,actual,source_defined,Historical/projection classification follows LATEST_ACTUAL_ANNUAL_DATA in the WEO source.,IMF_WEO,"Gross debt, General government, Percent of GDP"
ARG,Argentina,1997,general_gov_gross_debt_gdp,Deuda bruta del gobierno general,31.676,percent_gdp,International Monetary Fund,"World Economic Outlook, April 2026",GGXWDG_NGDP,actual,source_defined,Historical/projection classification follows LATEST_ACTUAL_ANNUAL_DATA in the WEO source.,IMF_WEO,"Gross debt, General government, Percent of GDP"
ARG,Argentina,1998,general_gov_gross_debt_gdp,Deuda bruta del gobierno general,34.147,percent_gdp,International Monetary Fund,"World Economic Outlook, April 2026",GGXWDG_NGDP,actual,source_defined,Historical/projection classification follows LATEST_ACTUAL_ANNUAL_DATA in the WEO source.,IMF_WEO,"Gross debt, General government, Percent of GDP"
ARG,Argentina,1999,general_gov_gross_debt_gdp,Deuda bruta del gobierno general,38.917,percent_gdp,International Monetary Fund,"World Economic Outlook, April 2026",GGXWDG_NGDP,actual,source_defined,Historical/projection classification follows LATEST_ACTUAL_ANNUAL_DATA in the WEO source.,IMF_WEO,"Gross debt, General government, Percent of GDP"
ARG,Argentina,2000,general_gov_gross_debt_gdp,Deuda bruta del gobierno general,40.833,percent_gdp,International Monetary Fund,"World Economic Outlook, April 2026",GGXWDG_NGDP,actual,source_defined,Historical/projection classification follows LATEST_ACTUAL_ANNUAL_DATA in the WEO source.,IMF_WEO,"Gross debt, General government, Percent of GDP"
ARG,Argentina,2001,general_gov_gross_debt_gdp,Deuda bruta del gobierno general,48.007,percent_gdp,International Monetary Fund,"World Economic Outlook, April 2026",GGXWDG_NGDP,actual,source_defined,Historical/projection classification follows LATEST_ACTUAL_ANNUAL_DATA in the WEO source.,IMF_WEO,"Gross debt, General government, Percent of GDP"
ARG,Argentina,2002,general_gov_gross_debt_gdp,Deuda bruta del gobierno general,147.203,percent_gdp,International Monetary Fund,"World Economic Outlook, April 2026",GGXWDG_NGDP,actual,source_defined,Historical/projection classification follows LATEST_ACTUAL_ANNUAL_DATA in the WEO source.,IMF_WEO,"Gross debt, General government, Percent of GDP"
ARG,Argentina,2003,general_gov_gross_debt_gdp,Deuda bruta del gobierno general,125.162,percent_gdp,International Monetary Fund,"World Economic Outlook, April 2026",GGXWDG_NGDP,actual,source_defined,Historical/projection classification follows LATEST_ACTUAL_ANNUAL_DATA in the WEO source.,IMF_WEO,"Gross debt, General government, Percent of GDP"
ARG,Argentina,2004,general_gov_gross_debt_gdp,Deuda bruta del gobierno general,117.878,percent_gdp,International Monetary Fund,"World Economic Outlook, April 2026",GGXWDG_NGDP,actual,source_defined,Historical/projection classification follows LATEST_ACTUAL_ANNUAL_DATA in the WEO source.,IMF_WEO,"Gross debt, General government, Percent of GDP"
ARG,Argentina,2005,general_gov_gross_debt_gdp,Deuda bruta del gobierno general,80.282,percent_gdp,International Monetary Fund,"World Economic Outlook, April 2026",GGXWDG_NGDP,actual,source_defined,Historical/projection classification follows LATEST_ACTUAL_ANNUAL_DATA in the WEO source.,IMF_WEO,"Gross debt, General government, Percent of GDP"
ARG,Argentina,2006,general_gov_gross_debt_gdp,Deuda bruta del gobierno general,70.793,percent_gdp,International Monetary Fund,"World Economic Outlook, April 2026",GGXWDG_NGDP,actual,source_defined,Historical/projection classification follows LATEST_ACTUAL_ANNUAL_DATA in the WEO source.,IMF_WEO,"Gross debt, General government, Percent of GDP"
ARG,Argentina,2007,general_gov_gross_debt_gdp,Deuda bruta del gobierno general,62.133,percent_gdp,International Monetary Fund,"World Economic Outlook, April 2026",GGXWDG_NGDP,actual,source_defined,Historical/projection classification follows LATEST_ACTUAL_ANNUAL_DATA in the WEO source.,IMF_WEO,"Gross debt, General government, Percent of GDP"
ARG,Argentina,2008,general_gov_gross_debt_gdp,Deuda bruta del gobierno general,53.814,percent_gdp,International Monetary Fund,"World Economic Outlook, April 2026",GGXWDG_NGDP,actual,source_defined,Historical/projection classification follows LATEST_ACTUAL_ANNUAL_DATA in the WEO source.,IMF_WEO,"Gross debt, General government, Percent of GDP"
ARG,Argentina,2009,general_gov_gross_debt_gdp,Deuda bruta del gobierno general,55.397,percent_gdp,International Monetary Fund,"World Economic Outlook, April 2026",GGXWDG_NGDP,actual,source_defined,Historical/projection classification follows LATEST_ACTUAL_ANNUAL_DATA in the WEO source.,IMF_WEO,"Gross debt, General government, Percent of GDP"
ARG,Argentina,2010,general_gov_gross_debt_gdp,Deuda bruta del gobierno general,43.454,percent_gdp,International Monetary Fund,"World Economic Outlook, April 2026",GGXWDG_NGDP,actual,source_defined,Historical/projection classification follows LATEST_ACTUAL_ANNUAL_DATA in the WEO source.,IMF_WEO,"Gross debt, General government, Percent of GDP"
ARG,Argentina,2011,general_gov_gross_debt_gdp,Deuda bruta del gobierno general,38.935,percent_gdp,International Monetary Fund,"World Economic Outlook, April 2026",GGXWDG_NGDP,actual,source_defined,Historical/projection classification follows LATEST_ACTUAL_ANNUAL_DATA in the WEO source.,IMF_WEO,"Gross debt, General government, Percent of GDP"
ARG,Argentina,2012,general_gov_gross_debt_gdp,Deuda bruta del gobierno general,40.436,percent_gdp,International Monetary Fund,"World Economic Outlook, April 2026",GGXWDG_NGDP,actual,source_defined,Historical/projection classification follows LATEST_ACTUAL_ANNUAL_DATA in the WEO source.,IMF_WEO,"Gross debt, General government, Percent of GDP"
ARG,Argentina,2013,general_gov_gross_debt_gdp,Deuda bruta del gobierno general,43.496,percent_gdp,International Monetary Fund,"World Economic Outlook, April 2026",GGXWDG_NGDP,actual,source_defined,Historical/projection classification follows LATEST_ACTUAL_ANNUAL_DATA in the WEO source.,IMF_WEO,"Gross debt, General government, Percent of GDP"
ARG,Argentina,2014,general_gov_gross_debt_gdp,Deuda bruta del gobierno general,44.697,percent_gdp,International Monetary Fund,"World Economic Outlook, April 2026",GGXWDG_NGDP,actual,source_defined,Historical/projection classification follows LATEST_ACTUAL_ANNUAL_DATA in the WEO source.,IMF_WEO,"Gross debt, General government, Percent of GDP"
ARG,Argentina,2015,general_gov_gross_debt_gdp,Deuda bruta del gobierno general,52.563,percent_gdp,International Monetary Fund,"World Economic Outlook, April 2026",GGXWDG_NGDP,actual,source_defined,Historical/projection classification follows LATEST_ACTUAL_ANNUAL_DATA in the WEO source.,IMF_WEO,"Gross debt, General government, Percent of GDP"
ARG,Argentina,2016,general_gov_gross_debt_gdp,Deuda bruta del gobierno general,53.06,percent_gdp,International Monetary Fund,"World Economic Outlook, April 2026",GGXWDG_NGDP,actual,source_defined,Historical/projection classification follows LATEST_ACTUAL_ANNUAL_DATA in the WEO source.,IMF_WEO,"Gross debt, General government, Percent of GDP"
ARG,Argentina,2017,general_gov_gross_debt_gdp,Deuda bruta del gobierno general,57.028,percent_gdp,International Monetary Fund,"World Economic Outlook, April 2026",GGXWDG_NGDP,actual,source_defined,Historical/projection classification follows LATEST_ACTUAL_ANNUAL_DATA in the WEO source.,IMF_WEO,"Gross debt, General government, Percent of GDP"
ARG,Argentina,2018,general_gov_gross_debt_gdp,Deuda bruta del gobierno general,85.246,percent_gdp,International Monetary Fund,"World Economic Outlook, April 2026",GGXWDG_NGDP,actual,source_defined,Historical/projection classification follows LATEST_ACTUAL_ANNUAL_DATA in the WEO source.,IMF_WEO,"Gross debt, General government, Percent of GDP"
ARG,Argentina,2019,general_gov_gross_debt_gdp,Deuda bruta del gobierno general,89.84,percent_gdp,International Monetary Fund,"World Economic Outlook, April 2026",GGXWDG_NGDP,actual,source_defined,Historical/projection classification follows LATEST_ACTUAL_ANNUAL_DATA in the WEO source.,IMF_WEO,"Gross debt, General government, Percent of GDP"
ARG,Argentina,2020,general_gov_gross_debt_gdp,Deuda bruta del gobierno general,103.816,percent_gdp,International Monetary Fund,"World Economic Outlook, April 2026",GGXWDG_NGDP,actual,source_defined,Historical/projection classification follows LATEST_ACTUAL_ANNUAL_DATA in the WEO source.,IMF_WEO,"Gross debt, General government, Percent of GDP"
ARG,Argentina,2021,general_gov_gross_debt_gdp,Deuda bruta del gobierno general,81.043,percent_gdp,International Monetary Fund,"World Economic Outlook, April 2026",GGXWDG_NGDP,actual,source_defined,Historical/projection classification follows LATEST_ACTUAL_ANNUAL_DATA in the WEO source.,IMF_WEO,"Gross debt, General government, Percent of GDP"
ARG,Argentina,2022,general_gov_gross_debt_gdp,Deuda bruta del gobierno general,84.303,percent_gdp,International Monetary Fund,"World Economic Outlook, April 2026",GGXWDG_NGDP,actual,source_defined,Historical/projection classification follows LATEST_ACTUAL_ANNUAL_DATA in the WEO source.,IMF_WEO,"Gross debt, General government, Percent of GDP"
ARG,Argentina,2023,general_gov_gross_debt_gdp,Deuda bruta del gobierno general,154.601,percent_gdp,International Monetary Fund,"World Economic Outlook, April 2026",GGXWDG_NGDP,actual,source_defined,Historical/projection classification follows LATEST_ACTUAL_ANNUAL_DATA in the WEO source.,IMF_WEO,"Gross debt, General government, Percent of GDP"
ARG,Argentina,2024,general_gov_gross_debt_gdp,Deuda bruta del gobierno general,84.653,percent_gdp,International Monetary Fund,"World Economic Outlook, April 2026",GGXWDG_NGDP,actual,source_defined,Historical/projection classification follows LATEST_ACTUAL_ANNUAL_DATA in the WEO source.,IMF_WEO,"Gross debt, General government, Percent of GDP"
ARG,Argentina,2025,general_gov_gross_debt_gdp,Deuda bruta del gobierno general,80.311,percent_gdp,International Monetary Fund,"World Economic Outlook, April 2026",GGXWDG_NGDP,actual,source_defined,Historical/projection classification follows LATEST_ACTUAL_ANNUAL_DATA in the WEO source.,IMF_WEO,"Gross debt, General government, Percent of GDP"
ARG,Argentina,2026,general_gov_gross_debt_gdp,Deuda bruta del gobierno general,70.414,percent_gdp,International Monetary Fund,"World Economic Outlook, April 2026",GGXWDG_NGDP,projection,source_defined,Historical/projection classification follows LATEST_ACTUAL_ANNUAL_DATA in the WEO source.,IMF_WEO,"Gross debt, General government, Percent of GDP"
ARG,Argentina,2027,general_gov_gross_debt_gdp,Deuda bruta del gobierno general,68.062,percent_gdp,International Monetary Fund,"World Economic Outlook, April 2026",GGXWDG_NGDP,projection,source_defined,Historical/projection classification follows LATEST_ACTUAL_ANNUAL_DATA in the WEO source.,IMF_WEO,"Gross debt, General government, Percent of GDP"
ARG,Argentina,2028,general_gov_gross_debt_gdp,Deuda bruta del gobierno general,63.035,percent_gdp,International Monetary Fund,"World Economic Outlook, April 2026",GGXWDG_NGDP,projection,source_defined,Historical/projection classification follows LATEST_ACTUAL_ANNUAL_DATA in the WEO source.,IMF_WEO,"Gross debt, General government, Percent of GDP"
ARG,Argentina,2029,general_gov_gross_debt_gdp,Deuda bruta del gobierno general,59.32,percent_gdp,International Monetary Fund,"World Economic Outlook, April 2026",GGXWDG_NGDP,projection,source_defined,Historical/projection classification follows LATEST_ACTUAL_ANNUAL_DATA in the WEO source.,IMF_WEO,"Gross debt, General government, Percent of GDP"
ARG,Argentina,2030,general_gov_gross_debt_gdp,Deuda bruta del gobierno general,55.366,percent_gdp,International Monetary Fund,"World Economic Outlook, April 2026",GGXWDG_NGDP,projection,source_defined,Historical/projection classification follows LATEST_ACTUAL_ANNUAL_DATA in the WEO source.,IMF_WEO,"Gross debt, General government, Percent of GDP"
ARG,Argentina,2031,general_gov_gross_debt_gdp,Deuda bruta del gobierno general,52.158,percent_gdp,International Monetary Fund,"World Economic Outlook, April 2026",GGXWDG_NGDP,projection,source_defined,Historical/projection classification follows LATEST_ACTUAL_ANNUAL_DATA in the WEO source.,IMF_WEO,"Gross debt, General government, Percent of GDP"
ARG,Argentina,1998,inflation_avg_cpi_pct,Inflación promedio anual del IPC,0.925,percent,International Monetary Fund,"World Economic Outlook, April 2026",PCPIPCH,actual,source_defined,Historical/projection classification follows LATEST_ACTUAL_ANNUAL_DATA in the WEO source.,IMF_WEO,"All Items, Consumer price index (CPI), Period average, percent change"
ARG,Argentina,1999,inflation_avg_cpi_pct,Inflación promedio anual del IPC,-1.167,percent,International Monetary Fund,"World Economic Outlook, April 2026",PCPIPCH,actual,source_defined,Historical/projection classification follows LATEST_ACTUAL_ANNUAL_DATA in the WEO source.,IMF_WEO,"All Items, Consumer price index (CPI), Period average, percent change"
ARG,Argentina,2000,inflation_avg_cpi_pct,Inflación promedio anual del IPC,-0.939,percent,International Monetary Fund,"World Economic Outlook, April 2026",PCPIPCH,actual,source_defined,Historical/projection classification follows LATEST_ACTUAL_ANNUAL_DATA in the WEO source.,IMF_WEO,"All Items, Consumer price index (CPI), Period average, percent change"
ARG,Argentina,2001,inflation_avg_cpi_pct,Inflación promedio anual del IPC,-1.065,percent,International Monetary Fund,"World Economic Outlook, April 2026",PCPIPCH,actual,source_defined,Historical/projection classification follows LATEST_ACTUAL_ANNUAL_DATA in the WEO source.,IMF_WEO,"All Items, Consumer price index (CPI), Period average, percent change"
ARG,Argentina,2002,inflation_avg_cpi_pct,Inflación promedio anual del IPC,25.869,percent,International Monetary Fund,"World Economic Outlook, April 2026",PCPIPCH,actual,source_defined,Historical/projection classification follows LATEST_ACTUAL_ANNUAL_DATA in the WEO source.,IMF_WEO,"All Items, Consumer price index (CPI), Period average, percent change"
ARG,Argentina,2003,inflation_avg_cpi_pct,Inflación promedio anual del IPC,13.443,percent,International Monetary Fund,"World Economic Outlook, April 2026",PCPIPCH,actual,source_defined,Historical/projection classification follows LATEST_ACTUAL_ANNUAL_DATA in the WEO source.,IMF_WEO,"All Items, Consumer price index (CPI), Period average, percent change"
ARG,Argentina,2004,inflation_avg_cpi_pct,Inflación promedio anual del IPC,4.416,percent,International Monetary Fund,"World Economic Outlook, April 2026",PCPIPCH,actual,source_defined,Historical/projection classification follows LATEST_ACTUAL_ANNUAL_DATA in the WEO source.,IMF_WEO,"All Items, Consumer price index (CPI), Period average, percent change"
ARG,Argentina,2005,inflation_avg_cpi_pct,Inflación promedio anual del IPC,9.642,percent,International Monetary Fund,"World Economic Outlook, April 2026",PCPIPCH,actual,source_defined,Historical/projection classification follows LATEST_ACTUAL_ANNUAL_DATA in the WEO source.,IMF_WEO,"All Items, Consumer price index (CPI), Period average, percent change"
ARG,Argentina,2006,inflation_avg_cpi_pct,Inflación promedio anual del IPC,10.898,percent,International Monetary Fund,"World Economic Outlook, April 2026",PCPIPCH,actual,source_defined,Historical/projection classification follows LATEST_ACTUAL_ANNUAL_DATA in the WEO source.,IMF_WEO,"All Items, Consumer price index (CPI), Period average, percent change"
ARG,Argentina,2007,inflation_avg_cpi_pct,Inflación promedio anual del IPC,8.83,percent,International Monetary Fund,"World Economic Outlook, April 2026",PCPIPCH,actual,source_defined,Historical/projection classification follows LATEST_ACTUAL_ANNUAL_DATA in the WEO source.,IMF_WEO,"All Items, Consumer price index (CPI), Period average, percent change"
ARG,Argentina,2008,inflation_avg_cpi_pct,Inflación promedio anual del IPC,8.585,percent,International Monetary Fund,"World Economic Outlook, April 2026",PCPIPCH,actual,source_defined,Historical/projection classification follows LATEST_ACTUAL_ANNUAL_DATA in the WEO source.,IMF_WEO,"All Items, Consumer price index (CPI), Period average, percent change"
ARG,Argentina,2009,inflation_avg_cpi_pct,Inflación promedio anual del IPC,6.27,percent,International Monetary Fund,"World Economic Outlook, April 2026",PCPIPCH,actual,source_defined,Historical/projection classification follows LATEST_ACTUAL_ANNUAL_DATA in the WEO source.,IMF_WEO,"All Items, Consumer price index (CPI), Period average, percent change"
ARG,Argentina,2010,inflation_avg_cpi_pct,Inflación promedio anual del IPC,10.461,percent,International Monetary Fund,"World Economic Outlook, April 2026",PCPIPCH,actual,source_defined,Historical/projection classification follows LATEST_ACTUAL_ANNUAL_DATA in the WEO source.,IMF_WEO,"All Items, Consumer price index (CPI), Period average, percent change"
ARG,Argentina,2011,inflation_avg_cpi_pct,Inflación promedio anual del IPC,9.775,percent,International Monetary Fund,"World Economic Outlook, April 2026",PCPIPCH,actual,source_defined,Historical/projection classification follows LATEST_ACTUAL_ANNUAL_DATA in the WEO source.,IMF_WEO,"All Items, Consumer price index (CPI), Period average, percent change"
ARG,Argentina,2012,inflation_avg_cpi_pct,Inflación promedio anual del IPC,10.043,percent,International Monetary Fund,"World Economic Outlook, April 2026",PCPIPCH,actual,source_defined,Historical/projection classification follows LATEST_ACTUAL_ANNUAL_DATA in the WEO source.,IMF_WEO,"All Items, Consumer price index (CPI), Period average, percent change"
ARG,Argentina,2013,inflation_avg_cpi_pct,Inflación promedio anual del IPC,10.619,percent,International Monetary Fund,"World Economic Outlook, April 2026",PCPIPCH,actual,source_defined,Historical/projection classification follows LATEST_ACTUAL_ANNUAL_DATA in the WEO source.,IMF_WEO,"All Items, Consumer price index (CPI), Period average, percent change"
ARG,Argentina,2017,inflation_avg_cpi_pct,Inflación promedio anual del IPC,25.675,percent,International Monetary Fund,"World Economic Outlook, April 2026",PCPIPCH,actual,source_defined,Historical/projection classification follows LATEST_ACTUAL_ANNUAL_DATA in the WEO source.,IMF_WEO,"All Items, Consumer price index (CPI), Period average, percent change"
ARG,Argentina,2018,inflation_avg_cpi_pct,Inflación promedio anual del IPC,34.277,percent,International Monetary Fund,"World Economic Outlook, April 2026",PCPIPCH,actual,source_defined,Historical/projection classification follows LATEST_ACTUAL_ANNUAL_DATA in the WEO source.,IMF_WEO,"All Items, Consumer price index (CPI), Period average, percent change"
ARG,Argentina,2019,inflation_avg_cpi_pct,Inflación promedio anual del IPC,53.548,percent,International Monetary Fund,"World Economic Outlook, April 2026",PCPIPCH,actual,source_defined,Historical/projection classification follows LATEST_ACTUAL_ANNUAL_DATA in the WEO source.,IMF_WEO,"All Items, Consumer price index (CPI), Period average, percent change"
ARG,Argentina,2020,inflation_avg_cpi_pct,Inflación promedio anual del IPC,42.015,percent,International Monetary Fund,"World Economic Outlook, April 2026",PCPIPCH,actual,source_defined,Historical/projection classification follows LATEST_ACTUAL_ANNUAL_DATA in the WEO source.,IMF_WEO,"All Items, Consumer price index (CPI), Period average, percent change"
ARG,Argentina,2021,inflation_avg_cpi_pct,Inflación promedio anual del IPC,48.409,percent,International Monetary Fund,"World Economic Outlook, April 2026",PCPIPCH,actual,source_defined,Historical/projection classification follows LATEST_ACTUAL_ANNUAL_DATA in the WEO source.,IMF_WEO,"All Items, Consumer price index (CPI), Period average, percent change"
ARG,Argentina,2022,inflation_avg_cpi_pct,Inflación promedio anual del IPC,72.431,percent,International Monetary Fund,"World Economic Outlook, April 2026",PCPIPCH,actual,source_defined,Historical/projection classification follows LATEST_ACTUAL_ANNUAL_DATA in the WEO source.,IMF_WEO,"All Items, Consumer price index (CPI), Period average, percent change"
ARG,Argentina,2023,inflation_avg_cpi_pct,Inflación promedio anual del IPC,133.489,percent,International Monetary Fund,"World Economic Outlook, April 2026",PCPIPCH,actual,source_defined,Historical/projection classification follows LATEST_ACTUAL_ANNUAL_DATA in the WEO source.,IMF_WEO,"All Items, Consumer price index (CPI), Period average, percent change"
ARG,Argentina,2024,inflation_avg_cpi_pct,Inflación promedio anual del IPC,219.885,percent,International Monetary Fund,"World Economic Outlook, April 2026",PCPIPCH,actual,source_defined,Historical/projection classification follows LATEST_ACTUAL_ANNUAL_DATA in the WEO source.,IMF_WEO,"All Items, Consumer price index (CPI), Period average, percent change"
ARG,Argentina,2025,inflation_avg_cpi_pct,Inflación promedio anual del IPC,41.92,percent,International Monetary Fund,"World Economic Outlook, April 2026",PCPIPCH,actual,source_defined,Historical/projection classification follows LATEST_ACTUAL_ANNUAL_DATA in the WEO source.,IMF_WEO,"All Items, Consumer price index (CPI), Period average, percent change"
ARG,Argentina,2026,inflation_avg_cpi_pct,Inflación promedio anual del IPC,30.36,percent,International Monetary Fund,"World Economic Outlook, April 2026",PCPIPCH,projection,source_defined,Historical/projection classification follows LATEST_ACTUAL_ANNUAL_DATA in the WEO source.,IMF_WEO,"All Items, Consumer price index (CPI), Period average, percent change"
ARG,Argentina,2027,inflation_avg_cpi_pct,Inflación promedio anual del IPC,15.667,percent,International Monetary Fund,"World Economic Outlook, April 2026",PCPIPCH,projection,source_defined,Historical/projection classification follows LATEST_ACTUAL_ANNUAL_DATA in the WEO source.,IMF_WEO,"All Items, Consumer price index (CPI), Period average, percent change"
ARG,Argentina,2028,inflation_avg_cpi_pct,Inflación promedio anual del IPC,9.554,percent,International Monetary Fund,"World Economic Outlook, April 2026",PCPIPCH,projection,source_defined,Historical/projection classification follows LATEST_ACTUAL_ANNUAL_DATA in the WEO source.,IMF_WEO,"All Items, Consumer price index (CPI), Period average, percent change"
ARG,Argentina,2029,inflation_avg_cpi_pct,Inflación promedio anual del IPC,7.5,percent,International Monetary Fund,"World Economic Outlook, April 2026",PCPIPCH,projection,source_defined,Historical/projection classification follows LATEST_ACTUAL_ANNUAL_DATA in the WEO source.,IMF_WEO,"All Items, Consumer price index (CPI), Period average, percent change"
ARG,Argentina,2030,inflation_avg_cpi_pct,Inflación promedio anual del IPC,7.5,percent,International Monetary Fund,"World Economic Outlook, April 2026",PCPIPCH,projection,source_defined,Historical/projection classification follows LATEST_ACTUAL_ANNUAL_DATA in the WEO source.,IMF_WEO,"All Items, Consumer price index (CPI), Period average, percent change"
ARG,Argentina,2031,inflation_avg_cpi_pct,Inflación promedio anual del IPC,7.5,percent,International Monetary Fund,"World Economic Outlook, April 2026",PCPIPCH,projection,source_defined,Historical/projection classification follows LATEST_ACTUAL_ANNUAL_DATA in the WEO source.,IMF_WEO,"All Items, Consumer price index (CPI), Period average, percent change"
ARG,Argentina,2010,inflation_cpi_yoy,Inflación IPC,,percent,World Bank,WDI,FP.CPI.TOTL.ZG,actual,pending,,WDI,
ARG,Argentina,2011,inflation_cpi_yoy,Inflación IPC,,percent,World Bank,WDI,FP.CPI.TOTL.ZG,actual,pending,,WDI,
ARG,Argentina,2012,inflation_cpi_yoy,Inflación IPC,,percent,World Bank,WDI,FP.CPI.TOTL.ZG,actual,pending,,WDI,
ARG,Argentina,2013,inflation_cpi_yoy,Inflación IPC,,percent,World Bank,WDI,FP.CPI.TOTL.ZG,actual,pending,,WDI,
ARG,Argentina,2014,inflation_cpi_yoy,Inflación IPC,,percent,World Bank,WDI,FP.CPI.TOTL.ZG,actual,pending,,WDI,
ARG,Argentina,2015,inflation_cpi_yoy,Inflación IPC,,percent,World Bank,WDI,FP.CPI.TOTL.ZG,actual,pending,,WDI,
ARG,Argentina,2016,inflation_cpi_yoy,Inflación IPC,,percent,World Bank,WDI,FP.CPI.TOTL.ZG,actual,pending,,WDI,
ARG,Argentina,2017,inflation_cpi_yoy,Inflación IPC,,percent,World Bank,WDI,FP.CPI.TOTL.ZG,actual,pending,,WDI,
ARG,Argentina,2018,inflation_cpi_yoy,Inflación IPC,34.2772237131003,percent,World Bank,WDI,FP.CPI.TOTL.ZG,actual,pending,,WDI,
ARG,Argentina,2019,inflation_cpi_yoy,Inflación IPC,53.5483043492339,percent,World Bank,WDI,FP.CPI.TOTL.ZG,actual,pending,,WDI,
ARG,Argentina,2020,inflation_cpi_yoy,Inflación IPC,42.0150947376509,percent,World Bank,WDI,FP.CPI.TOTL.ZG,actual,pending,,WDI,
ARG,Argentina,2021,inflation_cpi_yoy,Inflación IPC,48.4093786255199,percent,World Bank,WDI,FP.CPI.TOTL.ZG,actual,pending,,WDI,
ARG,Argentina,2022,inflation_cpi_yoy,Inflación IPC,72.430757531824,percent,World Bank,WDI,FP.CPI.TOTL.ZG,actual,pending,,WDI,
ARG,Argentina,2023,inflation_cpi_yoy,Inflación IPC,133.488935594175,percent,World Bank,WDI,FP.CPI.TOTL.ZG,actual,pending,,WDI,
ARG,Argentina,2024,inflation_cpi_yoy,Inflación IPC,219.883929014578,percent,World Bank,WDI,FP.CPI.TOTL.ZG,actual,pending,,WDI,
ARG,Argentina,2025,inflation_cpi_yoy,Inflación IPC,,percent,World Bank,WDI,FP.CPI.TOTL.ZG,actual,pending,,WDI,
ARG,Argentina,2010,official_exchange_rate,Tipo de cambio oficial,3.8962951544705,local_currency_per_usd,World Bank,WDI,PA.NUS.FCRF,actual,pending,,WDI,
ARG,Argentina,2011,official_exchange_rate,Tipo de cambio oficial,4.11013957621326,local_currency_per_usd,World Bank,WDI,PA.NUS.FCRF,actual,pending,,WDI,
ARG,Argentina,2012,official_exchange_rate,Tipo de cambio oficial,4.53693436018746,local_currency_per_usd,World Bank,WDI,PA.NUS.FCRF,actual,pending,,WDI,
ARG,Argentina,2013,official_exchange_rate,Tipo de cambio oficial,5.45935266465704,local_currency_per_usd,World Bank,WDI,PA.NUS.FCRF,actual,pending,,WDI,
ARG,Argentina,2014,official_exchange_rate,Tipo de cambio oficial,8.07527599281334,local_currency_per_usd,World Bank,WDI,PA.NUS.FCRF,actual,pending,,WDI,
ARG,Argentina,2015,official_exchange_rate,Tipo de cambio oficial,9.23318552472429,local_currency_per_usd,World Bank,WDI,PA.NUS.FCRF,actual,pending,,WDI,
ARG,Argentina,2016,official_exchange_rate,Tipo de cambio oficial,14.7581750873396,local_currency_per_usd,World Bank,WDI,PA.NUS.FCRF,actual,pending,,WDI,
ARG,Argentina,2017,official_exchange_rate,Tipo de cambio oficial,16.5627069251411,local_currency_per_usd,World Bank,WDI,PA.NUS.FCRF,actual,pending,,WDI,
ARG,Argentina,2018,official_exchange_rate,Tipo de cambio oficial,28.0949916666667,local_currency_per_usd,World Bank,WDI,PA.NUS.FCRF,actual,pending,,WDI,
ARG,Argentina,2019,official_exchange_rate,Tipo de cambio oficial,48.1478916666667,local_currency_per_usd,World Bank,WDI,PA.NUS.FCRF,actual,pending,,WDI,
ARG,Argentina,2020,official_exchange_rate,Tipo de cambio oficial,70.5391666666667,local_currency_per_usd,World Bank,WDI,PA.NUS.FCRF,actual,pending,,WDI,
ARG,Argentina,2021,official_exchange_rate,Tipo de cambio oficial,94.9907416666667,local_currency_per_usd,World Bank,WDI,PA.NUS.FCRF,actual,pending,,WDI,
ARG,Argentina,2022,official_exchange_rate,Tipo de cambio oficial,130.61655,local_currency_per_usd,World Bank,WDI,PA.NUS.FCRF,actual,pending,,WDI,
ARG,Argentina,2023,official_exchange_rate,Tipo de cambio oficial,296.258041666667,local_currency_per_usd,World Bank,WDI,PA.NUS.FCRF,actual,pending,,WDI,
ARG,Argentina,2024,official_exchange_rate,Tipo de cambio oficial,914.694883333333,local_currency_per_usd,World Bank,WDI,PA.NUS.FCRF,actual,pending,,WDI,
ARG,Argentina,2025,official_exchange_rate,Tipo de cambio oficial,1240.85125,local_currency_per_usd,World Bank,WDI,PA.NUS.FCRF,actual,pending,,WDI,
ARG,Argentina,2010,real_gdp_growth_yoy,Crecimiento real del PIB,10.1253981561002,percent,World Bank,WDI,NY.GDP.MKTP.KD.ZG,actual,pending,,WDI,
ARG,Argentina,2011,real_gdp_growth_yoy,Crecimiento real del PIB,6.00395169280579,percent,World Bank,WDI,NY.GDP.MKTP.KD.ZG,actual,pending,,WDI,
ARG,Argentina,2012,real_gdp_growth_yoy,Crecimiento real del PIB,-1.0264204544321,percent,World Bank,WDI,NY.GDP.MKTP.KD.ZG,actual,pending,,WDI,
ARG,Argentina,2013,real_gdp_growth_yoy,Crecimiento real del PIB,2.40532378079436,percent,World Bank,WDI,NY.GDP.MKTP.KD.ZG,actual,pending,,WDI,
ARG,Argentina,2014,real_gdp_growth_yoy,Crecimiento real del PIB,-2.51261532081394,percent,World Bank,WDI,NY.GDP.MKTP.KD.ZG,actual,pending,,WDI,
ARG,Argentina,2015,real_gdp_growth_yoy,Crecimiento real del PIB,2.73115982828944,percent,World Bank,WDI,NY.GDP.MKTP.KD.ZG,actual,pending,,WDI,
ARG,Argentina,2016,real_gdp_growth_yoy,Crecimiento real del PIB,-2.08032784377811,percent,World Bank,WDI,NY.GDP.MKTP.KD.ZG,actual,pending,,WDI,
ARG,Argentina,2017,real_gdp_growth_yoy,Crecimiento real del PIB,2.81850297775918,percent,World Bank,WDI,NY.GDP.MKTP.KD.ZG,actual,pending,,WDI,
ARG,Argentina,2018,real_gdp_growth_yoy,Crecimiento real del PIB,-2.61739646282038,percent,World Bank,WDI,NY.GDP.MKTP.KD.ZG,actual,pending,,WDI,
ARG,Argentina,2019,real_gdp_growth_yoy,Crecimiento real del PIB,-2.00086100285785,percent,World Bank,WDI,NY.GDP.MKTP.KD.ZG,actual,pending,,WDI,
ARG,Argentina,2020,real_gdp_growth_yoy,Crecimiento real del PIB,-9.9004848136464,percent,World Bank,WDI,NY.GDP.MKTP.KD.ZG,actual,pending,,WDI,
ARG,Argentina,2021,real_gdp_growth_yoy,Crecimiento real del PIB,10.4418119882506,percent,World Bank,WDI,NY.GDP.MKTP.KD.ZG,actual,pending,,WDI,
ARG,Argentina,2022,real_gdp_growth_yoy,Crecimiento real del PIB,6.02074537534855,percent,World Bank,WDI,NY.GDP.MKTP.KD.ZG,actual,pending,,WDI,
ARG,Argentina,2023,real_gdp_growth_yoy,Crecimiento real del PIB,-1.85578803046339,percent,World Bank,WDI,NY.GDP.MKTP.KD.ZG,actual,pending,,WDI,
ARG,Argentina,2024,real_gdp_growth_yoy,Crecimiento real del PIB,-1.34293072157739,percent,World Bank,WDI,NY.GDP.MKTP.KD.ZG,actual,pending,,WDI,
ARG,Argentina,2025,real_gdp_growth_yoy,Crecimiento real del PIB,4.36733330217022,percent,World Bank,WDI,NY.GDP.MKTP.KD.ZG,actual,pending,,WDI,
BRA,Brazil,2010,central_gov_debt_gdp,Deuda del gobierno central,61.3187804643039,percent_gdp,World Bank,WDI,GC.DOD.TOTL.GD.ZS,actual,pending,,WDI,
BRA,Brazil,2011,central_gov_debt_gdp,Deuda del gobierno central,59.3416583028164,percent_gdp,World Bank,WDI,GC.DOD.TOTL.GD.ZS,actual,pending,,WDI,
BRA,Brazil,2012,central_gov_debt_gdp,Deuda del gobierno central,59.8494900007969,percent_gdp,World Bank,WDI,GC.DOD.TOTL.GD.ZS,actual,pending,,WDI,
BRA,Brazil,2013,central_gov_debt_gdp,Deuda del gobierno central,57.2284093845516,percent_gdp,World Bank,WDI,GC.DOD.TOTL.GD.ZS,actual,pending,,WDI,
BRA,Brazil,2014,central_gov_debt_gdp,Deuda del gobierno central,58.4572711058609,percent_gdp,World Bank,WDI,GC.DOD.TOTL.GD.ZS,actual,pending,,WDI,
BRA,Brazil,2015,central_gov_debt_gdp,Deuda del gobierno central,67.5375540310909,percent_gdp,World Bank,WDI,GC.DOD.TOTL.GD.ZS,actual,pending,,WDI,
BRA,Brazil,2016,central_gov_debt_gdp,Deuda del gobierno central,73.4188038014782,percent_gdp,World Bank,WDI,GC.DOD.TOTL.GD.ZS,actual,pending,,WDI,
BRA,Brazil,2017,central_gov_debt_gdp,Deuda del gobierno central,83.669202649666,percent_gdp,World Bank,WDI,GC.DOD.TOTL.GD.ZS,actual,pending,,WDI,
BRA,Brazil,2018,central_gov_debt_gdp,Deuda del gobierno central,86.6078841211512,percent_gdp,World Bank,WDI,GC.DOD.TOTL.GD.ZS,actual,pending,,WDI,
BRA,Brazil,2019,central_gov_debt_gdp,Deuda del gobierno central,92.5652531945418,percent_gdp,World Bank,WDI,GC.DOD.TOTL.GD.ZS,actual,pending,,WDI,
BRA,Brazil,2020,central_gov_debt_gdp,Deuda del gobierno central,98.7098819468714,percent_gdp,World Bank,WDI,GC.DOD.TOTL.GD.ZS,actual,pending,,WDI,
BRA,Brazil,2021,central_gov_debt_gdp,Deuda del gobierno central,85.0115036768016,percent_gdp,World Bank,WDI,GC.DOD.TOTL.GD.ZS,actual,pending,,WDI,
BRA,Brazil,2022,central_gov_debt_gdp,Deuda del gobierno central,79.1023218878495,percent_gdp,World Bank,WDI,GC.DOD.TOTL.GD.ZS,actual,pending,,WDI,
BRA,Brazil,2023,central_gov_debt_gdp,Deuda del gobierno central,83.0317498523878,percent_gdp,World Bank,WDI,GC.DOD.TOTL.GD.ZS,actual,pending,,WDI,
BRA,Brazil,2024,central_gov_debt_gdp,Deuda del gobierno central,81.8554431191023,percent_gdp,World Bank,WDI,GC.DOD.TOTL.GD.ZS,actual,pending,,WDI,
BRA,Brazil,2025,central_gov_debt_gdp,Deuda del gobierno central,,percent_gdp,World Bank,WDI,GC.DOD.TOTL.GD.ZS,actual,pending,,WDI,
BRA,Brazil,2010,current_account_gdp,Cuenta corriente,-3.92594604454763,percent_gdp,World Bank,WDI,BN.CAB.XOKA.GD.ZS,actual,pending,,WDI,
BRA,Brazil,2011,current_account_gdp,Cuenta corriente,-3.19461831905473,percent_gdp,World Bank,WDI,BN.CAB.XOKA.GD.ZS,actual,pending,,WDI,
BRA,Brazil,2012,current_account_gdp,Cuenta corriente,-3.75941611687375,percent_gdp,World Bank,WDI,BN.CAB.XOKA.GD.ZS,actual,pending,,WDI,
BRA,Brazil,2013,current_account_gdp,Cuenta corriente,-3.57422079622864,percent_gdp,World Bank,WDI,BN.CAB.XOKA.GD.ZS,actual,pending,,WDI,
BRA,Brazil,2014,current_account_gdp,Cuenta corriente,-4.4988303801852,percent_gdp,World Bank,WDI,BN.CAB.XOKA.GD.ZS,actual,pending,,WDI,
BRA,Brazil,2015,current_account_gdp,Cuenta corriente,-3.51839166799859,percent_gdp,World Bank,WDI,BN.CAB.XOKA.GD.ZS,actual,pending,,WDI,
BRA,Brazil,2016,current_account_gdp,Cuenta corriente,-1.700113396765,percent_gdp,World Bank,WDI,BN.CAB.XOKA.GD.ZS,actual,pending,,WDI,
BRA,Brazil,2017,current_account_gdp,Cuenta corriente,-1.22429925769002,percent_gdp,World Bank,WDI,BN.CAB.XOKA.GD.ZS,actual,pending,,WDI,
BRA,Brazil,2018,current_account_gdp,Cuenta corriente,-2.80752008594698,percent_gdp,World Bank,WDI,BN.CAB.XOKA.GD.ZS,actual,pending,,WDI,
BRA,Brazil,2019,current_account_gdp,Cuenta corriente,-3.41429103072781,percent_gdp,World Bank,WDI,BN.CAB.XOKA.GD.ZS,actual,pending,,WDI,
BRA,Brazil,2020,current_account_gdp,Cuenta corriente,-1.64103541830151,percent_gdp,World Bank,WDI,BN.CAB.XOKA.GD.ZS,actual,pending,,WDI,
BRA,Brazil,2021,current_account_gdp,Cuenta corriente,-2.35822097223117,percent_gdp,World Bank,WDI,BN.CAB.XOKA.GD.ZS,actual,pending,,WDI,
BRA,Brazil,2022,current_account_gdp,Cuenta corriente,-2.14967698505073,percent_gdp,World Bank,WDI,BN.CAB.XOKA.GD.ZS,actual,pending,,WDI,
BRA,Brazil,2023,current_account_gdp,Cuenta corriente,-1.23139445763703,percent_gdp,World Bank,WDI,BN.CAB.XOKA.GD.ZS,actual,pending,,WDI,
BRA,Brazil,2024,current_account_gdp,Cuenta corriente,-2.9880142706208,percent_gdp,World Bank,WDI,BN.CAB.XOKA.GD.ZS,actual,pending,,WDI,
BRA,Brazil,2025,current_account_gdp,Cuenta corriente,-2.92630139201733,percent_gdp,World Bank,WDI,BN.CAB.XOKA.GD.ZS,actual,pending,,WDI,
BRA,Brazil,2010,fx_reserves_usd,Reservas internacionales,288574623536.622,current_usd,World Bank,WDI,FI.RES.TOTL.CD,actual,pending,,WDI,
BRA,Brazil,2011,fx_reserves_usd,Reservas internacionales,352010222755.829,current_usd,World Bank,WDI,FI.RES.TOTL.CD,actual,pending,,WDI,
BRA,Brazil,2012,fx_reserves_usd,Reservas internacionales,373160977539.732,current_usd,World Bank,WDI,FI.RES.TOTL.CD,actual,pending,,WDI,
BRA,Brazil,2013,fx_reserves_usd,Reservas internacionales,358816422466.118,current_usd,World Bank,WDI,FI.RES.TOTL.CD,actual,pending,,WDI,
BRA,Brazil,2014,fx_reserves_usd,Reservas internacionales,363570226084.661,current_usd,World Bank,WDI,FI.RES.TOTL.CD,actual,pending,,WDI,
BRA,Brazil,2015,fx_reserves_usd,Reservas internacionales,356464980327.488,current_usd,World Bank,WDI,FI.RES.TOTL.CD,actual,pending,,WDI,
BRA,Brazil,2016,fx_reserves_usd,Reservas internacionales,364984039092.456,current_usd,World Bank,WDI,FI.RES.TOTL.CD,actual,pending,,WDI,
BRA,Brazil,2017,fx_reserves_usd,Reservas internacionales,373955518686.487,current_usd,World Bank,WDI,FI.RES.TOTL.CD,actual,pending,,WDI,
BRA,Brazil,2018,fx_reserves_usd,Reservas internacionales,374709673447.828,current_usd,World Bank,WDI,FI.RES.TOTL.CD,actual,pending,,WDI,
BRA,Brazil,2019,fx_reserves_usd,Reservas internacionales,356886386911.979,current_usd,World Bank,WDI,FI.RES.TOTL.CD,actual,pending,,WDI,
BRA,Brazil,2020,fx_reserves_usd,Reservas internacionales,355614251456.14,current_usd,World Bank,WDI,FI.RES.TOTL.CD,actual,pending,,WDI,
BRA,Brazil,2021,fx_reserves_usd,Reservas internacionales,362210079181.317,current_usd,World Bank,WDI,FI.RES.TOTL.CD,actual,pending,,WDI,
BRA,Brazil,2022,fx_reserves_usd,Reservas internacionales,324673449781.4,current_usd,World Bank,WDI,FI.RES.TOTL.CD,actual,pending,,WDI,
BRA,Brazil,2023,fx_reserves_usd,Reservas internacionales,355021395541.562,current_usd,World Bank,WDI,FI.RES.TOTL.CD,actual,pending,,WDI,
BRA,Brazil,2024,fx_reserves_usd,Reservas internacionales,329732443813.378,current_usd,World Bank,WDI,FI.RES.TOTL.CD,actual,pending,,WDI,
BRA,Brazil,2025,fx_reserves_usd,Reservas internacionales,358513128727.455,current_usd,World Bank,WDI,FI.RES.TOTL.CD,actual,pending,,WDI,
BRA,Brazil,2000,general_gov_gross_debt_gdp,Deuda bruta del gobierno general,62.198,percent_gdp,International Monetary Fund,"World Economic Outlook, April 2026",GGXWDG_NGDP,actual,source_defined,Historical/projection classification follows LATEST_ACTUAL_ANNUAL_DATA in the WEO source.,IMF_WEO,"Gross debt, General government, Percent of GDP"
BRA,Brazil,2001,general_gov_gross_debt_gdp,Deuda bruta del gobierno general,67.331,percent_gdp,International Monetary Fund,"World Economic Outlook, April 2026",GGXWDG_NGDP,actual,source_defined,Historical/projection classification follows LATEST_ACTUAL_ANNUAL_DATA in the WEO source.,IMF_WEO,"Gross debt, General government, Percent of GDP"
BRA,Brazil,2002,general_gov_gross_debt_gdp,Deuda bruta del gobierno general,76.095,percent_gdp,International Monetary Fund,"World Economic Outlook, April 2026",GGXWDG_NGDP,actual,source_defined,Historical/projection classification follows LATEST_ACTUAL_ANNUAL_DATA in the WEO source.,IMF_WEO,"Gross debt, General government, Percent of GDP"
BRA,Brazil,2003,general_gov_gross_debt_gdp,Deuda bruta del gobierno general,71.514,percent_gdp,International Monetary Fund,"World Economic Outlook, April 2026",GGXWDG_NGDP,actual,source_defined,Historical/projection classification follows LATEST_ACTUAL_ANNUAL_DATA in the WEO source.,IMF_WEO,"Gross debt, General government, Percent of GDP"
BRA,Brazil,2004,general_gov_gross_debt_gdp,Deuda bruta del gobierno general,68.025,percent_gdp,International Monetary Fund,"World Economic Outlook, April 2026",GGXWDG_NGDP,actual,source_defined,Historical/projection classification follows LATEST_ACTUAL_ANNUAL_DATA in the WEO source.,IMF_WEO,"Gross debt, General government, Percent of GDP"
BRA,Brazil,2005,general_gov_gross_debt_gdp,Deuda bruta del gobierno general,66.969,percent_gdp,International Monetary Fund,"World Economic Outlook, April 2026",GGXWDG_NGDP,actual,source_defined,Historical/projection classification follows LATEST_ACTUAL_ANNUAL_DATA in the WEO source.,IMF_WEO,"Gross debt, General government, Percent of GDP"
BRA,Brazil,2006,general_gov_gross_debt_gdp,Deuda bruta del gobierno general,64.599,percent_gdp,International Monetary Fund,"World Economic Outlook, April 2026",GGXWDG_NGDP,actual,source_defined,Historical/projection classification follows LATEST_ACTUAL_ANNUAL_DATA in the WEO source.,IMF_WEO,"Gross debt, General government, Percent of GDP"
BRA,Brazil,2007,general_gov_gross_debt_gdp,Deuda bruta del gobierno general,63.025,percent_gdp,International Monetary Fund,"World Economic Outlook, April 2026",GGXWDG_NGDP,actual,source_defined,Historical/projection classification follows LATEST_ACTUAL_ANNUAL_DATA in the WEO source.,IMF_WEO,"Gross debt, General government, Percent of GDP"
BRA,Brazil,2008,general_gov_gross_debt_gdp,Deuda bruta del gobierno general,61.42,percent_gdp,International Monetary Fund,"World Economic Outlook, April 2026",GGXWDG_NGDP,actual,source_defined,Historical/projection classification follows LATEST_ACTUAL_ANNUAL_DATA in the WEO source.,IMF_WEO,"Gross debt, General government, Percent of GDP"
BRA,Brazil,2009,general_gov_gross_debt_gdp,Deuda bruta del gobierno general,64.702,percent_gdp,International Monetary Fund,"World Economic Outlook, April 2026",GGXWDG_NGDP,actual,source_defined,Historical/projection classification follows LATEST_ACTUAL_ANNUAL_DATA in the WEO source.,IMF_WEO,"Gross debt, General government, Percent of GDP"
BRA,Brazil,2010,general_gov_gross_debt_gdp,Deuda bruta del gobierno general,62.433,percent_gdp,International Monetary Fund,"World Economic Outlook, April 2026",GGXWDG_NGDP,actual,source_defined,Historical/projection classification follows LATEST_ACTUAL_ANNUAL_DATA in the WEO source.,IMF_WEO,"Gross debt, General government, Percent of GDP"
BRA,Brazil,2011,general_gov_gross_debt_gdp,Deuda bruta del gobierno general,60.634,percent_gdp,International Monetary Fund,"World Economic Outlook, April 2026",GGXWDG_NGDP,actual,source_defined,Historical/projection classification follows LATEST_ACTUAL_ANNUAL_DATA in the WEO source.,IMF_WEO,"Gross debt, General government, Percent of GDP"
BRA,Brazil,2012,general_gov_gross_debt_gdp,Deuda bruta del gobierno general,61.614,percent_gdp,International Monetary Fund,"World Economic Outlook, April 2026",GGXWDG_NGDP,actual,source_defined,Historical/projection classification follows LATEST_ACTUAL_ANNUAL_DATA in the WEO source.,IMF_WEO,"Gross debt, General government, Percent of GDP"
BRA,Brazil,2013,general_gov_gross_debt_gdp,Deuda bruta del gobierno general,59.595,percent_gdp,International Monetary Fund,"World Economic Outlook, April 2026",GGXWDG_NGDP,actual,source_defined,Historical/projection classification follows LATEST_ACTUAL_ANNUAL_DATA in the WEO source.,IMF_WEO,"Gross debt, General government, Percent of GDP"
BRA,Brazil,2014,general_gov_gross_debt_gdp,Deuda bruta del gobierno general,61.617,percent_gdp,International Monetary Fund,"World Economic Outlook, April 2026",GGXWDG_NGDP,actual,source_defined,Historical/projection classification follows LATEST_ACTUAL_ANNUAL_DATA in the WEO source.,IMF_WEO,"Gross debt, General government, Percent of GDP"
BRA,Brazil,2015,general_gov_gross_debt_gdp,Deuda bruta del gobierno general,71.73,percent_gdp,International Monetary Fund,"World Economic Outlook, April 2026",GGXWDG_NGDP,actual,source_defined,Historical/projection classification follows LATEST_ACTUAL_ANNUAL_DATA in the WEO source.,IMF_WEO,"Gross debt, General government, Percent of GDP"
BRA,Brazil,2016,general_gov_gross_debt_gdp,Deuda bruta del gobierno general,77.422,percent_gdp,International Monetary Fund,"World Economic Outlook, April 2026",GGXWDG_NGDP,actual,source_defined,Historical/projection classification follows LATEST_ACTUAL_ANNUAL_DATA in the WEO source.,IMF_WEO,"Gross debt, General government, Percent of GDP"
BRA,Brazil,2017,general_gov_gross_debt_gdp,Deuda bruta del gobierno general,82.745,percent_gdp,International Monetary Fund,"World Economic Outlook, April 2026",GGXWDG_NGDP,actual,source_defined,Historical/projection classification follows LATEST_ACTUAL_ANNUAL_DATA in the WEO source.,IMF_WEO,"Gross debt, General government, Percent of GDP"
BRA,Brazil,2018,general_gov_gross_debt_gdp,Deuda bruta del gobierno general,84.777,percent_gdp,International Monetary Fund,"World Economic Outlook, April 2026",GGXWDG_NGDP,actual,source_defined,Historical/projection classification follows LATEST_ACTUAL_ANNUAL_DATA in the WEO source.,IMF_WEO,"Gross debt, General government, Percent of GDP"
BRA,Brazil,2019,general_gov_gross_debt_gdp,Deuda bruta del gobierno general,87.118,percent_gdp,International Monetary Fund,"World Economic Outlook, April 2026",GGXWDG_NGDP,actual,source_defined,Historical/projection classification follows LATEST_ACTUAL_ANNUAL_DATA in the WEO source.,IMF_WEO,"Gross debt, General government, Percent of GDP"
BRA,Brazil,2020,general_gov_gross_debt_gdp,Deuda bruta del gobierno general,96.007,percent_gdp,International Monetary Fund,"World Economic Outlook, April 2026",GGXWDG_NGDP,actual,source_defined,Historical/projection classification follows LATEST_ACTUAL_ANNUAL_DATA in the WEO source.,IMF_WEO,"Gross debt, General government, Percent of GDP"
BRA,Brazil,2021,general_gov_gross_debt_gdp,Deuda bruta del gobierno general,88.934,percent_gdp,International Monetary Fund,"World Economic Outlook, April 2026",GGXWDG_NGDP,actual,source_defined,Historical/projection classification follows LATEST_ACTUAL_ANNUAL_DATA in the WEO source.,IMF_WEO,"Gross debt, General government, Percent of GDP"
BRA,Brazil,2022,general_gov_gross_debt_gdp,Deuda bruta del gobierno general,83.939,percent_gdp,International Monetary Fund,"World Economic Outlook, April 2026",GGXWDG_NGDP,actual,source_defined,Historical/projection classification follows LATEST_ACTUAL_ANNUAL_DATA in the WEO source.,IMF_WEO,"Gross debt, General government, Percent of GDP"
BRA,Brazil,2023,general_gov_gross_debt_gdp,Deuda bruta del gobierno general,84.001,percent_gdp,International Monetary Fund,"World Economic Outlook, April 2026",GGXWDG_NGDP,actual,source_defined,Historical/projection classification follows LATEST_ACTUAL_ANNUAL_DATA in the WEO source.,IMF_WEO,"Gross debt, General government, Percent of GDP"
BRA,Brazil,2024,general_gov_gross_debt_gdp,Deuda bruta del gobierno general,87.028,percent_gdp,International Monetary Fund,"World Economic Outlook, April 2026",GGXWDG_NGDP,actual,source_defined,Historical/projection classification follows LATEST_ACTUAL_ANNUAL_DATA in the WEO source.,IMF_WEO,"Gross debt, General government, Percent of GDP"
BRA,Brazil,2025,general_gov_gross_debt_gdp,Deuda bruta del gobierno general,93.329,percent_gdp,International Monetary Fund,"World Economic Outlook, April 2026",GGXWDG_NGDP,projection,source_defined,Historical/projection classification follows LATEST_ACTUAL_ANNUAL_DATA in the WEO source.,IMF_WEO,"Gross debt, General government, Percent of GDP"
BRA,Brazil,2026,general_gov_gross_debt_gdp,Deuda bruta del gobierno general,96.54,percent_gdp,International Monetary Fund,"World Economic Outlook, April 2026",GGXWDG_NGDP,projection,source_defined,Historical/projection classification follows LATEST_ACTUAL_ANNUAL_DATA in the WEO source.,IMF_WEO,"Gross debt, General government, Percent of GDP"
BRA,Brazil,2027,general_gov_gross_debt_gdp,Deuda bruta del gobierno general,99.997,percent_gdp,International Monetary Fund,"World Economic Outlook, April 2026",GGXWDG_NGDP,projection,source_defined,Historical/projection classification follows LATEST_ACTUAL_ANNUAL_DATA in the WEO source.,IMF_WEO,"Gross debt, General government, Percent of GDP"
BRA,Brazil,2028,general_gov_gross_debt_gdp,Deuda bruta del gobierno general,102.288,percent_gdp,International Monetary Fund,"World Economic Outlook, April 2026",GGXWDG_NGDP,projection,source_defined,Historical/projection classification follows LATEST_ACTUAL_ANNUAL_DATA in the WEO source.,IMF_WEO,"Gross debt, General government, Percent of GDP"
BRA,Brazil,2029,general_gov_gross_debt_gdp,Deuda bruta del gobierno general,104.142,percent_gdp,International Monetary Fund,"World Economic Outlook, April 2026",GGXWDG_NGDP,projection,source_defined,Historical/projection classification follows LATEST_ACTUAL_ANNUAL_DATA in the WEO source.,IMF_WEO,"Gross debt, General government, Percent of GDP"
BRA,Brazil,2030,general_gov_gross_debt_gdp,Deuda bruta del gobierno general,105.505,percent_gdp,International Monetary Fund,"World Economic Outlook, April 2026",GGXWDG_NGDP,projection,source_defined,Historical/projection classification follows LATEST_ACTUAL_ANNUAL_DATA in the WEO source.,IMF_WEO,"Gross debt, General government, Percent of GDP"
BRA,Brazil,2031,general_gov_gross_debt_gdp,Deuda bruta del gobierno general,106.52,percent_gdp,International Monetary Fund,"World Economic Outlook, April 2026",GGXWDG_NGDP,projection,source_defined,Historical/projection classification follows LATEST_ACTUAL_ANNUAL_DATA in the WEO source.,IMF_WEO,"Gross debt, General government, Percent of GDP"
BRA,Brazil,1980,inflation_avg_cpi_pct,Inflación promedio anual del IPC,90.227,percent,International Monetary Fund,"World Economic Outlook, April 2026",PCPIPCH,actual,source_defined,Historical/projection classification follows LATEST_ACTUAL_ANNUAL_DATA in the WEO source.,IMF_WEO,"All Items, Consumer price index (CPI), Period average, percent change"
BRA,Brazil,1981,inflation_avg_cpi_pct,Inflación promedio anual del IPC,101.737,percent,International Monetary Fund,"World Economic Outlook, April 2026",PCPIPCH,actual,source_defined,Historical/projection classification follows LATEST_ACTUAL_ANNUAL_DATA in the WEO source.,IMF_WEO,"All Items, Consumer price index (CPI), Period average, percent change"
BRA,Brazil,1982,inflation_avg_cpi_pct,Inflación promedio anual del IPC,100.574,percent,International Monetary Fund,"World Economic Outlook, April 2026",PCPIPCH,actual,source_defined,Historical/projection classification follows LATEST_ACTUAL_ANNUAL_DATA in the WEO source.,IMF_WEO,"All Items, Consumer price index (CPI), Period average, percent change"
BRA,Brazil,1983,inflation_avg_cpi_pct,Inflación promedio anual del IPC,135.02,percent,International Monetary Fund,"World Economic Outlook, April 2026",PCPIPCH,actual,source_defined,Historical/projection classification follows LATEST_ACTUAL_ANNUAL_DATA in the WEO source.,IMF_WEO,"All Items, Consumer price index (CPI), Period average, percent change"
BRA,Brazil,1984,inflation_avg_cpi_pct,Inflación promedio anual del IPC,192.121,percent,International Monetary Fund,"World Economic Outlook, April 2026",PCPIPCH,actual,source_defined,Historical/projection classification follows LATEST_ACTUAL_ANNUAL_DATA in the WEO source.,IMF_WEO,"All Items, Consumer price index (CPI), Period average, percent change"
BRA,Brazil,1985,inflation_avg_cpi_pct,Inflación promedio anual del IPC,226.029,percent,International Monetary Fund,"World Economic Outlook, April 2026",PCPIPCH,actual,source_defined,Historical/projection classification follows LATEST_ACTUAL_ANNUAL_DATA in the WEO source.,IMF_WEO,"All Items, Consumer price index (CPI), Period average, percent change"
BRA,Brazil,1986,inflation_avg_cpi_pct,Inflación promedio anual del IPC,147.137,percent,International Monetary Fund,"World Economic Outlook, April 2026",PCPIPCH,actual,source_defined,Historical/projection classification follows LATEST_ACTUAL_ANNUAL_DATA in the WEO source.,IMF_WEO,"All Items, Consumer price index (CPI), Period average, percent change"
BRA,Brazil,1987,inflation_avg_cpi_pct,Inflación promedio anual del IPC,228.327,percent,International Monetary Fund,"World Economic Outlook, April 2026",PCPIPCH,actual,source_defined,Historical/projection classification follows LATEST_ACTUAL_ANNUAL_DATA in the WEO source.,IMF_WEO,"All Items, Consumer price index (CPI), Period average, percent change"
BRA,Brazil,1988,inflation_avg_cpi_pct,Inflación promedio anual del IPC,629.118,percent,International Monetary Fund,"World Economic Outlook, April 2026",PCPIPCH,actual,source_defined,Historical/projection classification follows LATEST_ACTUAL_ANNUAL_DATA in the WEO source.,IMF_WEO,"All Items, Consumer price index (CPI), Period average, percent change"
BRA,Brazil,1989,inflation_avg_cpi_pct,Inflación promedio anual del IPC,1430.724,percent,International Monetary Fund,"World Economic Outlook, April 2026",PCPIPCH,actual,source_defined,Historical/projection classification follows LATEST_ACTUAL_ANNUAL_DATA in the WEO source.,IMF_WEO,"All Items, Consumer price index (CPI), Period average, percent change"
BRA,Brazil,1990,inflation_avg_cpi_pct,Inflación promedio anual del IPC,2947.733,percent,International Monetary Fund,"World Economic Outlook, April 2026",PCPIPCH,actual,source_defined,Historical/projection classification follows LATEST_ACTUAL_ANNUAL_DATA in the WEO source.,IMF_WEO,"All Items, Consumer price index (CPI), Period average, percent change"
BRA,Brazil,1991,inflation_avg_cpi_pct,Inflación promedio anual del IPC,432.772,percent,International Monetary Fund,"World Economic Outlook, April 2026",PCPIPCH,actual,source_defined,Historical/projection classification follows LATEST_ACTUAL_ANNUAL_DATA in the WEO source.,IMF_WEO,"All Items, Consumer price index (CPI), Period average, percent change"
BRA,Brazil,1992,inflation_avg_cpi_pct,Inflación promedio anual del IPC,951.956,percent,International Monetary Fund,"World Economic Outlook, April 2026",PCPIPCH,actual,source_defined,Historical/projection classification follows LATEST_ACTUAL_ANNUAL_DATA in the WEO source.,IMF_WEO,"All Items, Consumer price index (CPI), Period average, percent change"
BRA,Brazil,1993,inflation_avg_cpi_pct,Inflación promedio anual del IPC,1927.381,percent,International Monetary Fund,"World Economic Outlook, April 2026",PCPIPCH,actual,source_defined,Historical/projection classification follows LATEST_ACTUAL_ANNUAL_DATA in the WEO source.,IMF_WEO,"All Items, Consumer price index (CPI), Period average, percent change"
BRA,Brazil,1994,inflation_avg_cpi_pct,Inflación promedio anual del IPC,2075.827,percent,International Monetary Fund,"World Economic Outlook, April 2026",PCPIPCH,actual,source_defined,Historical/projection classification follows LATEST_ACTUAL_ANNUAL_DATA in the WEO source.,IMF_WEO,"All Items, Consumer price index (CPI), Period average, percent change"
BRA,Brazil,1995,inflation_avg_cpi_pct,Inflación promedio anual del IPC,66.008,percent,International Monetary Fund,"World Economic Outlook, April 2026",PCPIPCH,actual,source_defined,Historical/projection classification follows LATEST_ACTUAL_ANNUAL_DATA in the WEO source.,IMF_WEO,"All Items, Consumer price index (CPI), Period average, percent change"
BRA,Brazil,1996,inflation_avg_cpi_pct,Inflación promedio anual del IPC,15.757,percent,International Monetary Fund,"World Economic Outlook, April 2026",PCPIPCH,actual,source_defined,Historical/projection classification follows LATEST_ACTUAL_ANNUAL_DATA in the WEO source.,IMF_WEO,"All Items, Consumer price index (CPI), Period average, percent change"
BRA,Brazil,1997,inflation_avg_cpi_pct,Inflación promedio anual del IPC,6.926,percent,International Monetary Fund,"World Economic Outlook, April 2026",PCPIPCH,actual,source_defined,Historical/projection classification follows LATEST_ACTUAL_ANNUAL_DATA in the WEO source.,IMF_WEO,"All Items, Consumer price index (CPI), Period average, percent change"
BRA,Brazil,1998,inflation_avg_cpi_pct,Inflación promedio anual del IPC,3.196,percent,International Monetary Fund,"World Economic Outlook, April 2026",PCPIPCH,actual,source_defined,Historical/projection classification follows LATEST_ACTUAL_ANNUAL_DATA in the WEO source.,IMF_WEO,"All Items, Consumer price index (CPI), Period average, percent change"
BRA,Brazil,1999,inflation_avg_cpi_pct,Inflación promedio anual del IPC,4.859,percent,International Monetary Fund,"World Economic Outlook, April 2026",PCPIPCH,actual,source_defined,Historical/projection classification follows LATEST_ACTUAL_ANNUAL_DATA in the WEO source.,IMF_WEO,"All Items, Consumer price index (CPI), Period average, percent change"
BRA,Brazil,2000,inflation_avg_cpi_pct,Inflación promedio anual del IPC,7.044,percent,International Monetary Fund,"World Economic Outlook, April 2026",PCPIPCH,actual,source_defined,Historical/projection classification follows LATEST_ACTUAL_ANNUAL_DATA in the WEO source.,IMF_WEO,"All Items, Consumer price index (CPI), Period average, percent change"
BRA,Brazil,2001,inflation_avg_cpi_pct,Inflación promedio anual del IPC,6.84,percent,International Monetary Fund,"World Economic Outlook, April 2026",PCPIPCH,actual,source_defined,Historical/projection classification follows LATEST_ACTUAL_ANNUAL_DATA in the WEO source.,IMF_WEO,"All Items, Consumer price index (CPI), Period average, percent change"
BRA,Brazil,2002,inflation_avg_cpi_pct,Inflación promedio anual del IPC,8.45,percent,International Monetary Fund,"World Economic Outlook, April 2026",PCPIPCH,actual,source_defined,Historical/projection classification follows LATEST_ACTUAL_ANNUAL_DATA in the WEO source.,IMF_WEO,"All Items, Consumer price index (CPI), Period average, percent change"
BRA,Brazil,2003,inflation_avg_cpi_pct,Inflación promedio anual del IPC,14.714,percent,International Monetary Fund,"World Economic Outlook, April 2026",PCPIPCH,actual,source_defined,Historical/projection classification follows LATEST_ACTUAL_ANNUAL_DATA in the WEO source.,IMF_WEO,"All Items, Consumer price index (CPI), Period average, percent change"
BRA,Brazil,2004,inflation_avg_cpi_pct,Inflación promedio anual del IPC,6.598,percent,International Monetary Fund,"World Economic Outlook, April 2026",PCPIPCH,actual,source_defined,Historical/projection classification follows LATEST_ACTUAL_ANNUAL_DATA in the WEO source.,IMF_WEO,"All Items, Consumer price index (CPI), Period average, percent change"
BRA,Brazil,2005,inflation_avg_cpi_pct,Inflación promedio anual del IPC,6.87,percent,International Monetary Fund,"World Economic Outlook, April 2026",PCPIPCH,actual,source_defined,Historical/projection classification follows LATEST_ACTUAL_ANNUAL_DATA in the WEO source.,IMF_WEO,"All Items, Consumer price index (CPI), Period average, percent change"
BRA,Brazil,2006,inflation_avg_cpi_pct,Inflación promedio anual del IPC,4.184,percent,International Monetary Fund,"World Economic Outlook, April 2026",PCPIPCH,actual,source_defined,Historical/projection classification follows LATEST_ACTUAL_ANNUAL_DATA in the WEO source.,IMF_WEO,"All Items, Consumer price index (CPI), Period average, percent change"
BRA,Brazil,2007,inflation_avg_cpi_pct,Inflación promedio anual del IPC,3.641,percent,International Monetary Fund,"World Economic Outlook, April 2026",PCPIPCH,actual,source_defined,Historical/projection classification follows LATEST_ACTUAL_ANNUAL_DATA in the WEO source.,IMF_WEO,"All Items, Consumer price index (CPI), Period average, percent change"
BRA,Brazil,2008,inflation_avg_cpi_pct,Inflación promedio anual del IPC,5.678,percent,International Monetary Fund,"World Economic Outlook, April 2026",PCPIPCH,actual,source_defined,Historical/projection classification follows LATEST_ACTUAL_ANNUAL_DATA in the WEO source.,IMF_WEO,"All Items, Consumer price index (CPI), Period average, percent change"
BRA,Brazil,2009,inflation_avg_cpi_pct,Inflación promedio anual del IPC,4.888,percent,International Monetary Fund,"World Economic Outlook, April 2026",PCPIPCH,actual,source_defined,Historical/projection classification follows LATEST_ACTUAL_ANNUAL_DATA in the WEO source.,IMF_WEO,"All Items, Consumer price index (CPI), Period average, percent change"
BRA,Brazil,2010,inflation_avg_cpi_pct,Inflación promedio anual del IPC,5.039,percent,International Monetary Fund,"World Economic Outlook, April 2026",PCPIPCH,actual,source_defined,Historical/projection classification follows LATEST_ACTUAL_ANNUAL_DATA in the WEO source.,IMF_WEO,"All Items, Consumer price index (CPI), Period average, percent change"
BRA,Brazil,2011,inflation_avg_cpi_pct,Inflación promedio anual del IPC,6.636,percent,International Monetary Fund,"World Economic Outlook, April 2026",PCPIPCH,actual,source_defined,Historical/projection classification follows LATEST_ACTUAL_ANNUAL_DATA in the WEO source.,IMF_WEO,"All Items, Consumer price index (CPI), Period average, percent change"
BRA,Brazil,2012,inflation_avg_cpi_pct,Inflación promedio anual del IPC,5.404,percent,International Monetary Fund,"World Economic Outlook, April 2026",PCPIPCH,actual,source_defined,Historical/projection classification follows LATEST_ACTUAL_ANNUAL_DATA in the WEO source.,IMF_WEO,"All Items, Consumer price index (CPI), Period average, percent change"
BRA,Brazil,2013,inflation_avg_cpi_pct,Inflación promedio anual del IPC,6.204,percent,International Monetary Fund,"World Economic Outlook, April 2026",PCPIPCH,actual,source_defined,Historical/projection classification follows LATEST_ACTUAL_ANNUAL_DATA in the WEO source.,IMF_WEO,"All Items, Consumer price index (CPI), Period average, percent change"
BRA,Brazil,2014,inflation_avg_cpi_pct,Inflación promedio anual del IPC,6.329,percent,International Monetary Fund,"World Economic Outlook, April 2026",PCPIPCH,actual,source_defined,Historical/projection classification follows LATEST_ACTUAL_ANNUAL_DATA in the WEO source.,IMF_WEO,"All Items, Consumer price index (CPI), Period average, percent change"
BRA,Brazil,2015,inflation_avg_cpi_pct,Inflación promedio anual del IPC,9.03,percent,International Monetary Fund,"World Economic Outlook, April 2026",PCPIPCH,actual,source_defined,Historical/projection classification follows LATEST_ACTUAL_ANNUAL_DATA in the WEO source.,IMF_WEO,"All Items, Consumer price index (CPI), Period average, percent change"
BRA,Brazil,2016,inflation_avg_cpi_pct,Inflación promedio anual del IPC,8.74,percent,International Monetary Fund,"World Economic Outlook, April 2026",PCPIPCH,actual,source_defined,Historical/projection classification follows LATEST_ACTUAL_ANNUAL_DATA in the WEO source.,IMF_WEO,"All Items, Consumer price index (CPI), Period average, percent change"
BRA,Brazil,2017,inflation_avg_cpi_pct,Inflación promedio anual del IPC,3.446,percent,International Monetary Fund,"World Economic Outlook, April 2026",PCPIPCH,actual,source_defined,Historical/projection classification follows LATEST_ACTUAL_ANNUAL_DATA in the WEO source.,IMF_WEO,"All Items, Consumer price index (CPI), Period average, percent change"
BRA,Brazil,2018,inflation_avg_cpi_pct,Inflación promedio anual del IPC,3.665,percent,International Monetary Fund,"World Economic Outlook, April 2026",PCPIPCH,actual,source_defined,Historical/projection classification follows LATEST_ACTUAL_ANNUAL_DATA in the WEO source.,IMF_WEO,"All Items, Consumer price index (CPI), Period average, percent change"
BRA,Brazil,2019,inflation_avg_cpi_pct,Inflación promedio anual del IPC,3.733,percent,International Monetary Fund,"World Economic Outlook, April 2026",PCPIPCH,actual,source_defined,Historical/projection classification follows LATEST_ACTUAL_ANNUAL_DATA in the WEO source.,IMF_WEO,"All Items, Consumer price index (CPI), Period average, percent change"
BRA,Brazil,2020,inflation_avg_cpi_pct,Inflación promedio anual del IPC,3.212,percent,International Monetary Fund,"World Economic Outlook, April 2026",PCPIPCH,actual,source_defined,Historical/projection classification follows LATEST_ACTUAL_ANNUAL_DATA in the WEO source.,IMF_WEO,"All Items, Consumer price index (CPI), Period average, percent change"
BRA,Brazil,2021,inflation_avg_cpi_pct,Inflación promedio anual del IPC,8.302,percent,International Monetary Fund,"World Economic Outlook, April 2026",PCPIPCH,actual,source_defined,Historical/projection classification follows LATEST_ACTUAL_ANNUAL_DATA in the WEO source.,IMF_WEO,"All Items, Consumer price index (CPI), Period average, percent change"
BRA,Brazil,2022,inflation_avg_cpi_pct,Inflación promedio anual del IPC,9.28,percent,International Monetary Fund,"World Economic Outlook, April 2026",PCPIPCH,actual,source_defined,Historical/projection classification follows LATEST_ACTUAL_ANNUAL_DATA in the WEO source.,IMF_WEO,"All Items, Consumer price index (CPI), Period average, percent change"
BRA,Brazil,2023,inflation_avg_cpi_pct,Inflación promedio anual del IPC,4.594,percent,International Monetary Fund,"World Economic Outlook, April 2026",PCPIPCH,actual,source_defined,Historical/projection classification follows LATEST_ACTUAL_ANNUAL_DATA in the WEO source.,IMF_WEO,"All Items, Consumer price index (CPI), Period average, percent change"
BRA,Brazil,2024,inflation_avg_cpi_pct,Inflación promedio anual del IPC,4.367,percent,International Monetary Fund,"World Economic Outlook, April 2026",PCPIPCH,actual,source_defined,Historical/projection classification follows LATEST_ACTUAL_ANNUAL_DATA in the WEO source.,IMF_WEO,"All Items, Consumer price index (CPI), Period average, percent change"
BRA,Brazil,2025,inflation_avg_cpi_pct,Inflación promedio anual del IPC,5.017,percent,International Monetary Fund,"World Economic Outlook, April 2026",PCPIPCH,actual,source_defined,Historical/projection classification follows LATEST_ACTUAL_ANNUAL_DATA in the WEO source.,IMF_WEO,"All Items, Consumer price index (CPI), Period average, percent change"
BRA,Brazil,2026,inflation_avg_cpi_pct,Inflación promedio anual del IPC,3.997,percent,International Monetary Fund,"World Economic Outlook, April 2026",PCPIPCH,projection,source_defined,Historical/projection classification follows LATEST_ACTUAL_ANNUAL_DATA in the WEO source.,IMF_WEO,"All Items, Consumer price index (CPI), Period average, percent change"
BRA,Brazil,2027,inflation_avg_cpi_pct,Inflación promedio anual del IPC,3.353,percent,International Monetary Fund,"World Economic Outlook, April 2026",PCPIPCH,projection,source_defined,Historical/projection classification follows LATEST_ACTUAL_ANNUAL_DATA in the WEO source.,IMF_WEO,"All Items, Consumer price index (CPI), Period average, percent change"
BRA,Brazil,2028,inflation_avg_cpi_pct,Inflación promedio anual del IPC,2.996,percent,International Monetary Fund,"World Economic Outlook, April 2026",PCPIPCH,projection,source_defined,Historical/projection classification follows LATEST_ACTUAL_ANNUAL_DATA in the WEO source.,IMF_WEO,"All Items, Consumer price index (CPI), Period average, percent change"
BRA,Brazil,2029,inflation_avg_cpi_pct,Inflación promedio anual del IPC,2.989,percent,International Monetary Fund,"World Economic Outlook, April 2026",PCPIPCH,projection,source_defined,Historical/projection classification follows LATEST_ACTUAL_ANNUAL_DATA in the WEO source.,IMF_WEO,"All Items, Consumer price index (CPI), Period average, percent change"
BRA,Brazil,2030,inflation_avg_cpi_pct,Inflación promedio anual del IPC,3.0,percent,International Monetary Fund,"World Economic Outlook, April 2026",PCPIPCH,projection,source_defined,Historical/projection classification follows LATEST_ACTUAL_ANNUAL_DATA in the WEO source.,IMF_WEO,"All Items, Consumer price index (CPI), Period average, percent change"
BRA,Brazil,2031,inflation_avg_cpi_pct,Inflación promedio anual del IPC,2.995,percent,International Monetary Fund,"World Economic Outlook, April 2026",PCPIPCH,projection,source_defined,Historical/projection classification follows LATEST_ACTUAL_ANNUAL_DATA in the WEO source.,IMF_WEO,"All Items, Consumer price index (CPI), Period average, percent change"
BRA,Brazil,2010,inflation_cpi_yoy,Inflación IPC,5.03872690108075,percent,World Bank,WDI,FP.CPI.TOTL.ZG,actual,pending,,WDI,
BRA,Brazil,2011,inflation_cpi_yoy,Inflación IPC,6.6364496221309,percent,World Bank,WDI,FP.CPI.TOTL.ZG,actual,pending,,WDI,
BRA,Brazil,2012,inflation_cpi_yoy,Inflación IPC,5.40349914036997,percent,World Bank,WDI,FP.CPI.TOTL.ZG,actual,pending,,WDI,
BRA,Brazil,2013,inflation_cpi_yoy,Inflación IPC,6.20431066640101,percent,World Bank,WDI,FP.CPI.TOTL.ZG,actual,pending,,WDI,
BRA,Brazil,2014,inflation_cpi_yoy,Inflación IPC,6.32904015516139,percent,World Bank,WDI,FP.CPI.TOTL.ZG,actual,pending,,WDI,
BRA,Brazil,2015,inflation_cpi_yoy,Inflación IPC,9.02990102416136,percent,World Bank,WDI,FP.CPI.TOTL.ZG,actual,pending,,WDI,
BRA,Brazil,2016,inflation_cpi_yoy,Inflación IPC,8.73914352329393,percent,World Bank,WDI,FP.CPI.TOTL.ZG,actual,pending,,WDI,
BRA,Brazil,2017,inflation_cpi_yoy,Inflación IPC,3.44637335032669,percent,World Bank,WDI,FP.CPI.TOTL.ZG,actual,pending,,WDI,
BRA,Brazil,2018,inflation_cpi_yoy,Inflación IPC,3.66485028376729,percent,World Bank,WDI,FP.CPI.TOTL.ZG,actual,pending,,WDI,
BRA,Brazil,2019,inflation_cpi_yoy,Inflación IPC,3.73297621216894,percent,World Bank,WDI,FP.CPI.TOTL.ZG,actual,pending,,WDI,
BRA,Brazil,2020,inflation_cpi_yoy,Inflación IPC,3.21176803803376,percent,World Bank,WDI,FP.CPI.TOTL.ZG,actual,pending,,WDI,
BRA,Brazil,2021,inflation_cpi_yoy,Inflación IPC,8.30165975585673,percent,World Bank,WDI,FP.CPI.TOTL.ZG,actual,pending,,WDI,
BRA,Brazil,2022,inflation_cpi_yoy,Inflación IPC,9.28010608956873,percent,World Bank,WDI,FP.CPI.TOTL.ZG,actual,pending,,WDI,
BRA,Brazil,2023,inflation_cpi_yoy,Inflación IPC,4.59356282283204,percent,World Bank,WDI,FP.CPI.TOTL.ZG,actual,pending,,WDI,
BRA,Brazil,2024,inflation_cpi_yoy,Inflación IPC,4.36746407652337,percent,World Bank,WDI,FP.CPI.TOTL.ZG,actual,pending,,WDI,
BRA,Brazil,2025,inflation_cpi_yoy,Inflación IPC,5.01675279604836,percent,World Bank,WDI,FP.CPI.TOTL.ZG,actual,pending,,WDI,
BRA,Brazil,2010,official_exchange_rate,Tipo de cambio oficial,1.75922671058718,local_currency_per_usd,World Bank,WDI,PA.NUS.FCRF,actual,pending,,WDI,
BRA,Brazil,2011,official_exchange_rate,Tipo de cambio oficial,1.67282875525659,local_currency_per_usd,World Bank,WDI,PA.NUS.FCRF,actual,pending,,WDI,
BRA,Brazil,2012,official_exchange_rate,Tipo de cambio oficial,1.95306861112487,local_currency_per_usd,World Bank,WDI,PA.NUS.FCRF,actual,pending,,WDI,
BRA,Brazil,2013,official_exchange_rate,Tipo de cambio oficial,2.15608915126311,local_currency_per_usd,World Bank,WDI,PA.NUS.FCRF,actual,pending,,WDI,
BRA,Brazil,2014,official_exchange_rate,Tipo de cambio oficial,2.35295196276669,local_currency_per_usd,World Bank,WDI,PA.NUS.FCRF,actual,pending,,WDI,
BRA,Brazil,2015,official_exchange_rate,Tipo de cambio oficial,3.32690438276879,local_currency_per_usd,World Bank,WDI,PA.NUS.FCRF,actual,pending,,WDI,
BRA,Brazil,2016,official_exchange_rate,Tipo de cambio oficial,3.49131342157271,local_currency_per_usd,World Bank,WDI,PA.NUS.FCRF,actual,pending,,WDI,
BRA,Brazil,2017,official_exchange_rate,Tipo de cambio oficial,3.19138944630048,local_currency_per_usd,World Bank,WDI,PA.NUS.FCRF,actual,pending,,WDI,
BRA,Brazil,2018,official_exchange_rate,Tipo de cambio oficial,3.65382536145755,local_currency_per_usd,World Bank,WDI,PA.NUS.FCRF,actual,pending,,WDI,
BRA,Brazil,2019,official_exchange_rate,Tipo de cambio oficial,3.9444710972507,local_currency_per_usd,World Bank,WDI,PA.NUS.FCRF,actual,pending,,WDI,
BRA,Brazil,2020,official_exchange_rate,Tipo de cambio oficial,5.15517878751281,local_currency_per_usd,World Bank,WDI,PA.NUS.FCRF,actual,pending,,WDI,
BRA,Brazil,2021,official_exchange_rate,Tipo de cambio oficial,5.39440078962503,local_currency_per_usd,World Bank,WDI,PA.NUS.FCRF,actual,pending,,WDI,
BRA,Brazil,2022,official_exchange_rate,Tipo de cambio oficial,5.16397029102111,local_currency_per_usd,World Bank,WDI,PA.NUS.FCRF,actual,pending,,WDI,
BRA,Brazil,2023,official_exchange_rate,Tipo de cambio oficial,4.99437976287199,local_currency_per_usd,World Bank,WDI,PA.NUS.FCRF,actual,pending,,WDI,
BRA,Brazil,2024,official_exchange_rate,Tipo de cambio oficial,5.3889349057096,local_currency_per_usd,World Bank,WDI,PA.NUS.FCRF,actual,pending,,WDI,
BRA,Brazil,2025,official_exchange_rate,Tipo de cambio oficial,5.58728623856661,local_currency_per_usd,World Bank,WDI,PA.NUS.FCRF,actual,pending,,WDI,
BRA,Brazil,2010,real_gdp_growth_yoy,Crecimiento real del PIB,7.52822581815364,percent,World Bank,WDI,NY.GDP.MKTP.KD.ZG,actual,pending,,WDI,
BRA,Brazil,2011,real_gdp_growth_yoy,Crecimiento real del PIB,3.97442307944702,percent,World Bank,WDI,NY.GDP.MKTP.KD.ZG,actual,pending,,WDI,
BRA,Brazil,2012,real_gdp_growth_yoy,Crecimiento real del PIB,1.92117598576537,percent,World Bank,WDI,NY.GDP.MKTP.KD.ZG,actual,pending,,WDI,
BRA,Brazil,2013,real_gdp_growth_yoy,Crecimiento real del PIB,3.00482266944432,percent,World Bank,WDI,NY.GDP.MKTP.KD.ZG,actual,pending,,WDI,
BRA,Brazil,2014,real_gdp_growth_yoy,Crecimiento real del PIB,0.503955740242247,percent,World Bank,WDI,NY.GDP.MKTP.KD.ZG,actual,pending,,WDI,
BRA,Brazil,2015,real_gdp_growth_yoy,Crecimiento real del PIB,-3.54576339269425,percent,World Bank,WDI,NY.GDP.MKTP.KD.ZG,actual,pending,,WDI,
BRA,Brazil,2016,real_gdp_growth_yoy,Crecimiento real del PIB,-3.27591690782192,percent,World Bank,WDI,NY.GDP.MKTP.KD.ZG,actual,pending,,WDI,
BRA,Brazil,2017,real_gdp_growth_yoy,Crecimiento real del PIB,1.32286905404399,percent,World Bank,WDI,NY.GDP.MKTP.KD.ZG,actual,pending,,WDI,
BRA,Brazil,2018,real_gdp_growth_yoy,Crecimiento real del PIB,1.783666761634,percent,World Bank,WDI,NY.GDP.MKTP.KD.ZG,actual,pending,,WDI,
BRA,Brazil,2019,real_gdp_growth_yoy,Crecimiento real del PIB,1.22077782360842,percent,World Bank,WDI,NY.GDP.MKTP.KD.ZG,actual,pending,,WDI,
BRA,Brazil,2020,real_gdp_growth_yoy,Crecimiento real del PIB,-3.2767587964736,percent,World Bank,WDI,NY.GDP.MKTP.KD.ZG,actual,pending,,WDI,
BRA,Brazil,2021,real_gdp_growth_yoy,Crecimiento real del PIB,4.76260437908608,percent,World Bank,WDI,NY.GDP.MKTP.KD.ZG,actual,pending,,WDI,
BRA,Brazil,2022,real_gdp_growth_yoy,Crecimiento real del PIB,3.01669435393015,percent,World Bank,WDI,NY.GDP.MKTP.KD.ZG,actual,pending,,WDI,
BRA,Brazil,2023,real_gdp_growth_yoy,Crecimiento real del PIB,3.24165532906981,percent,World Bank,WDI,NY.GDP.MKTP.KD.ZG,actual,pending,,WDI,
BRA,Brazil,2024,real_gdp_growth_yoy,Crecimiento real del PIB,3.41931516501906,percent,World Bank,WDI,NY.GDP.MKTP.KD.ZG,actual,pending,,WDI,
BRA,Brazil,2025,real_gdp_growth_yoy,Crecimiento real del PIB,2.2857464902475,percent,World Bank,WDI,NY.GDP.MKTP.KD.ZG,actual,pending,,WDI,
CHL,Chile,2010,central_gov_debt_gdp,Deuda del gobierno central,,percent_gdp,World Bank,WDI,GC.DOD.TOTL.GD.ZS,actual,pending,,WDI,
CHL,Chile,2011,central_gov_debt_gdp,Deuda del gobierno central,,percent_gdp,World Bank,WDI,GC.DOD.TOTL.GD.ZS,actual,pending,,WDI,
CHL,Chile,2012,central_gov_debt_gdp,Deuda del gobierno central,,percent_gdp,World Bank,WDI,GC.DOD.TOTL.GD.ZS,actual,pending,,WDI,
CHL,Chile,2013,central_gov_debt_gdp,Deuda del gobierno central,,percent_gdp,World Bank,WDI,GC.DOD.TOTL.GD.ZS,actual,pending,,WDI,
CHL,Chile,2014,central_gov_debt_gdp,Deuda del gobierno central,,percent_gdp,World Bank,WDI,GC.DOD.TOTL.GD.ZS,actual,pending,,WDI,
CHL,Chile,2015,central_gov_debt_gdp,Deuda del gobierno central,,percent_gdp,World Bank,WDI,GC.DOD.TOTL.GD.ZS,actual,pending,,WDI,
CHL,Chile,2016,central_gov_debt_gdp,Deuda del gobierno central,,percent_gdp,World Bank,WDI,GC.DOD.TOTL.GD.ZS,actual,pending,,WDI,
CHL,Chile,2017,central_gov_debt_gdp,Deuda del gobierno central,,percent_gdp,World Bank,WDI,GC.DOD.TOTL.GD.ZS,actual,pending,,WDI,
CHL,Chile,2018,central_gov_debt_gdp,Deuda del gobierno central,,percent_gdp,World Bank,WDI,GC.DOD.TOTL.GD.ZS,actual,pending,,WDI,
CHL,Chile,2019,central_gov_debt_gdp,Deuda del gobierno central,,percent_gdp,World Bank,WDI,GC.DOD.TOTL.GD.ZS,actual,pending,,WDI,
CHL,Chile,2020,central_gov_debt_gdp,Deuda del gobierno central,,percent_gdp,World Bank,WDI,GC.DOD.TOTL.GD.ZS,actual,pending,,WDI,
CHL,Chile,2021,central_gov_debt_gdp,Deuda del gobierno central,,percent_gdp,World Bank,WDI,GC.DOD.TOTL.GD.ZS,actual,pending,,WDI,
CHL,Chile,2022,central_gov_debt_gdp,Deuda del gobierno central,,percent_gdp,World Bank,WDI,GC.DOD.TOTL.GD.ZS,actual,pending,,WDI,
CHL,Chile,2023,central_gov_debt_gdp,Deuda del gobierno central,,percent_gdp,World Bank,WDI,GC.DOD.TOTL.GD.ZS,actual,pending,,WDI,
CHL,Chile,2024,central_gov_debt_gdp,Deuda del gobierno central,,percent_gdp,World Bank,WDI,GC.DOD.TOTL.GD.ZS,actual,pending,,WDI,
CHL,Chile,2025,central_gov_debt_gdp,Deuda del gobierno central,,percent_gdp,World Bank,WDI,GC.DOD.TOTL.GD.ZS,actual,pending,,WDI,
CHL,Chile,2010,current_account_gdp,Cuenta corriente,0.896881680744076,percent_gdp,World Bank,WDI,BN.CAB.XOKA.GD.ZS,actual,pending,,WDI,
CHL,Chile,2011,current_account_gdp,Cuenta corriente,-4.91713901662886,percent_gdp,World Bank,WDI,BN.CAB.XOKA.GD.ZS,actual,pending,,WDI,
CHL,Chile,2012,current_account_gdp,Cuenta corriente,-5.32849119001729,percent_gdp,World Bank,WDI,BN.CAB.XOKA.GD.ZS,actual,pending,,WDI,
CHL,Chile,2013,current_account_gdp,Cuenta corriente,-4.77606541666959,percent_gdp,World Bank,WDI,BN.CAB.XOKA.GD.ZS,actual,pending,,WDI,
CHL,Chile,2014,current_account_gdp,Cuenta corriente,-3.46029991877659,percent_gdp,World Bank,WDI,BN.CAB.XOKA.GD.ZS,actual,pending,,WDI,
CHL,Chile,2015,current_account_gdp,Cuenta corriente,-2.73506821605392,percent_gdp,World Bank,WDI,BN.CAB.XOKA.GD.ZS,actual,pending,,WDI,
CHL,Chile,2016,current_account_gdp,Cuenta corriente,-2.62065852365988,percent_gdp,World Bank,WDI,BN.CAB.XOKA.GD.ZS,actual,pending,,WDI,
CHL,Chile,2017,current_account_gdp,Cuenta corriente,-2.75779980852367,percent_gdp,World Bank,WDI,BN.CAB.XOKA.GD.ZS,actual,pending,,WDI,
CHL,Chile,2018,current_account_gdp,Cuenta corriente,-4.48367554777816,percent_gdp,World Bank,WDI,BN.CAB.XOKA.GD.ZS,actual,pending,,WDI,
CHL,Chile,2019,current_account_gdp,Cuenta corriente,-5.21201190646601,percent_gdp,World Bank,WDI,BN.CAB.XOKA.GD.ZS,actual,pending,,WDI,
CHL,Chile,2020,current_account_gdp,Cuenta corriente,-1.96248572878056,percent_gdp,World Bank,WDI,BN.CAB.XOKA.GD.ZS,actual,pending,,WDI,
CHL,Chile,2021,current_account_gdp,Cuenta corriente,-7.29452522459608,percent_gdp,World Bank,WDI,BN.CAB.XOKA.GD.ZS,actual,pending,,WDI,
CHL,Chile,2022,current_account_gdp,Cuenta corriente,-8.87430060140152,percent_gdp,World Bank,WDI,BN.CAB.XOKA.GD.ZS,actual,pending,,WDI,
CHL,Chile,2023,current_account_gdp,Cuenta corriente,-3.10428872521174,percent_gdp,World Bank,WDI,BN.CAB.XOKA.GD.ZS,actual,pending,,WDI,
CHL,Chile,2024,current_account_gdp,Cuenta corriente,-1.16817210444884,percent_gdp,World Bank,WDI,BN.CAB.XOKA.GD.ZS,actual,pending,,WDI,
CHL,Chile,2025,current_account_gdp,Cuenta corriente,-1.21688011748722,percent_gdp,World Bank,WDI,BN.CAB.XOKA.GD.ZS,actual,pending,,WDI,
CHL,Chile,2010,fx_reserves_usd,Reservas internacionales,27827450636.1978,current_usd,World Bank,WDI,FI.RES.TOTL.CD,actual,pending,,WDI,
CHL,Chile,2011,fx_reserves_usd,Reservas internacionales,41943889984.8962,current_usd,World Bank,WDI,FI.RES.TOTL.CD,actual,pending,,WDI,
CHL,Chile,2012,fx_reserves_usd,Reservas internacionales,41649256237.5881,current_usd,World Bank,WDI,FI.RES.TOTL.CD,actual,pending,,WDI,
CHL,Chile,2013,fx_reserves_usd,Reservas internacionales,41093252538.759,current_usd,World Bank,WDI,FI.RES.TOTL.CD,actual,pending,,WDI,
CHL,Chile,2014,fx_reserves_usd,Reservas internacionales,40447379051.6687,current_usd,World Bank,WDI,FI.RES.TOTL.CD,actual,pending,,WDI,
CHL,Chile,2015,fx_reserves_usd,Reservas internacionales,38641176606.0315,current_usd,World Bank,WDI,FI.RES.TOTL.CD,actual,pending,,WDI,
CHL,Chile,2016,fx_reserves_usd,Reservas internacionales,40493293729.5297,current_usd,World Bank,WDI,FI.RES.TOTL.CD,actual,pending,,WDI,
CHL,Chile,2017,fx_reserves_usd,Reservas internacionales,38981539753.7984,current_usd,World Bank,WDI,FI.RES.TOTL.CD,actual,pending,,WDI,
CHL,Chile,2018,fx_reserves_usd,Reservas internacionales,39858824174.8114,current_usd,World Bank,WDI,FI.RES.TOTL.CD,actual,pending,,WDI,
CHL,Chile,2019,fx_reserves_usd,Reservas internacionales,40655524238.3282,current_usd,World Bank,WDI,FI.RES.TOTL.CD,actual,pending,,WDI,
CHL,Chile,2020,fx_reserves_usd,Reservas internacionales,39166118109.4101,current_usd,World Bank,WDI,FI.RES.TOTL.CD,actual,pending,,WDI,
CHL,Chile,2021,fx_reserves_usd,Reservas internacionales,51252167799.6881,current_usd,World Bank,WDI,FI.RES.TOTL.CD,actual,pending,,WDI,
CHL,Chile,2022,fx_reserves_usd,Reservas internacionales,39102338845.0328,current_usd,World Bank,WDI,FI.RES.TOTL.CD,actual,pending,,WDI,
CHL,Chile,2023,fx_reserves_usd,Reservas internacionales,46377347796.8251,current_usd,World Bank,WDI,FI.RES.TOTL.CD,actual,pending,,WDI,
CHL,Chile,2024,fx_reserves_usd,Reservas internacionales,44403009394.3695,current_usd,World Bank,WDI,FI.RES.TOTL.CD,actual,pending,,WDI,
CHL,Chile,2025,fx_reserves_usd,Reservas internacionales,49449773295.6302,current_usd,World Bank,WDI,FI.RES.TOTL.CD,actual,pending,,WDI,
CHL,Chile,1991,general_gov_gross_debt_gdp,Deuda bruta del gobierno general,37.104,percent_gdp,International Monetary Fund,"World Economic Outlook, April 2026",GGXWDG_NGDP,actual,source_defined,Historical/projection classification follows LATEST_ACTUAL_ANNUAL_DATA in the WEO source.,IMF_WEO,"Gross debt, General government, Percent of GDP"
CHL,Chile,1992,general_gov_gross_debt_gdp,Deuda bruta del gobierno general,30.492,percent_gdp,International Monetary Fund,"World Economic Outlook, April 2026",GGXWDG_NGDP,actual,source_defined,Historical/projection classification follows LATEST_ACTUAL_ANNUAL_DATA in the WEO source.,IMF_WEO,"Gross debt, General government, Percent of GDP"
CHL,Chile,1993,general_gov_gross_debt_gdp,Deuda bruta del gobierno general,28.087,percent_gdp,International Monetary Fund,"World Economic Outlook, April 2026",GGXWDG_NGDP,actual,source_defined,Historical/projection classification follows LATEST_ACTUAL_ANNUAL_DATA in the WEO source.,IMF_WEO,"Gross debt, General government, Percent of GDP"
CHL,Chile,1994,general_gov_gross_debt_gdp,Deuda bruta del gobierno general,22.61,percent_gdp,International Monetary Fund,"World Economic Outlook, April 2026",GGXWDG_NGDP,actual,source_defined,Historical/projection classification follows LATEST_ACTUAL_ANNUAL_DATA in the WEO source.,IMF_WEO,"Gross debt, General government, Percent of GDP"
CHL,Chile,1995,general_gov_gross_debt_gdp,Deuda bruta del gobierno general,17.25,percent_gdp,International Monetary Fund,"World Economic Outlook, April 2026",GGXWDG_NGDP,actual,source_defined,Historical/projection classification follows LATEST_ACTUAL_ANNUAL_DATA in the WEO source.,IMF_WEO,"Gross debt, General government, Percent of GDP"
CHL,Chile,1996,general_gov_gross_debt_gdp,Deuda bruta del gobierno general,14.584,percent_gdp,International Monetary Fund,"World Economic Outlook, April 2026",GGXWDG_NGDP,actual,source_defined,Historical/projection classification follows LATEST_ACTUAL_ANNUAL_DATA in the WEO source.,IMF_WEO,"Gross debt, General government, Percent of GDP"
CHL,Chile,1997,general_gov_gross_debt_gdp,Deuda bruta del gobierno general,12.78,percent_gdp,International Monetary Fund,"World Economic Outlook, April 2026",GGXWDG_NGDP,actual,source_defined,Historical/projection classification follows LATEST_ACTUAL_ANNUAL_DATA in the WEO source.,IMF_WEO,"Gross debt, General government, Percent of GDP"
CHL,Chile,1998,general_gov_gross_debt_gdp,Deuda bruta del gobierno general,12.115,percent_gdp,International Monetary Fund,"World Economic Outlook, April 2026",GGXWDG_NGDP,actual,source_defined,Historical/projection classification follows LATEST_ACTUAL_ANNUAL_DATA in the WEO source.,IMF_WEO,"Gross debt, General government, Percent of GDP"
CHL,Chile,1999,general_gov_gross_debt_gdp,Deuda bruta del gobierno general,13.277,percent_gdp,International Monetary Fund,"World Economic Outlook, April 2026",GGXWDG_NGDP,actual,source_defined,Historical/projection classification follows LATEST_ACTUAL_ANNUAL_DATA in the WEO source.,IMF_WEO,"Gross debt, General government, Percent of GDP"
CHL,Chile,2000,general_gov_gross_debt_gdp,Deuda bruta del gobierno general,13.146,percent_gdp,International Monetary Fund,"World Economic Outlook, April 2026",GGXWDG_NGDP,actual,source_defined,Historical/projection classification follows LATEST_ACTUAL_ANNUAL_DATA in the WEO source.,IMF_WEO,"Gross debt, General government, Percent of GDP"
CHL,Chile,2001,general_gov_gross_debt_gdp,Deuda bruta del gobierno general,14.348,percent_gdp,International Monetary Fund,"World Economic Outlook, April 2026",GGXWDG_NGDP,actual,source_defined,Historical/projection classification follows LATEST_ACTUAL_ANNUAL_DATA in the WEO source.,IMF_WEO,"Gross debt, General government, Percent of GDP"
CHL,Chile,2002,general_gov_gross_debt_gdp,Deuda bruta del gobierno general,15.045,percent_gdp,International Monetary Fund,"World Economic Outlook, April 2026",GGXWDG_NGDP,actual,source_defined,Historical/projection classification follows LATEST_ACTUAL_ANNUAL_DATA in the WEO source.,IMF_WEO,"Gross debt, General government, Percent of GDP"
CHL,Chile,2003,general_gov_gross_debt_gdp,Deuda bruta del gobierno general,12.573,percent_gdp,International Monetary Fund,"World Economic Outlook, April 2026",GGXWDG_NGDP,actual,source_defined,Historical/projection classification follows LATEST_ACTUAL_ANNUAL_DATA in the WEO source.,IMF_WEO,"Gross debt, General government, Percent of GDP"
CHL,Chile,2004,general_gov_gross_debt_gdp,Deuda bruta del gobierno general,10.314,percent_gdp,International Monetary Fund,"World Economic Outlook, April 2026",GGXWDG_NGDP,actual,source_defined,Historical/projection classification follows LATEST_ACTUAL_ANNUAL_DATA in the WEO source.,IMF_WEO,"Gross debt, General government, Percent of GDP"
CHL,Chile,2005,general_gov_gross_debt_gdp,Deuda bruta del gobierno general,7.04,percent_gdp,International Monetary Fund,"World Economic Outlook, April 2026",GGXWDG_NGDP,actual,source_defined,Historical/projection classification follows LATEST_ACTUAL_ANNUAL_DATA in the WEO source.,IMF_WEO,"Gross debt, General government, Percent of GDP"
CHL,Chile,2006,general_gov_gross_debt_gdp,Deuda bruta del gobierno general,5.022,percent_gdp,International Monetary Fund,"World Economic Outlook, April 2026",GGXWDG_NGDP,actual,source_defined,Historical/projection classification follows LATEST_ACTUAL_ANNUAL_DATA in the WEO source.,IMF_WEO,"Gross debt, General government, Percent of GDP"
CHL,Chile,2007,general_gov_gross_debt_gdp,Deuda bruta del gobierno general,3.901,percent_gdp,International Monetary Fund,"World Economic Outlook, April 2026",GGXWDG_NGDP,actual,source_defined,Historical/projection classification follows LATEST_ACTUAL_ANNUAL_DATA in the WEO source.,IMF_WEO,"Gross debt, General government, Percent of GDP"
CHL,Chile,2008,general_gov_gross_debt_gdp,Deuda bruta del gobierno general,4.916,percent_gdp,International Monetary Fund,"World Economic Outlook, April 2026",GGXWDG_NGDP,actual,source_defined,Historical/projection classification follows LATEST_ACTUAL_ANNUAL_DATA in the WEO source.,IMF_WEO,"Gross debt, General government, Percent of GDP"
CHL,Chile,2009,general_gov_gross_debt_gdp,Deuda bruta del gobierno general,5.845,percent_gdp,International Monetary Fund,"World Economic Outlook, April 2026",GGXWDG_NGDP,actual,source_defined,Historical/projection classification follows LATEST_ACTUAL_ANNUAL_DATA in the WEO source.,IMF_WEO,"Gross debt, General government, Percent of GDP"
CHL,Chile,2010,general_gov_gross_debt_gdp,Deuda bruta del gobierno general,8.607,percent_gdp,International Monetary Fund,"World Economic Outlook, April 2026",GGXWDG_NGDP,actual,source_defined,Historical/projection classification follows LATEST_ACTUAL_ANNUAL_DATA in the WEO source.,IMF_WEO,"Gross debt, General government, Percent of GDP"
CHL,Chile,2011,general_gov_gross_debt_gdp,Deuda bruta del gobierno general,11.127,percent_gdp,International Monetary Fund,"World Economic Outlook, April 2026",GGXWDG_NGDP,actual,source_defined,Historical/projection classification follows LATEST_ACTUAL_ANNUAL_DATA in the WEO source.,IMF_WEO,"Gross debt, General government, Percent of GDP"
CHL,Chile,2012,general_gov_gross_debt_gdp,Deuda bruta del gobierno general,11.939,percent_gdp,International Monetary Fund,"World Economic Outlook, April 2026",GGXWDG_NGDP,actual,source_defined,Historical/projection classification follows LATEST_ACTUAL_ANNUAL_DATA in the WEO source.,IMF_WEO,"Gross debt, General government, Percent of GDP"
CHL,Chile,2013,general_gov_gross_debt_gdp,Deuda bruta del gobierno general,12.784,percent_gdp,International Monetary Fund,"World Economic Outlook, April 2026",GGXWDG_NGDP,actual,source_defined,Historical/projection classification follows LATEST_ACTUAL_ANNUAL_DATA in the WEO source.,IMF_WEO,"Gross debt, General government, Percent of GDP"
CHL,Chile,2014,general_gov_gross_debt_gdp,Deuda bruta del gobierno general,15.02,percent_gdp,International Monetary Fund,"World Economic Outlook, April 2026",GGXWDG_NGDP,actual,source_defined,Historical/projection classification follows LATEST_ACTUAL_ANNUAL_DATA in the WEO source.,IMF_WEO,"Gross debt, General government, Percent of GDP"
CHL,Chile,2015,general_gov_gross_debt_gdp,Deuda bruta del gobierno general,17.375,percent_gdp,International Monetary Fund,"World Economic Outlook, April 2026",GGXWDG_NGDP,actual,source_defined,Historical/projection classification follows LATEST_ACTUAL_ANNUAL_DATA in the WEO source.,IMF_WEO,"Gross debt, General government, Percent of GDP"
CHL,Chile,2016,general_gov_gross_debt_gdp,Deuda bruta del gobierno general,21.101,percent_gdp,International Monetary Fund,"World Economic Outlook, April 2026",GGXWDG_NGDP,actual,source_defined,Historical/projection classification follows LATEST_ACTUAL_ANNUAL_DATA in the WEO source.,IMF_WEO,"Gross debt, General government, Percent of GDP"
CHL,Chile,2017,general_gov_gross_debt_gdp,Deuda bruta del gobierno general,23.652,percent_gdp,International Monetary Fund,"World Economic Outlook, April 2026",GGXWDG_NGDP,actual,source_defined,Historical/projection classification follows LATEST_ACTUAL_ANNUAL_DATA in the WEO source.,IMF_WEO,"Gross debt, General government, Percent of GDP"
CHL,Chile,2018,general_gov_gross_debt_gdp,Deuda bruta del gobierno general,25.798,percent_gdp,International Monetary Fund,"World Economic Outlook, April 2026",GGXWDG_NGDP,actual,source_defined,Historical/projection classification follows LATEST_ACTUAL_ANNUAL_DATA in the WEO source.,IMF_WEO,"Gross debt, General government, Percent of GDP"
CHL,Chile,2019,general_gov_gross_debt_gdp,Deuda bruta del gobierno general,28.33,percent_gdp,International Monetary Fund,"World Economic Outlook, April 2026",GGXWDG_NGDP,actual,source_defined,Historical/projection classification follows LATEST_ACTUAL_ANNUAL_DATA in the WEO source.,IMF_WEO,"Gross debt, General government, Percent of GDP"
CHL,Chile,2020,general_gov_gross_debt_gdp,Deuda bruta del gobierno general,32.38,percent_gdp,International Monetary Fund,"World Economic Outlook, April 2026",GGXWDG_NGDP,actual,source_defined,Historical/projection classification follows LATEST_ACTUAL_ANNUAL_DATA in the WEO source.,IMF_WEO,"Gross debt, General government, Percent of GDP"
CHL,Chile,2021,general_gov_gross_debt_gdp,Deuda bruta del gobierno general,36.448,percent_gdp,International Monetary Fund,"World Economic Outlook, April 2026",GGXWDG_NGDP,actual,source_defined,Historical/projection classification follows LATEST_ACTUAL_ANNUAL_DATA in the WEO source.,IMF_WEO,"Gross debt, General government, Percent of GDP"
CHL,Chile,2022,general_gov_gross_debt_gdp,Deuda bruta del gobierno general,37.907,percent_gdp,International Monetary Fund,"World Economic Outlook, April 2026",GGXWDG_NGDP,actual,source_defined,Historical/projection classification follows LATEST_ACTUAL_ANNUAL_DATA in the WEO source.,IMF_WEO,"Gross debt, General government, Percent of GDP"
CHL,Chile,2023,general_gov_gross_debt_gdp,Deuda bruta del gobierno general,39.415,percent_gdp,International Monetary Fund,"World Economic Outlook, April 2026",GGXWDG_NGDP,actual,source_defined,Historical/projection classification follows LATEST_ACTUAL_ANNUAL_DATA in the WEO source.,IMF_WEO,"Gross debt, General government, Percent of GDP"
CHL,Chile,2024,general_gov_gross_debt_gdp,Deuda bruta del gobierno general,41.65,percent_gdp,International Monetary Fund,"World Economic Outlook, April 2026",GGXWDG_NGDP,actual,source_defined,Historical/projection classification follows LATEST_ACTUAL_ANNUAL_DATA in the WEO source.,IMF_WEO,"Gross debt, General government, Percent of GDP"
CHL,Chile,2025,general_gov_gross_debt_gdp,Deuda bruta del gobierno general,41.774,percent_gdp,International Monetary Fund,"World Economic Outlook, April 2026",GGXWDG_NGDP,projection,source_defined,Historical/projection classification follows LATEST_ACTUAL_ANNUAL_DATA in the WEO source.,IMF_WEO,"Gross debt, General government, Percent of GDP"
CHL,Chile,2026,general_gov_gross_debt_gdp,Deuda bruta del gobierno general,42.465,percent_gdp,International Monetary Fund,"World Economic Outlook, April 2026",GGXWDG_NGDP,projection,source_defined,Historical/projection classification follows LATEST_ACTUAL_ANNUAL_DATA in the WEO source.,IMF_WEO,"Gross debt, General government, Percent of GDP"
CHL,Chile,2027,general_gov_gross_debt_gdp,Deuda bruta del gobierno general,44.437,percent_gdp,International Monetary Fund,"World Economic Outlook, April 2026",GGXWDG_NGDP,projection,source_defined,Historical/projection classification follows LATEST_ACTUAL_ANNUAL_DATA in the WEO source.,IMF_WEO,"Gross debt, General government, Percent of GDP"
CHL,Chile,2028,general_gov_gross_debt_gdp,Deuda bruta del gobierno general,45.527,percent_gdp,International Monetary Fund,"World Economic Outlook, April 2026",GGXWDG_NGDP,projection,source_defined,Historical/projection classification follows LATEST_ACTUAL_ANNUAL_DATA in the WEO source.,IMF_WEO,"Gross debt, General government, Percent of GDP"
CHL,Chile,2029,general_gov_gross_debt_gdp,Deuda bruta del gobierno general,46.818,percent_gdp,International Monetary Fund,"World Economic Outlook, April 2026",GGXWDG_NGDP,projection,source_defined,Historical/projection classification follows LATEST_ACTUAL_ANNUAL_DATA in the WEO source.,IMF_WEO,"Gross debt, General government, Percent of GDP"
CHL,Chile,2030,general_gov_gross_debt_gdp,Deuda bruta del gobierno general,48.068,percent_gdp,International Monetary Fund,"World Economic Outlook, April 2026",GGXWDG_NGDP,projection,source_defined,Historical/projection classification follows LATEST_ACTUAL_ANNUAL_DATA in the WEO source.,IMF_WEO,"Gross debt, General government, Percent of GDP"
CHL,Chile,2031,general_gov_gross_debt_gdp,Deuda bruta del gobierno general,49.169,percent_gdp,International Monetary Fund,"World Economic Outlook, April 2026",GGXWDG_NGDP,projection,source_defined,Historical/projection classification follows LATEST_ACTUAL_ANNUAL_DATA in the WEO source.,IMF_WEO,"Gross debt, General government, Percent of GDP"
CHL,Chile,1980,inflation_avg_cpi_pct,Inflación promedio anual del IPC,35.138,percent,International Monetary Fund,"World Economic Outlook, April 2026",PCPIPCH,actual,source_defined,Historical/projection classification follows LATEST_ACTUAL_ANNUAL_DATA in the WEO source.,IMF_WEO,"All Items, Consumer price index (CPI), Period average, percent change"
CHL,Chile,1981,inflation_avg_cpi_pct,Inflación promedio anual del IPC,19.687,percent,International Monetary Fund,"World Economic Outlook, April 2026",PCPIPCH,actual,source_defined,Historical/projection classification follows LATEST_ACTUAL_ANNUAL_DATA in the WEO source.,IMF_WEO,"All Items, Consumer price index (CPI), Period average, percent change"
CHL,Chile,1982,inflation_avg_cpi_pct,Inflación promedio anual del IPC,9.941,percent,International Monetary Fund,"World Economic Outlook, April 2026",PCPIPCH,actual,source_defined,Historical/projection classification follows LATEST_ACTUAL_ANNUAL_DATA in the WEO source.,IMF_WEO,"All Items, Consumer price index (CPI), Period average, percent change"
CHL,Chile,1983,inflation_avg_cpi_pct,Inflación promedio anual del IPC,27.257,percent,International Monetary Fund,"World Economic Outlook, April 2026",PCPIPCH,actual,source_defined,Historical/projection classification follows LATEST_ACTUAL_ANNUAL_DATA in the WEO source.,IMF_WEO,"All Items, Consumer price index (CPI), Period average, percent change"
CHL,Chile,1984,inflation_avg_cpi_pct,Inflación promedio anual del IPC,19.86,percent,International Monetary Fund,"World Economic Outlook, April 2026",PCPIPCH,actual,source_defined,Historical/projection classification follows LATEST_ACTUAL_ANNUAL_DATA in the WEO source.,IMF_WEO,"All Items, Consumer price index (CPI), Period average, percent change"
CHL,Chile,1985,inflation_avg_cpi_pct,Inflación promedio anual del IPC,30.703,percent,International Monetary Fund,"World Economic Outlook, April 2026",PCPIPCH,actual,source_defined,Historical/projection classification follows LATEST_ACTUAL_ANNUAL_DATA in the WEO source.,IMF_WEO,"All Items, Consumer price index (CPI), Period average, percent change"
CHL,Chile,1986,inflation_avg_cpi_pct,Inflación promedio anual del IPC,19.477,percent,International Monetary Fund,"World Economic Outlook, April 2026",PCPIPCH,actual,source_defined,Historical/projection classification follows LATEST_ACTUAL_ANNUAL_DATA in the WEO source.,IMF_WEO,"All Items, Consumer price index (CPI), Period average, percent change"
CHL,Chile,1987,inflation_avg_cpi_pct,Inflación promedio anual del IPC,19.881,percent,International Monetary Fund,"World Economic Outlook, April 2026",PCPIPCH,actual,source_defined,Historical/projection classification follows LATEST_ACTUAL_ANNUAL_DATA in the WEO source.,IMF_WEO,"All Items, Consumer price index (CPI), Period average, percent change"
CHL,Chile,1988,inflation_avg_cpi_pct,Inflación promedio anual del IPC,14.684,percent,International Monetary Fund,"World Economic Outlook, April 2026",PCPIPCH,actual,source_defined,Historical/projection classification follows LATEST_ACTUAL_ANNUAL_DATA in the WEO source.,IMF_WEO,"All Items, Consumer price index (CPI), Period average, percent change"
CHL,Chile,1989,inflation_avg_cpi_pct,Inflación promedio anual del IPC,17.028,percent,International Monetary Fund,"World Economic Outlook, April 2026",PCPIPCH,actual,source_defined,Historical/projection classification follows LATEST_ACTUAL_ANNUAL_DATA in the WEO source.,IMF_WEO,"All Items, Consumer price index (CPI), Period average, percent change"
CHL,Chile,1990,inflation_avg_cpi_pct,Inflación promedio anual del IPC,26.036,percent,International Monetary Fund,"World Economic Outlook, April 2026",PCPIPCH,actual,source_defined,Historical/projection classification follows LATEST_ACTUAL_ANNUAL_DATA in the WEO source.,IMF_WEO,"All Items, Consumer price index (CPI), Period average, percent change"
CHL,Chile,1991,inflation_avg_cpi_pct,Inflación promedio anual del IPC,21.784,percent,International Monetary Fund,"World Economic Outlook, April 2026",PCPIPCH,actual,source_defined,Historical/projection classification follows LATEST_ACTUAL_ANNUAL_DATA in the WEO source.,IMF_WEO,"All Items, Consumer price index (CPI), Period average, percent change"
CHL,Chile,1992,inflation_avg_cpi_pct,Inflación promedio anual del IPC,15.426,percent,International Monetary Fund,"World Economic Outlook, April 2026",PCPIPCH,actual,source_defined,Historical/projection classification follows LATEST_ACTUAL_ANNUAL_DATA in the WEO source.,IMF_WEO,"All Items, Consumer price index (CPI), Period average, percent change"
CHL,Chile,1993,inflation_avg_cpi_pct,Inflación promedio anual del IPC,12.728,percent,International Monetary Fund,"World Economic Outlook, April 2026",PCPIPCH,actual,source_defined,Historical/projection classification follows LATEST_ACTUAL_ANNUAL_DATA in the WEO source.,IMF_WEO,"All Items, Consumer price index (CPI), Period average, percent change"
CHL,Chile,1994,inflation_avg_cpi_pct,Inflación promedio anual del IPC,11.443,percent,International Monetary Fund,"World Economic Outlook, April 2026",PCPIPCH,actual,source_defined,Historical/projection classification follows LATEST_ACTUAL_ANNUAL_DATA in the WEO source.,IMF_WEO,"All Items, Consumer price index (CPI), Period average, percent change"
CHL,Chile,1995,inflation_avg_cpi_pct,Inflación promedio anual del IPC,8.233,percent,International Monetary Fund,"World Economic Outlook, April 2026",PCPIPCH,actual,source_defined,Historical/projection classification follows LATEST_ACTUAL_ANNUAL_DATA in the WEO source.,IMF_WEO,"All Items, Consumer price index (CPI), Period average, percent change"
CHL,Chile,1996,inflation_avg_cpi_pct,Inflación promedio anual del IPC,7.359,percent,International Monetary Fund,"World Economic Outlook, April 2026",PCPIPCH,actual,source_defined,Historical/projection classification follows LATEST_ACTUAL_ANNUAL_DATA in the WEO source.,IMF_WEO,"All Items, Consumer price index (CPI), Period average, percent change"
CHL,Chile,1997,inflation_avg_cpi_pct,Inflación promedio anual del IPC,6.134,percent,International Monetary Fund,"World Economic Outlook, April 2026",PCPIPCH,actual,source_defined,Historical/projection classification follows LATEST_ACTUAL_ANNUAL_DATA in the WEO source.,IMF_WEO,"All Items, Consumer price index (CPI), Period average, percent change"
CHL,Chile,1998,inflation_avg_cpi_pct,Inflación promedio anual del IPC,5.11,percent,International Monetary Fund,"World Economic Outlook, April 2026",PCPIPCH,actual,source_defined,Historical/projection classification follows LATEST_ACTUAL_ANNUAL_DATA in the WEO source.,IMF_WEO,"All Items, Consumer price index (CPI), Period average, percent change"
CHL,Chile,1999,inflation_avg_cpi_pct,Inflación promedio anual del IPC,3.337,percent,International Monetary Fund,"World Economic Outlook, April 2026",PCPIPCH,actual,source_defined,Historical/projection classification follows LATEST_ACTUAL_ANNUAL_DATA in the WEO source.,IMF_WEO,"All Items, Consumer price index (CPI), Period average, percent change"
CHL,Chile,2000,inflation_avg_cpi_pct,Inflación promedio anual del IPC,3.843,percent,International Monetary Fund,"World Economic Outlook, April 2026",PCPIPCH,actual,source_defined,Historical/projection classification follows LATEST_ACTUAL_ANNUAL_DATA in the WEO source.,IMF_WEO,"All Items, Consumer price index (CPI), Period average, percent change"
CHL,Chile,2001,inflation_avg_cpi_pct,Inflación promedio anual del IPC,3.569,percent,International Monetary Fund,"World Economic Outlook, April 2026",PCPIPCH,actual,source_defined,Historical/projection classification follows LATEST_ACTUAL_ANNUAL_DATA in the WEO source.,IMF_WEO,"All Items, Consumer price index (CPI), Period average, percent change"
CHL,Chile,2002,inflation_avg_cpi_pct,Inflación promedio anual del IPC,2.489,percent,International Monetary Fund,"World Economic Outlook, April 2026",PCPIPCH,actual,source_defined,Historical/projection classification follows LATEST_ACTUAL_ANNUAL_DATA in the WEO source.,IMF_WEO,"All Items, Consumer price index (CPI), Period average, percent change"
CHL,Chile,2003,inflation_avg_cpi_pct,Inflación promedio anual del IPC,2.81,percent,International Monetary Fund,"World Economic Outlook, April 2026",PCPIPCH,actual,source_defined,Historical/projection classification follows LATEST_ACTUAL_ANNUAL_DATA in the WEO source.,IMF_WEO,"All Items, Consumer price index (CPI), Period average, percent change"
CHL,Chile,2004,inflation_avg_cpi_pct,Inflación promedio anual del IPC,1.055,percent,International Monetary Fund,"World Economic Outlook, April 2026",PCPIPCH,actual,source_defined,Historical/projection classification follows LATEST_ACTUAL_ANNUAL_DATA in the WEO source.,IMF_WEO,"All Items, Consumer price index (CPI), Period average, percent change"
CHL,Chile,2005,inflation_avg_cpi_pct,Inflación promedio anual del IPC,3.052,percent,International Monetary Fund,"World Economic Outlook, April 2026",PCPIPCH,actual,source_defined,Historical/projection classification follows LATEST_ACTUAL_ANNUAL_DATA in the WEO source.,IMF_WEO,"All Items, Consumer price index (CPI), Period average, percent change"
CHL,Chile,2006,inflation_avg_cpi_pct,Inflación promedio anual del IPC,3.392,percent,International Monetary Fund,"World Economic Outlook, April 2026",PCPIPCH,actual,source_defined,Historical/projection classification follows LATEST_ACTUAL_ANNUAL_DATA in the WEO source.,IMF_WEO,"All Items, Consumer price index (CPI), Period average, percent change"
CHL,Chile,2007,inflation_avg_cpi_pct,Inflación promedio anual del IPC,4.408,percent,International Monetary Fund,"World Economic Outlook, April 2026",PCPIPCH,actual,source_defined,Historical/projection classification follows LATEST_ACTUAL_ANNUAL_DATA in the WEO source.,IMF_WEO,"All Items, Consumer price index (CPI), Period average, percent change"
CHL,Chile,2008,inflation_avg_cpi_pct,Inflación promedio anual del IPC,8.716,percent,International Monetary Fund,"World Economic Outlook, April 2026",PCPIPCH,actual,source_defined,Historical/projection classification follows LATEST_ACTUAL_ANNUAL_DATA in the WEO source.,IMF_WEO,"All Items, Consumer price index (CPI), Period average, percent change"
CHL,Chile,2009,inflation_avg_cpi_pct,Inflación promedio anual del IPC,1.484,percent,International Monetary Fund,"World Economic Outlook, April 2026",PCPIPCH,actual,source_defined,Historical/projection classification follows LATEST_ACTUAL_ANNUAL_DATA in the WEO source.,IMF_WEO,"All Items, Consumer price index (CPI), Period average, percent change"
CHL,Chile,2010,inflation_avg_cpi_pct,Inflación promedio anual del IPC,1.41,percent,International Monetary Fund,"World Economic Outlook, April 2026",PCPIPCH,actual,source_defined,Historical/projection classification follows LATEST_ACTUAL_ANNUAL_DATA in the WEO source.,IMF_WEO,"All Items, Consumer price index (CPI), Period average, percent change"
CHL,Chile,2011,inflation_avg_cpi_pct,Inflación promedio anual del IPC,3.341,percent,International Monetary Fund,"World Economic Outlook, April 2026",PCPIPCH,actual,source_defined,Historical/projection classification follows LATEST_ACTUAL_ANNUAL_DATA in the WEO source.,IMF_WEO,"All Items, Consumer price index (CPI), Period average, percent change"
CHL,Chile,2012,inflation_avg_cpi_pct,Inflación promedio anual del IPC,3.006,percent,International Monetary Fund,"World Economic Outlook, April 2026",PCPIPCH,actual,source_defined,Historical/projection classification follows LATEST_ACTUAL_ANNUAL_DATA in the WEO source.,IMF_WEO,"All Items, Consumer price index (CPI), Period average, percent change"
CHL,Chile,2013,inflation_avg_cpi_pct,Inflación promedio anual del IPC,1.794,percent,International Monetary Fund,"World Economic Outlook, April 2026",PCPIPCH,actual,source_defined,Historical/projection classification follows LATEST_ACTUAL_ANNUAL_DATA in the WEO source.,IMF_WEO,"All Items, Consumer price index (CPI), Period average, percent change"
CHL,Chile,2014,inflation_avg_cpi_pct,Inflación promedio anual del IPC,4.715,percent,International Monetary Fund,"World Economic Outlook, April 2026",PCPIPCH,actual,source_defined,Historical/projection classification follows LATEST_ACTUAL_ANNUAL_DATA in the WEO source.,IMF_WEO,"All Items, Consumer price index (CPI), Period average, percent change"
CHL,Chile,2015,inflation_avg_cpi_pct,Inflación promedio anual del IPC,4.349,percent,International Monetary Fund,"World Economic Outlook, April 2026",PCPIPCH,actual,source_defined,Historical/projection classification follows LATEST_ACTUAL_ANNUAL_DATA in the WEO source.,IMF_WEO,"All Items, Consumer price index (CPI), Period average, percent change"
CHL,Chile,2016,inflation_avg_cpi_pct,Inflación promedio anual del IPC,3.787,percent,International Monetary Fund,"World Economic Outlook, April 2026",PCPIPCH,actual,source_defined,Historical/projection classification follows LATEST_ACTUAL_ANNUAL_DATA in the WEO source.,IMF_WEO,"All Items, Consumer price index (CPI), Period average, percent change"
CHL,Chile,2017,inflation_avg_cpi_pct,Inflación promedio anual del IPC,2.182,percent,International Monetary Fund,"World Economic Outlook, April 2026",PCPIPCH,actual,source_defined,Historical/projection classification follows LATEST_ACTUAL_ANNUAL_DATA in the WEO source.,IMF_WEO,"All Items, Consumer price index (CPI), Period average, percent change"
CHL,Chile,2018,inflation_avg_cpi_pct,Inflación promedio anual del IPC,2.319,percent,International Monetary Fund,"World Economic Outlook, April 2026",PCPIPCH,actual,source_defined,Historical/projection classification follows LATEST_ACTUAL_ANNUAL_DATA in the WEO source.,IMF_WEO,"All Items, Consumer price index (CPI), Period average, percent change"
CHL,Chile,2019,inflation_avg_cpi_pct,Inflación promedio anual del IPC,2.254,percent,International Monetary Fund,"World Economic Outlook, April 2026",PCPIPCH,actual,source_defined,Historical/projection classification follows LATEST_ACTUAL_ANNUAL_DATA in the WEO source.,IMF_WEO,"All Items, Consumer price index (CPI), Period average, percent change"
CHL,Chile,2020,inflation_avg_cpi_pct,Inflación promedio anual del IPC,3.045,percent,International Monetary Fund,"World Economic Outlook, April 2026",PCPIPCH,actual,source_defined,Historical/projection classification follows LATEST_ACTUAL_ANNUAL_DATA in the WEO source.,IMF_WEO,"All Items, Consumer price index (CPI), Period average, percent change"
CHL,Chile,2021,inflation_avg_cpi_pct,Inflación promedio anual del IPC,4.525,percent,International Monetary Fund,"World Economic Outlook, April 2026",PCPIPCH,actual,source_defined,Historical/projection classification follows LATEST_ACTUAL_ANNUAL_DATA in the WEO source.,IMF_WEO,"All Items, Consumer price index (CPI), Period average, percent change"
CHL,Chile,2022,inflation_avg_cpi_pct,Inflación promedio anual del IPC,11.644,percent,International Monetary Fund,"World Economic Outlook, April 2026",PCPIPCH,actual,source_defined,Historical/projection classification follows LATEST_ACTUAL_ANNUAL_DATA in the WEO source.,IMF_WEO,"All Items, Consumer price index (CPI), Period average, percent change"
CHL,Chile,2023,inflation_avg_cpi_pct,Inflación promedio anual del IPC,7.582,percent,International Monetary Fund,"World Economic Outlook, April 2026",PCPIPCH,actual,source_defined,Historical/projection classification follows LATEST_ACTUAL_ANNUAL_DATA in the WEO source.,IMF_WEO,"All Items, Consumer price index (CPI), Period average, percent change"
CHL,Chile,2024,inflation_avg_cpi_pct,Inflación promedio anual del IPC,3.927,percent,International Monetary Fund,"World Economic Outlook, April 2026",PCPIPCH,actual,source_defined,Historical/projection classification follows LATEST_ACTUAL_ANNUAL_DATA in the WEO source.,IMF_WEO,"All Items, Consumer price index (CPI), Period average, percent change"
CHL,Chile,2025,inflation_avg_cpi_pct,Inflación promedio anual del IPC,4.212,percent,International Monetary Fund,"World Economic Outlook, April 2026",PCPIPCH,actual,source_defined,Historical/projection classification follows LATEST_ACTUAL_ANNUAL_DATA in the WEO source.,IMF_WEO,"All Items, Consumer price index (CPI), Period average, percent change"
CHL,Chile,2026,inflation_avg_cpi_pct,Inflación promedio anual del IPC,2.905,percent,International Monetary Fund,"World Economic Outlook, April 2026",PCPIPCH,projection,source_defined,Historical/projection classification follows LATEST_ACTUAL_ANNUAL_DATA in the WEO source.,IMF_WEO,"All Items, Consumer price index (CPI), Period average, percent change"
CHL,Chile,2027,inflation_avg_cpi_pct,Inflación promedio anual del IPC,3.329,percent,International Monetary Fund,"World Economic Outlook, April 2026",PCPIPCH,projection,source_defined,Historical/projection classification follows LATEST_ACTUAL_ANNUAL_DATA in the WEO source.,IMF_WEO,"All Items, Consumer price index (CPI), Period average, percent change"
CHL,Chile,2028,inflation_avg_cpi_pct,Inflación promedio anual del IPC,3.0,percent,International Monetary Fund,"World Economic Outlook, April 2026",PCPIPCH,projection,source_defined,Historical/projection classification follows LATEST_ACTUAL_ANNUAL_DATA in the WEO source.,IMF_WEO,"All Items, Consumer price index (CPI), Period average, percent change"
CHL,Chile,2029,inflation_avg_cpi_pct,Inflación promedio anual del IPC,3.0,percent,International Monetary Fund,"World Economic Outlook, April 2026",PCPIPCH,projection,source_defined,Historical/projection classification follows LATEST_ACTUAL_ANNUAL_DATA in the WEO source.,IMF_WEO,"All Items, Consumer price index (CPI), Period average, percent change"
CHL,Chile,2030,inflation_avg_cpi_pct,Inflación promedio anual del IPC,3.0,percent,International Monetary Fund,"World Economic Outlook, April 2026",PCPIPCH,projection,source_defined,Historical/projection classification follows LATEST_ACTUAL_ANNUAL_DATA in the WEO source.,IMF_WEO,"All Items, Consumer price index (CPI), Period average, percent change"
CHL,Chile,2031,inflation_avg_cpi_pct,Inflación promedio anual del IPC,3.0,percent,International Monetary Fund,"World Economic Outlook, April 2026",PCPIPCH,projection,source_defined,Historical/projection classification follows LATEST_ACTUAL_ANNUAL_DATA in the WEO source.,IMF_WEO,"All Items, Consumer price index (CPI), Period average, percent change"
CHL,Chile,2010,inflation_cpi_yoy,Inflación IPC,1.41071107954321,percent,World Bank,WDI,FP.CPI.TOTL.ZG,actual,pending,,WDI,
CHL,Chile,2011,inflation_cpi_yoy,Inflación IPC,3.34121694259302,percent,World Bank,WDI,FP.CPI.TOTL.ZG,actual,pending,,WDI,
CHL,Chile,2012,inflation_cpi_yoy,Inflación IPC,3.00744840213047,percent,World Bank,WDI,FP.CPI.TOTL.ZG,actual,pending,,WDI,
CHL,Chile,2013,inflation_cpi_yoy,Inflación IPC,1.7895555398459,percent,World Bank,WDI,FP.CPI.TOTL.ZG,actual,pending,,WDI,
CHL,Chile,2014,inflation_cpi_yoy,Inflación IPC,4.71867527854672,percent,World Bank,WDI,FP.CPI.TOTL.ZG,actual,pending,,WDI,
CHL,Chile,2015,inflation_cpi_yoy,Inflación IPC,4.34877353217044,percent,World Bank,WDI,FP.CPI.TOTL.ZG,actual,pending,,WDI,
CHL,Chile,2016,inflation_cpi_yoy,Inflación IPC,3.78619355893118,percent,World Bank,WDI,FP.CPI.TOTL.ZG,actual,pending,,WDI,
CHL,Chile,2017,inflation_cpi_yoy,Inflación IPC,2.18271846868519,percent,World Bank,WDI,FP.CPI.TOTL.ZG,actual,pending,,WDI,
CHL,Chile,2018,inflation_cpi_yoy,Inflación IPC,2.43488981353057,percent,World Bank,WDI,FP.CPI.TOTL.ZG,actual,pending,,WDI,
CHL,Chile,2019,inflation_cpi_yoy,Inflación IPC,2.55754475703327,percent,World Bank,WDI,FP.CPI.TOTL.ZG,actual,pending,,WDI,
CHL,Chile,2020,inflation_cpi_yoy,Inflación IPC,3.04549084804326,percent,World Bank,WDI,FP.CPI.TOTL.ZG,actual,pending,,WDI,
CHL,Chile,2021,inflation_cpi_yoy,Inflación IPC,4.52456838259144,percent,World Bank,WDI,FP.CPI.TOTL.ZG,actual,pending,,WDI,
CHL,Chile,2022,inflation_cpi_yoy,Inflación IPC,11.643866711056,percent,World Bank,WDI,FP.CPI.TOTL.ZG,actual,pending,,WDI,
CHL,Chile,2023,inflation_cpi_yoy,Inflación IPC,7.58168251407962,percent,World Bank,WDI,FP.CPI.TOTL.ZG,actual,pending,,WDI,
CHL,Chile,2024,inflation_cpi_yoy,Inflación IPC,4.29763891572524,percent,World Bank,WDI,FP.CPI.TOTL.ZG,actual,pending,,WDI,
CHL,Chile,2025,inflation_cpi_yoy,Inflación IPC,4.21293601694293,percent,World Bank,WDI,FP.CPI.TOTL.ZG,actual,pending,,WDI,
CHL,Chile,2010,official_exchange_rate,Tipo de cambio oficial,510.249166666667,local_currency_per_usd,World Bank,WDI,PA.NUS.FCRF,actual,pending,,WDI,
CHL,Chile,2011,official_exchange_rate,Tipo de cambio oficial,483.6675,local_currency_per_usd,World Bank,WDI,PA.NUS.FCRF,actual,pending,,WDI,
CHL,Chile,2012,official_exchange_rate,Tipo de cambio oficial,486.471303391053,local_currency_per_usd,World Bank,WDI,PA.NUS.FCRF,actual,pending,,WDI,
CHL,Chile,2013,official_exchange_rate,Tipo de cambio oficial,495.272877645503,local_currency_per_usd,World Bank,WDI,PA.NUS.FCRF,actual,pending,,WDI,
CHL,Chile,2014,official_exchange_rate,Tipo de cambio oficial,570.34821612744,local_currency_per_usd,World Bank,WDI,PA.NUS.FCRF,actual,pending,,WDI,
CHL,Chile,2015,official_exchange_rate,Tipo de cambio oficial,654.124084254196,local_currency_per_usd,World Bank,WDI,PA.NUS.FCRF,actual,pending,,WDI,
CHL,Chile,2016,official_exchange_rate,Tipo de cambio oficial,676.957736044657,local_currency_per_usd,World Bank,WDI,PA.NUS.FCRF,actual,pending,,WDI,
CHL,Chile,2017,official_exchange_rate,Tipo de cambio oficial,648.833792598261,local_currency_per_usd,World Bank,WDI,PA.NUS.FCRF,actual,pending,,WDI,
CHL,Chile,2018,official_exchange_rate,Tipo de cambio oficial,641.276813066395,local_currency_per_usd,World Bank,WDI,PA.NUS.FCRF,actual,pending,,WDI,
CHL,Chile,2019,official_exchange_rate,Tipo de cambio oficial,702.897422561529,local_currency_per_usd,World Bank,WDI,PA.NUS.FCRF,actual,pending,,WDI,
CHL,Chile,2020,official_exchange_rate,Tipo de cambio oficial,792.727206103169,local_currency_per_usd,World Bank,WDI,PA.NUS.FCRF,actual,pending,,WDI,
CHL,Chile,2021,official_exchange_rate,Tipo de cambio oficial,758.955378658977,local_currency_per_usd,World Bank,WDI,PA.NUS.FCRF,actual,pending,,WDI,
CHL,Chile,2022,official_exchange_rate,Tipo de cambio oficial,873.314189543014,local_currency_per_usd,World Bank,WDI,PA.NUS.FCRF,actual,pending,,WDI,
CHL,Chile,2023,official_exchange_rate,Tipo de cambio oficial,840.066526651499,local_currency_per_usd,World Bank,WDI,PA.NUS.FCRF,actual,pending,,WDI,
CHL,Chile,2024,official_exchange_rate,Tipo de cambio oficial,943.572167421488,local_currency_per_usd,World Bank,WDI,PA.NUS.FCRF,actual,pending,,WDI,
CHL,Chile,2025,official_exchange_rate,Tipo de cambio oficial,951.329454191033,local_currency_per_usd,World Bank,WDI,PA.NUS.FCRF,actual,pending,,WDI,
CHL,Chile,2010,real_gdp_growth_yoy,Crecimiento real del PIB,5.85165102224047,percent,World Bank,WDI,NY.GDP.MKTP.KD.ZG,actual,pending,,WDI,
CHL,Chile,2011,real_gdp_growth_yoy,Crecimiento real del PIB,6.22389678509138,percent,World Bank,WDI,NY.GDP.MKTP.KD.ZG,actual,pending,,WDI,
CHL,Chile,2012,real_gdp_growth_yoy,Crecimiento real del PIB,6.15534001855494,percent,World Bank,WDI,NY.GDP.MKTP.KD.ZG,actual,pending,,WDI,
CHL,Chile,2013,real_gdp_growth_yoy,Crecimiento real del PIB,3.30850824710085,percent,World Bank,WDI,NY.GDP.MKTP.KD.ZG,actual,pending,,WDI,
CHL,Chile,2014,real_gdp_growth_yoy,Crecimiento real del PIB,1.79264947139259,percent,World Bank,WDI,NY.GDP.MKTP.KD.ZG,actual,pending,,WDI,
CHL,Chile,2015,real_gdp_growth_yoy,Crecimiento real del PIB,2.15194249981184,percent,World Bank,WDI,NY.GDP.MKTP.KD.ZG,actual,pending,,WDI,
CHL,Chile,2016,real_gdp_growth_yoy,Crecimiento real del PIB,1.753038749071,percent,World Bank,WDI,NY.GDP.MKTP.KD.ZG,actual,pending,,WDI,
CHL,Chile,2017,real_gdp_growth_yoy,Crecimiento real del PIB,1.35769537343957,percent,World Bank,WDI,NY.GDP.MKTP.KD.ZG,actual,pending,,WDI,
CHL,Chile,2018,real_gdp_growth_yoy,Crecimiento real del PIB,3.99002947789977,percent,World Bank,WDI,NY.GDP.MKTP.KD.ZG,actual,pending,,WDI,
CHL,Chile,2019,real_gdp_growth_yoy,Crecimiento real del PIB,0.644223402631923,percent,World Bank,WDI,NY.GDP.MKTP.KD.ZG,actual,pending,,WDI,
CHL,Chile,2020,real_gdp_growth_yoy,Crecimiento real del PIB,-6.1396969411886,percent,World Bank,WDI,NY.GDP.MKTP.KD.ZG,actual,pending,,WDI,
CHL,Chile,2021,real_gdp_growth_yoy,Crecimiento real del PIB,11.3374032409913,percent,World Bank,WDI,NY.GDP.MKTP.KD.ZG,actual,pending,,WDI,
CHL,Chile,2022,real_gdp_growth_yoy,Crecimiento real del PIB,2.06391864254198,percent,World Bank,WDI,NY.GDP.MKTP.KD.ZG,actual,pending,,WDI,
CHL,Chile,2023,real_gdp_growth_yoy,Crecimiento real del PIB,0.677024831595858,percent,World Bank,WDI,NY.GDP.MKTP.KD.ZG,actual,pending,,WDI,
CHL,Chile,2024,real_gdp_growth_yoy,Crecimiento real del PIB,2.80512637106611,percent,World Bank,WDI,NY.GDP.MKTP.KD.ZG,actual,pending,,WDI,
CHL,Chile,2025,real_gdp_growth_yoy,Crecimiento real del PIB,2.45925474781374,percent,World Bank,WDI,NY.GDP.MKTP.KD.ZG,actual,pending,,WDI,
COL,Colombia,2010,central_gov_debt_gdp,Deuda del gobierno central,72.4526699261111,percent_gdp,World Bank,WDI,GC.DOD.TOTL.GD.ZS,actual,pending,,WDI,
COL,Colombia,2011,central_gov_debt_gdp,Deuda del gobierno central,62.8601328222053,percent_gdp,World Bank,WDI,GC.DOD.TOTL.GD.ZS,actual,pending,,WDI,
COL,Colombia,2012,central_gov_debt_gdp,Deuda del gobierno central,65.227695883164,percent_gdp,World Bank,WDI,GC.DOD.TOTL.GD.ZS,actual,pending,,WDI,
COL,Colombia,2013,central_gov_debt_gdp,Deuda del gobierno central,67.1029119456429,percent_gdp,World Bank,WDI,GC.DOD.TOTL.GD.ZS,actual,pending,,WDI,
COL,Colombia,2014,central_gov_debt_gdp,Deuda del gobierno central,47.9761695160459,percent_gdp,World Bank,WDI,GC.DOD.TOTL.GD.ZS,actual,pending,,WDI,
COL,Colombia,2015,central_gov_debt_gdp,Deuda del gobierno central,53.2785874737167,percent_gdp,World Bank,WDI,GC.DOD.TOTL.GD.ZS,actual,pending,,WDI,
COL,Colombia,2016,central_gov_debt_gdp,Deuda del gobierno central,66.9071609125065,percent_gdp,World Bank,WDI,GC.DOD.TOTL.GD.ZS,actual,pending,,WDI,
COL,Colombia,2017,central_gov_debt_gdp,Deuda del gobierno central,66.7272478472146,percent_gdp,World Bank,WDI,GC.DOD.TOTL.GD.ZS,actual,pending,,WDI,
COL,Colombia,2018,central_gov_debt_gdp,Deuda del gobierno central,71.6505702481056,percent_gdp,World Bank,WDI,GC.DOD.TOTL.GD.ZS,actual,pending,,WDI,
COL,Colombia,2019,central_gov_debt_gdp,Deuda del gobierno central,72.7038785770822,percent_gdp,World Bank,WDI,GC.DOD.TOTL.GD.ZS,actual,pending,,WDI,
COL,Colombia,2020,central_gov_debt_gdp,Deuda del gobierno central,91.1566069449736,percent_gdp,World Bank,WDI,GC.DOD.TOTL.GD.ZS,actual,pending,,WDI,
COL,Colombia,2021,central_gov_debt_gdp,Deuda del gobierno central,80.4259616037106,percent_gdp,World Bank,WDI,GC.DOD.TOTL.GD.ZS,actual,pending,,WDI,
COL,Colombia,2022,central_gov_debt_gdp,Deuda del gobierno central,70.2611599864283,percent_gdp,World Bank,WDI,GC.DOD.TOTL.GD.ZS,actual,pending,,WDI,
COL,Colombia,2023,central_gov_debt_gdp,Deuda del gobierno central,71.2127173058669,percent_gdp,World Bank,WDI,GC.DOD.TOTL.GD.ZS,actual,pending,,WDI,
COL,Colombia,2024,central_gov_debt_gdp,Deuda del gobierno central,71.1965371181288,percent_gdp,World Bank,WDI,GC.DOD.TOTL.GD.ZS,actual,pending,,WDI,
COL,Colombia,2025,central_gov_debt_gdp,Deuda del gobierno central,,percent_gdp,World Bank,WDI,GC.DOD.TOTL.GD.ZS,actual,pending,,WDI,
COL,Colombia,2010,current_account_gdp,Cuenta corriente,-2.99583091222973,percent_gdp,World Bank,WDI,BN.CAB.XOKA.GD.ZS,actual,pending,,WDI,
COL,Colombia,2011,current_account_gdp,Cuenta corriente,-2.90611447190462,percent_gdp,World Bank,WDI,BN.CAB.XOKA.GD.ZS,actual,pending,,WDI,
COL,Colombia,2012,current_account_gdp,Cuenta corriente,-3.14008013112593,percent_gdp,World Bank,WDI,BN.CAB.XOKA.GD.ZS,actual,pending,,WDI,
COL,Colombia,2013,current_account_gdp,Cuenta corriente,-3.23615067105022,percent_gdp,World Bank,WDI,BN.CAB.XOKA.GD.ZS,actual,pending,,WDI,
COL,Colombia,2014,current_account_gdp,Cuenta corriente,-5.19843119341791,percent_gdp,World Bank,WDI,BN.CAB.XOKA.GD.ZS,actual,pending,,WDI,
COL,Colombia,2015,current_account_gdp,Cuenta corriente,-6.3723044223088,percent_gdp,World Bank,WDI,BN.CAB.XOKA.GD.ZS,actual,pending,,WDI,
COL,Colombia,2016,current_account_gdp,Cuenta corriente,-4.4519506775159,percent_gdp,World Bank,WDI,BN.CAB.XOKA.GD.ZS,actual,pending,,WDI,
COL,Colombia,2017,current_account_gdp,Cuenta corriente,-3.18224191114871,percent_gdp,World Bank,WDI,BN.CAB.XOKA.GD.ZS,actual,pending,,WDI,
COL,Colombia,2018,current_account_gdp,Cuenta corriente,-4.20138344687969,percent_gdp,World Bank,WDI,BN.CAB.XOKA.GD.ZS,actual,pending,,WDI,
COL,Colombia,2019,current_account_gdp,Cuenta corriente,-4.5842751726606,percent_gdp,World Bank,WDI,BN.CAB.XOKA.GD.ZS,actual,pending,,WDI,
COL,Colombia,2020,current_account_gdp,Cuenta corriente,-3.42772945914236,percent_gdp,World Bank,WDI,BN.CAB.XOKA.GD.ZS,actual,pending,,WDI,
COL,Colombia,2021,current_account_gdp,Cuenta corriente,-5.6351694946032,percent_gdp,World Bank,WDI,BN.CAB.XOKA.GD.ZS,actual,pending,,WDI,
COL,Colombia,2022,current_account_gdp,Cuenta corriente,-6.04054199360168,percent_gdp,World Bank,WDI,BN.CAB.XOKA.GD.ZS,actual,pending,,WDI,
COL,Colombia,2023,current_account_gdp,Cuenta corriente,-2.26762349420469,percent_gdp,World Bank,WDI,BN.CAB.XOKA.GD.ZS,actual,pending,,WDI,
COL,Colombia,2024,current_account_gdp,Cuenta corriente,-1.66760721722233,percent_gdp,World Bank,WDI,BN.CAB.XOKA.GD.ZS,actual,pending,,WDI,
COL,Colombia,2025,current_account_gdp,Cuenta corriente,-2.37924247045499,percent_gdp,World Bank,WDI,BN.CAB.XOKA.GD.ZS,actual,pending,,WDI,
COL,Colombia,2010,fx_reserves_usd,Reservas internacionales,28076156124.4625,current_usd,World Bank,WDI,FI.RES.TOTL.CD,actual,pending,,WDI,
COL,Colombia,2011,fx_reserves_usd,Reservas internacionales,31895547050.8778,current_usd,World Bank,WDI,FI.RES.TOTL.CD,actual,pending,,WDI,
COL,Colombia,2012,fx_reserves_usd,Reservas internacionales,36997795799.9643,current_usd,World Bank,WDI,FI.RES.TOTL.CD,actual,pending,,WDI,
COL,Colombia,2013,fx_reserves_usd,Reservas internacionales,43158795571.8365,current_usd,World Bank,WDI,FI.RES.TOTL.CD,actual,pending,,WDI,
COL,Colombia,2014,fx_reserves_usd,Reservas internacionales,46809443348.4249,current_usd,World Bank,WDI,FI.RES.TOTL.CD,actual,pending,,WDI,
COL,Colombia,2015,fx_reserves_usd,Reservas internacionales,46222893468.525,current_usd,World Bank,WDI,FI.RES.TOTL.CD,actual,pending,,WDI,
COL,Colombia,2016,fx_reserves_usd,Reservas internacionales,46173772892.6654,current_usd,World Bank,WDI,FI.RES.TOTL.CD,actual,pending,,WDI,
COL,Colombia,2017,fx_reserves_usd,Reservas internacionales,47131104746.7563,current_usd,World Bank,WDI,FI.RES.TOTL.CD,actual,pending,,WDI,
COL,Colombia,2018,fx_reserves_usd,Reservas internacionales,47887623364.3511,current_usd,World Bank,WDI,FI.RES.TOTL.CD,actual,pending,,WDI,
COL,Colombia,2019,fx_reserves_usd,Reservas internacionales,52652707434.7902,current_usd,World Bank,WDI,FI.RES.TOTL.CD,actual,pending,,WDI,
COL,Colombia,2020,fx_reserves_usd,Reservas internacionales,58499477956.7248,current_usd,World Bank,WDI,FI.RES.TOTL.CD,actual,pending,,WDI,
COL,Colombia,2021,fx_reserves_usd,Reservas internacionales,58018679406.6873,current_usd,World Bank,WDI,FI.RES.TOTL.CD,actual,pending,,WDI,
COL,Colombia,2022,fx_reserves_usd,Reservas internacionales,56703971712.5605,current_usd,World Bank,WDI,FI.RES.TOTL.CD,actual,pending,,WDI,
COL,Colombia,2023,fx_reserves_usd,Reservas internacionales,59040690523.7904,current_usd,World Bank,WDI,FI.RES.TOTL.CD,actual,pending,,WDI,
COL,Colombia,2024,fx_reserves_usd,Reservas internacionales,61897968642.424,current_usd,World Bank,WDI,FI.RES.TOTL.CD,actual,pending,,WDI,
COL,Colombia,2025,fx_reserves_usd,Reservas internacionales,65806277188.961,current_usd,World Bank,WDI,FI.RES.TOTL.CD,actual,pending,,WDI,
COL,Colombia,1996,general_gov_gross_debt_gdp,Deuda bruta del gobierno general,23.286,percent_gdp,International Monetary Fund,"World Economic Outlook, April 2026",GGXWDG_NGDP,actual,source_defined,Historical/projection classification follows LATEST_ACTUAL_ANNUAL_DATA in the WEO source.,IMF_WEO,"Gross debt, General government, Percent of GDP"
COL,Colombia,1997,general_gov_gross_debt_gdp,Deuda bruta del gobierno general,25.263,percent_gdp,International Monetary Fund,"World Economic Outlook, April 2026",GGXWDG_NGDP,actual,source_defined,Historical/projection classification follows LATEST_ACTUAL_ANNUAL_DATA in the WEO source.,IMF_WEO,"Gross debt, General government, Percent of GDP"
COL,Colombia,1998,general_gov_gross_debt_gdp,Deuda bruta del gobierno general,27.453,percent_gdp,International Monetary Fund,"World Economic Outlook, April 2026",GGXWDG_NGDP,actual,source_defined,Historical/projection classification follows LATEST_ACTUAL_ANNUAL_DATA in the WEO source.,IMF_WEO,"Gross debt, General government, Percent of GDP"
COL,Colombia,1999,general_gov_gross_debt_gdp,Deuda bruta del gobierno general,33.982,percent_gdp,International Monetary Fund,"World Economic Outlook, April 2026",GGXWDG_NGDP,actual,source_defined,Historical/projection classification follows LATEST_ACTUAL_ANNUAL_DATA in the WEO source.,IMF_WEO,"Gross debt, General government, Percent of GDP"
COL,Colombia,2000,general_gov_gross_debt_gdp,Deuda bruta del gobierno general,37.988,percent_gdp,International Monetary Fund,"World Economic Outlook, April 2026",GGXWDG_NGDP,actual,source_defined,Historical/projection classification follows LATEST_ACTUAL_ANNUAL_DATA in the WEO source.,IMF_WEO,"Gross debt, General government, Percent of GDP"
COL,Colombia,2001,general_gov_gross_debt_gdp,Deuda bruta del gobierno general,41.095,percent_gdp,International Monetary Fund,"World Economic Outlook, April 2026",GGXWDG_NGDP,actual,source_defined,Historical/projection classification follows LATEST_ACTUAL_ANNUAL_DATA in the WEO source.,IMF_WEO,"Gross debt, General government, Percent of GDP"
COL,Colombia,2002,general_gov_gross_debt_gdp,Deuda bruta del gobierno general,47.545,percent_gdp,International Monetary Fund,"World Economic Outlook, April 2026",GGXWDG_NGDP,actual,source_defined,Historical/projection classification follows LATEST_ACTUAL_ANNUAL_DATA in the WEO source.,IMF_WEO,"Gross debt, General government, Percent of GDP"
COL,Colombia,2003,general_gov_gross_debt_gdp,Deuda bruta del gobierno general,45.04,percent_gdp,International Monetary Fund,"World Economic Outlook, April 2026",GGXWDG_NGDP,actual,source_defined,Historical/projection classification follows LATEST_ACTUAL_ANNUAL_DATA in the WEO source.,IMF_WEO,"Gross debt, General government, Percent of GDP"
COL,Colombia,2004,general_gov_gross_debt_gdp,Deuda bruta del gobierno general,41.482,percent_gdp,International Monetary Fund,"World Economic Outlook, April 2026",GGXWDG_NGDP,actual,source_defined,Historical/projection classification follows LATEST_ACTUAL_ANNUAL_DATA in the WEO source.,IMF_WEO,"Gross debt, General government, Percent of GDP"
COL,Colombia,2005,general_gov_gross_debt_gdp,Deuda bruta del gobierno general,38.532,percent_gdp,International Monetary Fund,"World Economic Outlook, April 2026",GGXWDG_NGDP,actual,source_defined,Historical/projection classification follows LATEST_ACTUAL_ANNUAL_DATA in the WEO source.,IMF_WEO,"Gross debt, General government, Percent of GDP"
COL,Colombia,2006,general_gov_gross_debt_gdp,Deuda bruta del gobierno general,35.969,percent_gdp,International Monetary Fund,"World Economic Outlook, April 2026",GGXWDG_NGDP,actual,source_defined,Historical/projection classification follows LATEST_ACTUAL_ANNUAL_DATA in the WEO source.,IMF_WEO,"Gross debt, General government, Percent of GDP"
COL,Colombia,2007,general_gov_gross_debt_gdp,Deuda bruta del gobierno general,32.663,percent_gdp,International Monetary Fund,"World Economic Outlook, April 2026",GGXWDG_NGDP,actual,source_defined,Historical/projection classification follows LATEST_ACTUAL_ANNUAL_DATA in the WEO source.,IMF_WEO,"Gross debt, General government, Percent of GDP"
COL,Colombia,2008,general_gov_gross_debt_gdp,Deuda bruta del gobierno general,32.382,percent_gdp,International Monetary Fund,"World Economic Outlook, April 2026",GGXWDG_NGDP,actual,source_defined,Historical/projection classification follows LATEST_ACTUAL_ANNUAL_DATA in the WEO source.,IMF_WEO,"Gross debt, General government, Percent of GDP"
COL,Colombia,2009,general_gov_gross_debt_gdp,Deuda bruta del gobierno general,35.387,percent_gdp,International Monetary Fund,"World Economic Outlook, April 2026",GGXWDG_NGDP,actual,source_defined,Historical/projection classification follows LATEST_ACTUAL_ANNUAL_DATA in the WEO source.,IMF_WEO,"Gross debt, General government, Percent of GDP"
COL,Colombia,2010,general_gov_gross_debt_gdp,Deuda bruta del gobierno general,36.497,percent_gdp,International Monetary Fund,"World Economic Outlook, April 2026",GGXWDG_NGDP,actual,source_defined,Historical/projection classification follows LATEST_ACTUAL_ANNUAL_DATA in the WEO source.,IMF_WEO,"Gross debt, General government, Percent of GDP"
COL,Colombia,2011,general_gov_gross_debt_gdp,Deuda bruta del gobierno general,35.783,percent_gdp,International Monetary Fund,"World Economic Outlook, April 2026",GGXWDG_NGDP,actual,source_defined,Historical/projection classification follows LATEST_ACTUAL_ANNUAL_DATA in the WEO source.,IMF_WEO,"Gross debt, General government, Percent of GDP"
COL,Colombia,2012,general_gov_gross_debt_gdp,Deuda bruta del gobierno general,33.967,percent_gdp,International Monetary Fund,"World Economic Outlook, April 2026",GGXWDG_NGDP,actual,source_defined,Historical/projection classification follows LATEST_ACTUAL_ANNUAL_DATA in the WEO source.,IMF_WEO,"Gross debt, General government, Percent of GDP"
COL,Colombia,2013,general_gov_gross_debt_gdp,Deuda bruta del gobierno general,37.592,percent_gdp,International Monetary Fund,"World Economic Outlook, April 2026",GGXWDG_NGDP,actual,source_defined,Historical/projection classification follows LATEST_ACTUAL_ANNUAL_DATA in the WEO source.,IMF_WEO,"Gross debt, General government, Percent of GDP"
COL,Colombia,2014,general_gov_gross_debt_gdp,Deuda bruta del gobierno general,43.319,percent_gdp,International Monetary Fund,"World Economic Outlook, April 2026",GGXWDG_NGDP,actual,source_defined,Historical/projection classification follows LATEST_ACTUAL_ANNUAL_DATA in the WEO source.,IMF_WEO,"Gross debt, General government, Percent of GDP"
COL,Colombia,2015,general_gov_gross_debt_gdp,Deuda bruta del gobierno general,50.375,percent_gdp,International Monetary Fund,"World Economic Outlook, April 2026",GGXWDG_NGDP,actual,source_defined,Historical/projection classification follows LATEST_ACTUAL_ANNUAL_DATA in the WEO source.,IMF_WEO,"Gross debt, General government, Percent of GDP"
COL,Colombia,2016,general_gov_gross_debt_gdp,Deuda bruta del gobierno general,49.904,percent_gdp,International Monetary Fund,"World Economic Outlook, April 2026",GGXWDG_NGDP,actual,source_defined,Historical/projection classification follows LATEST_ACTUAL_ANNUAL_DATA in the WEO source.,IMF_WEO,"Gross debt, General government, Percent of GDP"
COL,Colombia,2017,general_gov_gross_debt_gdp,Deuda bruta del gobierno general,49.449,percent_gdp,International Monetary Fund,"World Economic Outlook, April 2026",GGXWDG_NGDP,actual,source_defined,Historical/projection classification follows LATEST_ACTUAL_ANNUAL_DATA in the WEO source.,IMF_WEO,"Gross debt, General government, Percent of GDP"
COL,Colombia,2018,general_gov_gross_debt_gdp,Deuda bruta del gobierno general,51.761,percent_gdp,International Monetary Fund,"World Economic Outlook, April 2026",GGXWDG_NGDP,actual,source_defined,Historical/projection classification follows LATEST_ACTUAL_ANNUAL_DATA in the WEO source.,IMF_WEO,"Gross debt, General government, Percent of GDP"
COL,Colombia,2019,general_gov_gross_debt_gdp,Deuda bruta del gobierno general,50.971,percent_gdp,International Monetary Fund,"World Economic Outlook, April 2026",GGXWDG_NGDP,actual,source_defined,Historical/projection classification follows LATEST_ACTUAL_ANNUAL_DATA in the WEO source.,IMF_WEO,"Gross debt, General government, Percent of GDP"
COL,Colombia,2020,general_gov_gross_debt_gdp,Deuda bruta del gobierno general,65.274,percent_gdp,International Monetary Fund,"World Economic Outlook, April 2026",GGXWDG_NGDP,actual,source_defined,Historical/projection classification follows LATEST_ACTUAL_ANNUAL_DATA in the WEO source.,IMF_WEO,"Gross debt, General government, Percent of GDP"
COL,Colombia,2021,general_gov_gross_debt_gdp,Deuda bruta del gobierno general,64.417,percent_gdp,International Monetary Fund,"World Economic Outlook, April 2026",GGXWDG_NGDP,actual,source_defined,Historical/projection classification follows LATEST_ACTUAL_ANNUAL_DATA in the WEO source.,IMF_WEO,"Gross debt, General government, Percent of GDP"
COL,Colombia,2022,general_gov_gross_debt_gdp,Deuda bruta del gobierno general,61.3,percent_gdp,International Monetary Fund,"World Economic Outlook, April 2026",GGXWDG_NGDP,actual,source_defined,Historical/projection classification follows LATEST_ACTUAL_ANNUAL_DATA in the WEO source.,IMF_WEO,"Gross debt, General government, Percent of GDP"
COL,Colombia,2023,general_gov_gross_debt_gdp,Deuda bruta del gobierno general,55.364,percent_gdp,International Monetary Fund,"World Economic Outlook, April 2026",GGXWDG_NGDP,actual,source_defined,Historical/projection classification follows LATEST_ACTUAL_ANNUAL_DATA in the WEO source.,IMF_WEO,"Gross debt, General government, Percent of GDP"
COL,Colombia,2024,general_gov_gross_debt_gdp,Deuda bruta del gobierno general,61.008,percent_gdp,International Monetary Fund,"World Economic Outlook, April 2026",GGXWDG_NGDP,actual,source_defined,Historical/projection classification follows LATEST_ACTUAL_ANNUAL_DATA in the WEO source.,IMF_WEO,"Gross debt, General government, Percent of GDP"
COL,Colombia,2025,general_gov_gross_debt_gdp,Deuda bruta del gobierno general,59.868,percent_gdp,International Monetary Fund,"World Economic Outlook, April 2026",GGXWDG_NGDP,actual,source_defined,Historical/projection classification follows LATEST_ACTUAL_ANNUAL_DATA in the WEO source.,IMF_WEO,"Gross debt, General government, Percent of GDP"
COL,Colombia,2026,general_gov_gross_debt_gdp,Deuda bruta del gobierno general,60.877,percent_gdp,International Monetary Fund,"World Economic Outlook, April 2026",GGXWDG_NGDP,projection,source_defined,Historical/projection classification follows LATEST_ACTUAL_ANNUAL_DATA in the WEO source.,IMF_WEO,"Gross debt, General government, Percent of GDP"
COL,Colombia,2027,general_gov_gross_debt_gdp,Deuda bruta del gobierno general,61.311,percent_gdp,International Monetary Fund,"World Economic Outlook, April 2026",GGXWDG_NGDP,projection,source_defined,Historical/projection classification follows LATEST_ACTUAL_ANNUAL_DATA in the WEO source.,IMF_WEO,"Gross debt, General government, Percent of GDP"
COL,Colombia,2028,general_gov_gross_debt_gdp,Deuda bruta del gobierno general,60.961,percent_gdp,International Monetary Fund,"World Economic Outlook, April 2026",GGXWDG_NGDP,projection,source_defined,Historical/projection classification follows LATEST_ACTUAL_ANNUAL_DATA in the WEO source.,IMF_WEO,"Gross debt, General government, Percent of GDP"
COL,Colombia,2029,general_gov_gross_debt_gdp,Deuda bruta del gobierno general,60.45,percent_gdp,International Monetary Fund,"World Economic Outlook, April 2026",GGXWDG_NGDP,projection,source_defined,Historical/projection classification follows LATEST_ACTUAL_ANNUAL_DATA in the WEO source.,IMF_WEO,"Gross debt, General government, Percent of GDP"
COL,Colombia,2030,general_gov_gross_debt_gdp,Deuda bruta del gobierno general,59.815,percent_gdp,International Monetary Fund,"World Economic Outlook, April 2026",GGXWDG_NGDP,projection,source_defined,Historical/projection classification follows LATEST_ACTUAL_ANNUAL_DATA in the WEO source.,IMF_WEO,"Gross debt, General government, Percent of GDP"
COL,Colombia,2031,general_gov_gross_debt_gdp,Deuda bruta del gobierno general,59.229,percent_gdp,International Monetary Fund,"World Economic Outlook, April 2026",GGXWDG_NGDP,projection,source_defined,Historical/projection classification follows LATEST_ACTUAL_ANNUAL_DATA in the WEO source.,IMF_WEO,"Gross debt, General government, Percent of GDP"
COL,Colombia,1980,inflation_avg_cpi_pct,Inflación promedio anual del IPC,25.932,percent,International Monetary Fund,"World Economic Outlook, April 2026",PCPIPCH,actual,source_defined,Historical/projection classification follows LATEST_ACTUAL_ANNUAL_DATA in the WEO source.,IMF_WEO,"All Items, Consumer price index (CPI), Period average, percent change"
COL,Colombia,1981,inflation_avg_cpi_pct,Inflación promedio anual del IPC,27.393,percent,International Monetary Fund,"World Economic Outlook, April 2026",PCPIPCH,actual,source_defined,Historical/projection classification follows LATEST_ACTUAL_ANNUAL_DATA in the WEO source.,IMF_WEO,"All Items, Consumer price index (CPI), Period average, percent change"
COL,Colombia,1982,inflation_avg_cpi_pct,Inflación promedio anual del IPC,24.86,percent,International Monetary Fund,"World Economic Outlook, April 2026",PCPIPCH,actual,source_defined,Historical/projection classification follows LATEST_ACTUAL_ANNUAL_DATA in the WEO source.,IMF_WEO,"All Items, Consumer price index (CPI), Period average, percent change"
COL,Colombia,1983,inflation_avg_cpi_pct,Inflación promedio anual del IPC,19.526,percent,International Monetary Fund,"World Economic Outlook, April 2026",PCPIPCH,actual,source_defined,Historical/projection classification follows LATEST_ACTUAL_ANNUAL_DATA in the WEO source.,IMF_WEO,"All Items, Consumer price index (CPI), Period average, percent change"
COL,Colombia,1984,inflation_avg_cpi_pct,Inflación promedio anual del IPC,16.283,percent,International Monetary Fund,"World Economic Outlook, April 2026",PCPIPCH,actual,source_defined,Historical/projection classification follows LATEST_ACTUAL_ANNUAL_DATA in the WEO source.,IMF_WEO,"All Items, Consumer price index (CPI), Period average, percent change"
COL,Colombia,1985,inflation_avg_cpi_pct,Inflación promedio anual del IPC,23.906,percent,International Monetary Fund,"World Economic Outlook, April 2026",PCPIPCH,actual,source_defined,Historical/projection classification follows LATEST_ACTUAL_ANNUAL_DATA in the WEO source.,IMF_WEO,"All Items, Consumer price index (CPI), Period average, percent change"
COL,Colombia,1986,inflation_avg_cpi_pct,Inflación promedio anual del IPC,18.848,percent,International Monetary Fund,"World Economic Outlook, April 2026",PCPIPCH,actual,source_defined,Historical/projection classification follows LATEST_ACTUAL_ANNUAL_DATA in the WEO source.,IMF_WEO,"All Items, Consumer price index (CPI), Period average, percent change"
COL,Colombia,1987,inflation_avg_cpi_pct,Inflación promedio anual del IPC,23.334,percent,International Monetary Fund,"World Economic Outlook, April 2026",PCPIPCH,actual,source_defined,Historical/projection classification follows LATEST_ACTUAL_ANNUAL_DATA in the WEO source.,IMF_WEO,"All Items, Consumer price index (CPI), Period average, percent change"
COL,Colombia,1988,inflation_avg_cpi_pct,Inflación promedio anual del IPC,28.1,percent,International Monetary Fund,"World Economic Outlook, April 2026",PCPIPCH,actual,source_defined,Historical/projection classification follows LATEST_ACTUAL_ANNUAL_DATA in the WEO source.,IMF_WEO,"All Items, Consumer price index (CPI), Period average, percent change"
COL,Colombia,1989,inflation_avg_cpi_pct,Inflación promedio anual del IPC,25.935,percent,International Monetary Fund,"World Economic Outlook, April 2026",PCPIPCH,actual,source_defined,Historical/projection classification follows LATEST_ACTUAL_ANNUAL_DATA in the WEO source.,IMF_WEO,"All Items, Consumer price index (CPI), Period average, percent change"
COL,Colombia,1990,inflation_avg_cpi_pct,Inflación promedio anual del IPC,29.115,percent,International Monetary Fund,"World Economic Outlook, April 2026",PCPIPCH,actual,source_defined,Historical/projection classification follows LATEST_ACTUAL_ANNUAL_DATA in the WEO source.,IMF_WEO,"All Items, Consumer price index (CPI), Period average, percent change"
COL,Colombia,1991,inflation_avg_cpi_pct,Inflación promedio anual del IPC,30.318,percent,International Monetary Fund,"World Economic Outlook, April 2026",PCPIPCH,actual,source_defined,Historical/projection classification follows LATEST_ACTUAL_ANNUAL_DATA in the WEO source.,IMF_WEO,"All Items, Consumer price index (CPI), Period average, percent change"
COL,Colombia,1992,inflation_avg_cpi_pct,Inflación promedio anual del IPC,27.02,percent,International Monetary Fund,"World Economic Outlook, April 2026",PCPIPCH,actual,source_defined,Historical/projection classification follows LATEST_ACTUAL_ANNUAL_DATA in the WEO source.,IMF_WEO,"All Items, Consumer price index (CPI), Period average, percent change"
COL,Colombia,1993,inflation_avg_cpi_pct,Inflación promedio anual del IPC,22.449,percent,International Monetary Fund,"World Economic Outlook, April 2026",PCPIPCH,actual,source_defined,Historical/projection classification follows LATEST_ACTUAL_ANNUAL_DATA in the WEO source.,IMF_WEO,"All Items, Consumer price index (CPI), Period average, percent change"
COL,Colombia,1994,inflation_avg_cpi_pct,Inflación promedio anual del IPC,22.851,percent,International Monetary Fund,"World Economic Outlook, April 2026",PCPIPCH,actual,source_defined,Historical/projection classification follows LATEST_ACTUAL_ANNUAL_DATA in the WEO source.,IMF_WEO,"All Items, Consumer price index (CPI), Period average, percent change"
COL,Colombia,1995,inflation_avg_cpi_pct,Inflación promedio anual del IPC,20.884,percent,International Monetary Fund,"World Economic Outlook, April 2026",PCPIPCH,actual,source_defined,Historical/projection classification follows LATEST_ACTUAL_ANNUAL_DATA in the WEO source.,IMF_WEO,"All Items, Consumer price index (CPI), Period average, percent change"
COL,Colombia,1996,inflation_avg_cpi_pct,Inflación promedio anual del IPC,20.803,percent,International Monetary Fund,"World Economic Outlook, April 2026",PCPIPCH,actual,source_defined,Historical/projection classification follows LATEST_ACTUAL_ANNUAL_DATA in the WEO source.,IMF_WEO,"All Items, Consumer price index (CPI), Period average, percent change"
COL,Colombia,1997,inflation_avg_cpi_pct,Inflación promedio anual del IPC,18.476,percent,International Monetary Fund,"World Economic Outlook, April 2026",PCPIPCH,actual,source_defined,Historical/projection classification follows LATEST_ACTUAL_ANNUAL_DATA in the WEO source.,IMF_WEO,"All Items, Consumer price index (CPI), Period average, percent change"
COL,Colombia,1998,inflation_avg_cpi_pct,Inflación promedio anual del IPC,18.65,percent,International Monetary Fund,"World Economic Outlook, April 2026",PCPIPCH,actual,source_defined,Historical/projection classification follows LATEST_ACTUAL_ANNUAL_DATA in the WEO source.,IMF_WEO,"All Items, Consumer price index (CPI), Period average, percent change"
COL,Colombia,1999,inflation_avg_cpi_pct,Inflación promedio anual del IPC,10.876,percent,International Monetary Fund,"World Economic Outlook, April 2026",PCPIPCH,actual,source_defined,Historical/projection classification follows LATEST_ACTUAL_ANNUAL_DATA in the WEO source.,IMF_WEO,"All Items, Consumer price index (CPI), Period average, percent change"
COL,Colombia,2000,inflation_avg_cpi_pct,Inflación promedio anual del IPC,9.218,percent,International Monetary Fund,"World Economic Outlook, April 2026",PCPIPCH,actual,source_defined,Historical/projection classification follows LATEST_ACTUAL_ANNUAL_DATA in the WEO source.,IMF_WEO,"All Items, Consumer price index (CPI), Period average, percent change"
COL,Colombia,2001,inflation_avg_cpi_pct,Inflación promedio anual del IPC,7.958,percent,International Monetary Fund,"World Economic Outlook, April 2026",PCPIPCH,actual,source_defined,Historical/projection classification follows LATEST_ACTUAL_ANNUAL_DATA in the WEO source.,IMF_WEO,"All Items, Consumer price index (CPI), Period average, percent change"
COL,Colombia,2002,inflation_avg_cpi_pct,Inflación promedio anual del IPC,6.35,percent,International Monetary Fund,"World Economic Outlook, April 2026",PCPIPCH,actual,source_defined,Historical/projection classification follows LATEST_ACTUAL_ANNUAL_DATA in the WEO source.,IMF_WEO,"All Items, Consumer price index (CPI), Period average, percent change"
COL,Colombia,2003,inflation_avg_cpi_pct,Inflación promedio anual del IPC,7.12,percent,International Monetary Fund,"World Economic Outlook, April 2026",PCPIPCH,actual,source_defined,Historical/projection classification follows LATEST_ACTUAL_ANNUAL_DATA in the WEO source.,IMF_WEO,"All Items, Consumer price index (CPI), Period average, percent change"
COL,Colombia,2004,inflation_avg_cpi_pct,Inflación promedio anual del IPC,5.906,percent,International Monetary Fund,"World Economic Outlook, April 2026",PCPIPCH,actual,source_defined,Historical/projection classification follows LATEST_ACTUAL_ANNUAL_DATA in the WEO source.,IMF_WEO,"All Items, Consumer price index (CPI), Period average, percent change"
COL,Colombia,2005,inflation_avg_cpi_pct,Inflación promedio anual del IPC,5.048,percent,International Monetary Fund,"World Economic Outlook, April 2026",PCPIPCH,actual,source_defined,Historical/projection classification follows LATEST_ACTUAL_ANNUAL_DATA in the WEO source.,IMF_WEO,"All Items, Consumer price index (CPI), Period average, percent change"
COL,Colombia,2006,inflation_avg_cpi_pct,Inflación promedio anual del IPC,4.303,percent,International Monetary Fund,"World Economic Outlook, April 2026",PCPIPCH,actual,source_defined,Historical/projection classification follows LATEST_ACTUAL_ANNUAL_DATA in the WEO source.,IMF_WEO,"All Items, Consumer price index (CPI), Period average, percent change"
COL,Colombia,2007,inflation_avg_cpi_pct,Inflación promedio anual del IPC,5.543,percent,International Monetary Fund,"World Economic Outlook, April 2026",PCPIPCH,actual,source_defined,Historical/projection classification follows LATEST_ACTUAL_ANNUAL_DATA in the WEO source.,IMF_WEO,"All Items, Consumer price index (CPI), Period average, percent change"
COL,Colombia,2008,inflation_avg_cpi_pct,Inflación promedio anual del IPC,7.001,percent,International Monetary Fund,"World Economic Outlook, April 2026",PCPIPCH,actual,source_defined,Historical/projection classification follows LATEST_ACTUAL_ANNUAL_DATA in the WEO source.,IMF_WEO,"All Items, Consumer price index (CPI), Period average, percent change"
COL,Colombia,2009,inflation_avg_cpi_pct,Inflación promedio anual del IPC,4.193,percent,International Monetary Fund,"World Economic Outlook, April 2026",PCPIPCH,actual,source_defined,Historical/projection classification follows LATEST_ACTUAL_ANNUAL_DATA in the WEO source.,IMF_WEO,"All Items, Consumer price index (CPI), Period average, percent change"
COL,Colombia,2010,inflation_avg_cpi_pct,Inflación promedio anual del IPC,2.268,percent,International Monetary Fund,"World Economic Outlook, April 2026",PCPIPCH,actual,source_defined,Historical/projection classification follows LATEST_ACTUAL_ANNUAL_DATA in the WEO source.,IMF_WEO,"All Items, Consumer price index (CPI), Period average, percent change"
COL,Colombia,2011,inflation_avg_cpi_pct,Inflación promedio anual del IPC,3.415,percent,International Monetary Fund,"World Economic Outlook, April 2026",PCPIPCH,actual,source_defined,Historical/projection classification follows LATEST_ACTUAL_ANNUAL_DATA in the WEO source.,IMF_WEO,"All Items, Consumer price index (CPI), Period average, percent change"
COL,Colombia,2012,inflation_avg_cpi_pct,Inflación promedio anual del IPC,3.174,percent,International Monetary Fund,"World Economic Outlook, April 2026",PCPIPCH,actual,source_defined,Historical/projection classification follows LATEST_ACTUAL_ANNUAL_DATA in the WEO source.,IMF_WEO,"All Items, Consumer price index (CPI), Period average, percent change"
COL,Colombia,2013,inflation_avg_cpi_pct,Inflación promedio anual del IPC,2.022,percent,International Monetary Fund,"World Economic Outlook, April 2026",PCPIPCH,actual,source_defined,Historical/projection classification follows LATEST_ACTUAL_ANNUAL_DATA in the WEO source.,IMF_WEO,"All Items, Consumer price index (CPI), Period average, percent change"
COL,Colombia,2014,inflation_avg_cpi_pct,Inflación promedio anual del IPC,2.905,percent,International Monetary Fund,"World Economic Outlook, April 2026",PCPIPCH,actual,source_defined,Historical/projection classification follows LATEST_ACTUAL_ANNUAL_DATA in the WEO source.,IMF_WEO,"All Items, Consumer price index (CPI), Period average, percent change"
COL,Colombia,2015,inflation_avg_cpi_pct,Inflación promedio anual del IPC,4.991,percent,International Monetary Fund,"World Economic Outlook, April 2026",PCPIPCH,actual,source_defined,Historical/projection classification follows LATEST_ACTUAL_ANNUAL_DATA in the WEO source.,IMF_WEO,"All Items, Consumer price index (CPI), Period average, percent change"
COL,Colombia,2016,inflation_avg_cpi_pct,Inflación promedio anual del IPC,7.507,percent,International Monetary Fund,"World Economic Outlook, April 2026",PCPIPCH,actual,source_defined,Historical/projection classification follows LATEST_ACTUAL_ANNUAL_DATA in the WEO source.,IMF_WEO,"All Items, Consumer price index (CPI), Period average, percent change"
COL,Colombia,2017,inflation_avg_cpi_pct,Inflación promedio anual del IPC,4.311,percent,International Monetary Fund,"World Economic Outlook, April 2026",PCPIPCH,actual,source_defined,Historical/projection classification follows LATEST_ACTUAL_ANNUAL_DATA in the WEO source.,IMF_WEO,"All Items, Consumer price index (CPI), Period average, percent change"
COL,Colombia,2018,inflation_avg_cpi_pct,Inflación promedio anual del IPC,3.242,percent,International Monetary Fund,"World Economic Outlook, April 2026",PCPIPCH,actual,source_defined,Historical/projection classification follows LATEST_ACTUAL_ANNUAL_DATA in the WEO source.,IMF_WEO,"All Items, Consumer price index (CPI), Period average, percent change"
COL,Colombia,2019,inflation_avg_cpi_pct,Inflación promedio anual del IPC,3.523,percent,International Monetary Fund,"World Economic Outlook, April 2026",PCPIPCH,actual,source_defined,Historical/projection classification follows LATEST_ACTUAL_ANNUAL_DATA in the WEO source.,IMF_WEO,"All Items, Consumer price index (CPI), Period average, percent change"
COL,Colombia,2020,inflation_avg_cpi_pct,Inflación promedio anual del IPC,2.525,percent,International Monetary Fund,"World Economic Outlook, April 2026",PCPIPCH,actual,source_defined,Historical/projection classification follows LATEST_ACTUAL_ANNUAL_DATA in the WEO source.,IMF_WEO,"All Items, Consumer price index (CPI), Period average, percent change"
COL,Colombia,2021,inflation_avg_cpi_pct,Inflación promedio anual del IPC,3.505,percent,International Monetary Fund,"World Economic Outlook, April 2026",PCPIPCH,actual,source_defined,Historical/projection classification follows LATEST_ACTUAL_ANNUAL_DATA in the WEO source.,IMF_WEO,"All Items, Consumer price index (CPI), Period average, percent change"
COL,Colombia,2022,inflation_avg_cpi_pct,Inflación promedio anual del IPC,10.18,percent,International Monetary Fund,"World Economic Outlook, April 2026",PCPIPCH,actual,source_defined,Historical/projection classification follows LATEST_ACTUAL_ANNUAL_DATA in the WEO source.,IMF_WEO,"All Items, Consumer price index (CPI), Period average, percent change"
COL,Colombia,2023,inflation_avg_cpi_pct,Inflación promedio anual del IPC,11.73,percent,International Monetary Fund,"World Economic Outlook, April 2026",PCPIPCH,actual,source_defined,Historical/projection classification follows LATEST_ACTUAL_ANNUAL_DATA in the WEO source.,IMF_WEO,"All Items, Consumer price index (CPI), Period average, percent change"
COL,Colombia,2024,inflation_avg_cpi_pct,Inflación promedio anual del IPC,6.602,percent,International Monetary Fund,"World Economic Outlook, April 2026",PCPIPCH,actual,source_defined,Historical/projection classification follows LATEST_ACTUAL_ANNUAL_DATA in the WEO source.,IMF_WEO,"All Items, Consumer price index (CPI), Period average, percent change"
COL,Colombia,2025,inflation_avg_cpi_pct,Inflación promedio anual del IPC,5.143,percent,International Monetary Fund,"World Economic Outlook, April 2026",PCPIPCH,actual,source_defined,Historical/projection classification follows LATEST_ACTUAL_ANNUAL_DATA in the WEO source.,IMF_WEO,"All Items, Consumer price index (CPI), Period average, percent change"
COL,Colombia,2026,inflation_avg_cpi_pct,Inflación promedio anual del IPC,5.908,percent,International Monetary Fund,"World Economic Outlook, April 2026",PCPIPCH,projection,source_defined,Historical/projection classification follows LATEST_ACTUAL_ANNUAL_DATA in the WEO source.,IMF_WEO,"All Items, Consumer price index (CPI), Period average, percent change"
COL,Colombia,2027,inflation_avg_cpi_pct,Inflación promedio anual del IPC,5.198,percent,International Monetary Fund,"World Economic Outlook, April 2026",PCPIPCH,projection,source_defined,Historical/projection classification follows LATEST_ACTUAL_ANNUAL_DATA in the WEO source.,IMF_WEO,"All Items, Consumer price index (CPI), Period average, percent change"
COL,Colombia,2028,inflation_avg_cpi_pct,Inflación promedio anual del IPC,3.378,percent,International Monetary Fund,"World Economic Outlook, April 2026",PCPIPCH,projection,source_defined,Historical/projection classification follows LATEST_ACTUAL_ANNUAL_DATA in the WEO source.,IMF_WEO,"All Items, Consumer price index (CPI), Period average, percent change"
COL,Colombia,2029,inflation_avg_cpi_pct,Inflación promedio anual del IPC,3.018,percent,International Monetary Fund,"World Economic Outlook, April 2026",PCPIPCH,projection,source_defined,Historical/projection classification follows LATEST_ACTUAL_ANNUAL_DATA in the WEO source.,IMF_WEO,"All Items, Consumer price index (CPI), Period average, percent change"
COL,Colombia,2030,inflation_avg_cpi_pct,Inflación promedio anual del IPC,2.988,percent,International Monetary Fund,"World Economic Outlook, April 2026",PCPIPCH,projection,source_defined,Historical/projection classification follows LATEST_ACTUAL_ANNUAL_DATA in the WEO source.,IMF_WEO,"All Items, Consumer price index (CPI), Period average, percent change"
COL,Colombia,2031,inflation_avg_cpi_pct,Inflación promedio anual del IPC,2.988,percent,International Monetary Fund,"World Economic Outlook, April 2026",PCPIPCH,projection,source_defined,Historical/projection classification follows LATEST_ACTUAL_ANNUAL_DATA in the WEO source.,IMF_WEO,"All Items, Consumer price index (CPI), Period average, percent change"
COL,Colombia,2010,inflation_cpi_yoy,Inflación IPC,2.27200227892008,percent,World Bank,WDI,FP.CPI.TOTL.ZG,actual,pending,,WDI,
COL,Colombia,2011,inflation_cpi_yoy,Inflación IPC,3.4150334477625,percent,World Bank,WDI,FP.CPI.TOTL.ZG,actual,pending,,WDI,
COL,Colombia,2012,inflation_cpi_yoy,Inflación IPC,3.16930188840055,percent,World Bank,WDI,FP.CPI.TOTL.ZG,actual,pending,,WDI,
COL,Colombia,2013,inflation_cpi_yoy,Inflación IPC,2.01699224310383,percent,World Bank,WDI,FP.CPI.TOTL.ZG,actual,pending,,WDI,
COL,Colombia,2014,inflation_cpi_yoy,Inflación IPC,2.89883787761738,percent,World Bank,WDI,FP.CPI.TOTL.ZG,actual,pending,,WDI,
COL,Colombia,2015,inflation_cpi_yoy,Inflación IPC,4.9898311584953,percent,World Bank,WDI,FP.CPI.TOTL.ZG,actual,pending,,WDI,
COL,Colombia,2016,inflation_cpi_yoy,Inflación IPC,7.51346024627675,percent,World Bank,WDI,FP.CPI.TOTL.ZG,actual,pending,,WDI,
COL,Colombia,2017,inflation_cpi_yoy,Inflación IPC,4.31431325695011,percent,World Bank,WDI,FP.CPI.TOTL.ZG,actual,pending,,WDI,
COL,Colombia,2018,inflation_cpi_yoy,Inflación IPC,3.24056932930569,percent,World Bank,WDI,FP.CPI.TOTL.ZG,actual,pending,,WDI,
COL,Colombia,2019,inflation_cpi_yoy,Inflación IPC,3.52301932741447,percent,World Bank,WDI,FP.CPI.TOTL.ZG,actual,pending,,WDI,
COL,Colombia,2020,inflation_cpi_yoy,Inflación IPC,2.52663500084706,percent,World Bank,WDI,FP.CPI.TOTL.ZG,actual,pending,,WDI,
COL,Colombia,2021,inflation_cpi_yoy,Inflación IPC,3.49505757399448,percent,World Bank,WDI,FP.CPI.TOTL.ZG,actual,pending,,WDI,
COL,Colombia,2022,inflation_cpi_yoy,Inflación IPC,10.1772313546166,percent,World Bank,WDI,FP.CPI.TOTL.ZG,actual,pending,,WDI,
COL,Colombia,2023,inflation_cpi_yoy,Inflación IPC,11.7359044948689,percent,World Bank,WDI,FP.CPI.TOTL.ZG,actual,pending,,WDI,
COL,Colombia,2024,inflation_cpi_yoy,Inflación IPC,6.60908593728228,percent,World Bank,WDI,FP.CPI.TOTL.ZG,actual,pending,,WDI,
COL,Colombia,2025,inflation_cpi_yoy,Inflación IPC,5.14222911946201,percent,World Bank,WDI,FP.CPI.TOTL.ZG,actual,pending,,WDI,
COL,Colombia,2010,official_exchange_rate,Tipo de cambio oficial,1898.9975,local_currency_per_usd,World Bank,WDI,PA.NUS.FCRF,actual,pending,,WDI,
COL,Colombia,2011,official_exchange_rate,Tipo de cambio oficial,1848.01666666667,local_currency_per_usd,World Bank,WDI,PA.NUS.FCRF,actual,pending,,WDI,
COL,Colombia,2012,official_exchange_rate,Tipo de cambio oficial,1798.01166666667,local_currency_per_usd,World Bank,WDI,PA.NUS.FCRF,actual,pending,,WDI,
COL,Colombia,2013,official_exchange_rate,Tipo de cambio oficial,1868.895,local_currency_per_usd,World Bank,WDI,PA.NUS.FCRF,actual,pending,,WDI,
COL,Colombia,2014,official_exchange_rate,Tipo de cambio oficial,2001.105,local_currency_per_usd,World Bank,WDI,PA.NUS.FCRF,actual,pending,,WDI,
COL,Colombia,2015,official_exchange_rate,Tipo de cambio oficial,2741.78166666667,local_currency_per_usd,World Bank,WDI,PA.NUS.FCRF,actual,pending,,WDI,
COL,Colombia,2016,official_exchange_rate,Tipo de cambio oficial,3055.255,local_currency_per_usd,World Bank,WDI,PA.NUS.FCRF,actual,pending,,WDI,
COL,Colombia,2017,official_exchange_rate,Tipo de cambio oficial,2951.48691120161,local_currency_per_usd,World Bank,WDI,PA.NUS.FCRF,actual,pending,,WDI,
COL,Colombia,2018,official_exchange_rate,Tipo de cambio oficial,2955.70396997842,local_currency_per_usd,World Bank,WDI,PA.NUS.FCRF,actual,pending,,WDI,
COL,Colombia,2019,official_exchange_rate,Tipo de cambio oficial,3281.62219381788,local_currency_per_usd,World Bank,WDI,PA.NUS.FCRF,actual,pending,,WDI,
COL,Colombia,2020,official_exchange_rate,Tipo de cambio oficial,3693.27583333333,local_currency_per_usd,World Bank,WDI,PA.NUS.FCRF,actual,pending,,WDI,
COL,Colombia,2021,official_exchange_rate,Tipo de cambio oficial,3744.24416666667,local_currency_per_usd,World Bank,WDI,PA.NUS.FCRF,actual,pending,,WDI,
COL,Colombia,2022,official_exchange_rate,Tipo de cambio oficial,4256.19416666667,local_currency_per_usd,World Bank,WDI,PA.NUS.FCRF,actual,pending,,WDI,
COL,Colombia,2023,official_exchange_rate,Tipo de cambio oficial,4325.955,local_currency_per_usd,World Bank,WDI,PA.NUS.FCRF,actual,pending,,WDI,
COL,Colombia,2024,official_exchange_rate,Tipo de cambio oficial,4074.43416666667,local_currency_per_usd,World Bank,WDI,PA.NUS.FCRF,actual,pending,,WDI,
COL,Colombia,2025,official_exchange_rate,Tipo de cambio oficial,4053.13583333333,local_currency_per_usd,World Bank,WDI,PA.NUS.FCRF,actual,pending,,WDI,
COL,Colombia,2010,real_gdp_growth_yoy,Crecimiento real del PIB,4.49465897070922,percent,World Bank,WDI,NY.GDP.MKTP.KD.ZG,actual,pending,,WDI,
COL,Colombia,2011,real_gdp_growth_yoy,Crecimiento real del PIB,6.94789198173555,percent,World Bank,WDI,NY.GDP.MKTP.KD.ZG,actual,pending,,WDI,
COL,Colombia,2012,real_gdp_growth_yoy,Crecimiento real del PIB,3.91263576716115,percent,World Bank,WDI,NY.GDP.MKTP.KD.ZG,actual,pending,,WDI,
COL,Colombia,2013,real_gdp_growth_yoy,Crecimiento real del PIB,5.13399351995672,percent,World Bank,WDI,NY.GDP.MKTP.KD.ZG,actual,pending,,WDI,
COL,Colombia,2014,real_gdp_growth_yoy,Crecimiento real del PIB,4.49903000110972,percent,World Bank,WDI,NY.GDP.MKTP.KD.ZG,actual,pending,,WDI,
COL,Colombia,2015,real_gdp_growth_yoy,Crecimiento real del PIB,2.95590137527523,percent,World Bank,WDI,NY.GDP.MKTP.KD.ZG,actual,pending,,WDI,
COL,Colombia,2016,real_gdp_growth_yoy,Crecimiento real del PIB,2.08738250162794,percent,World Bank,WDI,NY.GDP.MKTP.KD.ZG,actual,pending,,WDI,
COL,Colombia,2017,real_gdp_growth_yoy,Crecimiento real del PIB,1.35936086788746,percent,World Bank,WDI,NY.GDP.MKTP.KD.ZG,actual,pending,,WDI,
COL,Colombia,2018,real_gdp_growth_yoy,Crecimiento real del PIB,2.56432428277704,percent,World Bank,WDI,NY.GDP.MKTP.KD.ZG,actual,pending,,WDI,
COL,Colombia,2019,real_gdp_growth_yoy,Crecimiento real del PIB,3.18685539245533,percent,World Bank,WDI,NY.GDP.MKTP.KD.ZG,actual,pending,,WDI,
COL,Colombia,2020,real_gdp_growth_yoy,Crecimiento real del PIB,-7.18591413760859,percent,World Bank,WDI,NY.GDP.MKTP.KD.ZG,actual,pending,,WDI,
COL,Colombia,2021,real_gdp_growth_yoy,Crecimiento real del PIB,10.8011981904878,percent,World Bank,WDI,NY.GDP.MKTP.KD.ZG,actual,pending,,WDI,
COL,Colombia,2022,real_gdp_growth_yoy,Crecimiento real del PIB,7.32827729427979,percent,World Bank,WDI,NY.GDP.MKTP.KD.ZG,actual,pending,,WDI,
COL,Colombia,2023,real_gdp_growth_yoy,Crecimiento real del PIB,0.841819555752039,percent,World Bank,WDI,NY.GDP.MKTP.KD.ZG,actual,pending,,WDI,
COL,Colombia,2024,real_gdp_growth_yoy,Crecimiento real del PIB,1.49330728771066,percent,World Bank,WDI,NY.GDP.MKTP.KD.ZG,actual,pending,,WDI,
COL,Colombia,2025,real_gdp_growth_yoy,Crecimiento real del PIB,2.64201548985928,percent,World Bank,WDI,NY.GDP.MKTP.KD.ZG,actual,pending,,WDI,
PER,Peru,2010,central_gov_debt_gdp,Deuda del gobierno central,23.6817913396941,percent_gdp,World Bank,WDI,GC.DOD.TOTL.GD.ZS,actual,pending,,WDI,
PER,Peru,2011,central_gov_debt_gdp,Deuda del gobierno central,20.7202165724133,percent_gdp,World Bank,WDI,GC.DOD.TOTL.GD.ZS,actual,pending,,WDI,
PER,Peru,2012,central_gov_debt_gdp,Deuda del gobierno central,19.2166594587652,percent_gdp,World Bank,WDI,GC.DOD.TOTL.GD.ZS,actual,pending,,WDI,
PER,Peru,2013,central_gov_debt_gdp,Deuda del gobierno central,18.3944203835345,percent_gdp,World Bank,WDI,GC.DOD.TOTL.GD.ZS,actual,pending,,WDI,
PER,Peru,2014,central_gov_debt_gdp,Deuda del gobierno central,19.56538960172,percent_gdp,World Bank,WDI,GC.DOD.TOTL.GD.ZS,actual,pending,,WDI,
PER,Peru,2015,central_gov_debt_gdp,Deuda del gobierno central,22.865554469277,percent_gdp,World Bank,WDI,GC.DOD.TOTL.GD.ZS,actual,pending,,WDI,
PER,Peru,2016,central_gov_debt_gdp,Deuda del gobierno central,23.7062564342415,percent_gdp,World Bank,WDI,GC.DOD.TOTL.GD.ZS,actual,pending,,WDI,
PER,Peru,2017,central_gov_debt_gdp,Deuda del gobierno central,24.7483395120072,percent_gdp,World Bank,WDI,GC.DOD.TOTL.GD.ZS,actual,pending,,WDI,
PER,Peru,2018,central_gov_debt_gdp,Deuda del gobierno central,25.7290009576063,percent_gdp,World Bank,WDI,GC.DOD.TOTL.GD.ZS,actual,pending,,WDI,
PER,Peru,2019,central_gov_debt_gdp,Deuda del gobierno central,26.5266050304096,percent_gdp,World Bank,WDI,GC.DOD.TOTL.GD.ZS,actual,pending,,WDI,
PER,Peru,2020,central_gov_debt_gdp,Deuda del gobierno central,34.7649150438361,percent_gdp,World Bank,WDI,GC.DOD.TOTL.GD.ZS,actual,pending,,WDI,
PER,Peru,2021,central_gov_debt_gdp,Deuda del gobierno central,35.237190374692,percent_gdp,World Bank,WDI,GC.DOD.TOTL.GD.ZS,actual,pending,,WDI,
PER,Peru,2022,central_gov_debt_gdp,Deuda del gobierno central,,percent_gdp,World Bank,WDI,GC.DOD.TOTL.GD.ZS,actual,pending,,WDI,
PER,Peru,2023,central_gov_debt_gdp,Deuda del gobierno central,,percent_gdp,World Bank,WDI,GC.DOD.TOTL.GD.ZS,actual,pending,,WDI,
PER,Peru,2024,central_gov_debt_gdp,Deuda del gobierno central,,percent_gdp,World Bank,WDI,GC.DOD.TOTL.GD.ZS,actual,pending,,WDI,
PER,Peru,2025,central_gov_debt_gdp,Deuda del gobierno central,,percent_gdp,World Bank,WDI,GC.DOD.TOTL.GD.ZS,actual,pending,,WDI,
PER,Peru,2010,current_account_gdp,Cuenta corriente,-2.41611244249563,percent_gdp,World Bank,WDI,BN.CAB.XOKA.GD.ZS,actual,pending,,WDI,
PER,Peru,2011,current_account_gdp,Cuenta corriente,-1.96422212136988,percent_gdp,World Bank,WDI,BN.CAB.XOKA.GD.ZS,actual,pending,,WDI,
PER,Peru,2012,current_account_gdp,Cuenta corriente,-2.85658799241122,percent_gdp,World Bank,WDI,BN.CAB.XOKA.GD.ZS,actual,pending,,WDI,
PER,Peru,2013,current_account_gdp,Cuenta corriente,-4.85472915477104,percent_gdp,World Bank,WDI,BN.CAB.XOKA.GD.ZS,actual,pending,,WDI,
PER,Peru,2014,current_account_gdp,Cuenta corriente,-4.40483758703291,percent_gdp,World Bank,WDI,BN.CAB.XOKA.GD.ZS,actual,pending,,WDI,
PER,Peru,2015,current_account_gdp,Cuenta corriente,-4.77973128045252,percent_gdp,World Bank,WDI,BN.CAB.XOKA.GD.ZS,actual,pending,,WDI,
PER,Peru,2016,current_account_gdp,Cuenta corriente,-2.42132634833473,percent_gdp,World Bank,WDI,BN.CAB.XOKA.GD.ZS,actual,pending,,WDI,
PER,Peru,2017,current_account_gdp,Cuenta corriente,-1.11176847186392,percent_gdp,World Bank,WDI,BN.CAB.XOKA.GD.ZS,actual,pending,,WDI,
PER,Peru,2018,current_account_gdp,Cuenta corriente,-1.28150267165616,percent_gdp,World Bank,WDI,BN.CAB.XOKA.GD.ZS,actual,pending,,WDI,
PER,Peru,2019,current_account_gdp,Cuenta corriente,-0.727870000015783,percent_gdp,World Bank,WDI,BN.CAB.XOKA.GD.ZS,actual,pending,,WDI,
PER,Peru,2020,current_account_gdp,Cuenta corriente,0.657151815147808,percent_gdp,World Bank,WDI,BN.CAB.XOKA.GD.ZS,actual,pending,,WDI,
PER,Peru,2021,current_account_gdp,Cuenta corriente,-2.29896613499338,percent_gdp,World Bank,WDI,BN.CAB.XOKA.GD.ZS,actual,pending,,WDI,
PER,Peru,2022,current_account_gdp,Cuenta corriente,-4.08676202376085,percent_gdp,World Bank,WDI,BN.CAB.XOKA.GD.ZS,actual,pending,,WDI,
PER,Peru,2023,current_account_gdp,Cuenta corriente,0.480962420777884,percent_gdp,World Bank,WDI,BN.CAB.XOKA.GD.ZS,actual,pending,,WDI,
PER,Peru,2024,current_account_gdp,Cuenta corriente,2.38859228781391,percent_gdp,World Bank,WDI,BN.CAB.XOKA.GD.ZS,actual,pending,,WDI,
PER,Peru,2025,current_account_gdp,Cuenta corriente,3.58499497152416,percent_gdp,World Bank,WDI,BN.CAB.XOKA.GD.ZS,actual,pending,,WDI,
PER,Peru,2010,fx_reserves_usd,Reservas internacionales,44214818032.5469,current_usd,World Bank,WDI,FI.RES.TOTL.CD,actual,pending,,WDI,
PER,Peru,2011,fx_reserves_usd,Reservas internacionales,48913125192.9625,current_usd,World Bank,WDI,FI.RES.TOTL.CD,actual,pending,,WDI,
PER,Peru,2012,fx_reserves_usd,Reservas internacionales,64155414233.6095,current_usd,World Bank,WDI,FI.RES.TOTL.CD,actual,pending,,WDI,
PER,Peru,2013,fx_reserves_usd,Reservas internacionales,65766057258.3036,current_usd,World Bank,WDI,FI.RES.TOTL.CD,actual,pending,,WDI,
PER,Peru,2014,fx_reserves_usd,Reservas internacionales,62529703139.4597,current_usd,World Bank,WDI,FI.RES.TOTL.CD,actual,pending,,WDI,
PER,Peru,2015,fx_reserves_usd,Reservas internacionales,61594854517.8208,current_usd,World Bank,WDI,FI.RES.TOTL.CD,actual,pending,,WDI,
PER,Peru,2016,fx_reserves_usd,Reservas internacionales,61801163825.775,current_usd,World Bank,WDI,FI.RES.TOTL.CD,actual,pending,,WDI,
PER,Peru,2017,fx_reserves_usd,Reservas internacionales,63819289822.9382,current_usd,World Bank,WDI,FI.RES.TOTL.CD,actual,pending,,WDI,
PER,Peru,2018,fx_reserves_usd,Reservas internacionales,60333192028.0169,current_usd,World Bank,WDI,FI.RES.TOTL.CD,actual,pending,,WDI,
PER,Peru,2019,fx_reserves_usd,Reservas internacionales,68440494635.2458,current_usd,World Bank,WDI,FI.RES.TOTL.CD,actual,pending,,WDI,
PER,Peru,2020,fx_reserves_usd,Reservas internacionales,74961659711.1288,current_usd,World Bank,WDI,FI.RES.TOTL.CD,actual,pending,,WDI,
PER,Peru,2021,fx_reserves_usd,Reservas internacionales,78589897922.7032,current_usd,World Bank,WDI,FI.RES.TOTL.CD,actual,pending,,WDI,
PER,Peru,2022,fx_reserves_usd,Reservas internacionales,72328123071.4846,current_usd,World Bank,WDI,FI.RES.TOTL.CD,actual,pending,,WDI,
PER,Peru,2023,fx_reserves_usd,Reservas internacionales,71394387239.6392,current_usd,World Bank,WDI,FI.RES.TOTL.CD,actual,pending,,WDI,
PER,Peru,2024,fx_reserves_usd,Reservas internacionales,79246042707.9259,current_usd,World Bank,WDI,FI.RES.TOTL.CD,actual,pending,,WDI,
PER,Peru,2025,fx_reserves_usd,Reservas internacionales,90393720332.2317,current_usd,World Bank,WDI,FI.RES.TOTL.CD,actual,pending,,WDI,
PER,Peru,2000,general_gov_gross_debt_gdp,Deuda bruta del gobierno general,44.909,percent_gdp,International Monetary Fund,"World Economic Outlook, April 2026",GGXWDG_NGDP,actual,source_defined,Historical/projection classification follows LATEST_ACTUAL_ANNUAL_DATA in the WEO source.,IMF_WEO,"Gross debt, General government, Percent of GDP"
PER,Peru,2001,general_gov_gross_debt_gdp,Deuda bruta del gobierno general,43.841,percent_gdp,International Monetary Fund,"World Economic Outlook, April 2026",GGXWDG_NGDP,actual,source_defined,Historical/projection classification follows LATEST_ACTUAL_ANNUAL_DATA in the WEO source.,IMF_WEO,"Gross debt, General government, Percent of GDP"
PER,Peru,2002,general_gov_gross_debt_gdp,Deuda bruta del gobierno general,45.463,percent_gdp,International Monetary Fund,"World Economic Outlook, April 2026",GGXWDG_NGDP,actual,source_defined,Historical/projection classification follows LATEST_ACTUAL_ANNUAL_DATA in the WEO source.,IMF_WEO,"Gross debt, General government, Percent of GDP"
PER,Peru,2003,general_gov_gross_debt_gdp,Deuda bruta del gobierno general,49.376,percent_gdp,International Monetary Fund,"World Economic Outlook, April 2026",GGXWDG_NGDP,actual,source_defined,Historical/projection classification follows LATEST_ACTUAL_ANNUAL_DATA in the WEO source.,IMF_WEO,"Gross debt, General government, Percent of GDP"
PER,Peru,2004,general_gov_gross_debt_gdp,Deuda bruta del gobierno general,46.738,percent_gdp,International Monetary Fund,"World Economic Outlook, April 2026",GGXWDG_NGDP,actual,source_defined,Historical/projection classification follows LATEST_ACTUAL_ANNUAL_DATA in the WEO source.,IMF_WEO,"Gross debt, General government, Percent of GDP"
PER,Peru,2005,general_gov_gross_debt_gdp,Deuda bruta del gobierno general,40.359,percent_gdp,International Monetary Fund,"World Economic Outlook, April 2026",GGXWDG_NGDP,actual,source_defined,Historical/projection classification follows LATEST_ACTUAL_ANNUAL_DATA in the WEO source.,IMF_WEO,"Gross debt, General government, Percent of GDP"
PER,Peru,2006,general_gov_gross_debt_gdp,Deuda bruta del gobierno general,34.94,percent_gdp,International Monetary Fund,"World Economic Outlook, April 2026",GGXWDG_NGDP,actual,source_defined,Historical/projection classification follows LATEST_ACTUAL_ANNUAL_DATA in the WEO source.,IMF_WEO,"Gross debt, General government, Percent of GDP"
PER,Peru,2007,general_gov_gross_debt_gdp,Deuda bruta del gobierno general,31.87,percent_gdp,International Monetary Fund,"World Economic Outlook, April 2026",GGXWDG_NGDP,actual,source_defined,Historical/projection classification follows LATEST_ACTUAL_ANNUAL_DATA in the WEO source.,IMF_WEO,"Gross debt, General government, Percent of GDP"
PER,Peru,2008,general_gov_gross_debt_gdp,Deuda bruta del gobierno general,28.127,percent_gdp,International Monetary Fund,"World Economic Outlook, April 2026",GGXWDG_NGDP,actual,source_defined,Historical/projection classification follows LATEST_ACTUAL_ANNUAL_DATA in the WEO source.,IMF_WEO,"Gross debt, General government, Percent of GDP"
PER,Peru,2009,general_gov_gross_debt_gdp,Deuda bruta del gobierno general,28.181,percent_gdp,International Monetary Fund,"World Economic Outlook, April 2026",GGXWDG_NGDP,actual,source_defined,Historical/projection classification follows LATEST_ACTUAL_ANNUAL_DATA in the WEO source.,IMF_WEO,"Gross debt, General government, Percent of GDP"
PER,Peru,2010,general_gov_gross_debt_gdp,Deuda bruta del gobierno general,25.107,percent_gdp,International Monetary Fund,"World Economic Outlook, April 2026",GGXWDG_NGDP,actual,source_defined,Historical/projection classification follows LATEST_ACTUAL_ANNUAL_DATA in the WEO source.,IMF_WEO,"Gross debt, General government, Percent of GDP"
PER,Peru,2011,general_gov_gross_debt_gdp,Deuda bruta del gobierno general,23.108,percent_gdp,International Monetary Fund,"World Economic Outlook, April 2026",GGXWDG_NGDP,actual,source_defined,Historical/projection classification follows LATEST_ACTUAL_ANNUAL_DATA in the WEO source.,IMF_WEO,"Gross debt, General government, Percent of GDP"
PER,Peru,2012,general_gov_gross_debt_gdp,Deuda bruta del gobierno general,20.663,percent_gdp,International Monetary Fund,"World Economic Outlook, April 2026",GGXWDG_NGDP,actual,source_defined,Historical/projection classification follows LATEST_ACTUAL_ANNUAL_DATA in the WEO source.,IMF_WEO,"Gross debt, General government, Percent of GDP"
PER,Peru,2013,general_gov_gross_debt_gdp,Deuda bruta del gobierno general,19.902,percent_gdp,International Monetary Fund,"World Economic Outlook, April 2026",GGXWDG_NGDP,actual,source_defined,Historical/projection classification follows LATEST_ACTUAL_ANNUAL_DATA in the WEO source.,IMF_WEO,"Gross debt, General government, Percent of GDP"
PER,Peru,2014,general_gov_gross_debt_gdp,Deuda bruta del gobierno general,20.46,percent_gdp,International Monetary Fund,"World Economic Outlook, April 2026",GGXWDG_NGDP,actual,source_defined,Historical/projection classification follows LATEST_ACTUAL_ANNUAL_DATA in the WEO source.,IMF_WEO,"Gross debt, General government, Percent of GDP"
PER,Peru,2015,general_gov_gross_debt_gdp,Deuda bruta del gobierno general,23.689,percent_gdp,International Monetary Fund,"World Economic Outlook, April 2026",GGXWDG_NGDP,actual,source_defined,Historical/projection classification follows LATEST_ACTUAL_ANNUAL_DATA in the WEO source.,IMF_WEO,"Gross debt, General government, Percent of GDP"
PER,Peru,2016,general_gov_gross_debt_gdp,Deuda bruta del gobierno general,23.932,percent_gdp,International Monetary Fund,"World Economic Outlook, April 2026",GGXWDG_NGDP,actual,source_defined,Historical/projection classification follows LATEST_ACTUAL_ANNUAL_DATA in the WEO source.,IMF_WEO,"Gross debt, General government, Percent of GDP"
PER,Peru,2017,general_gov_gross_debt_gdp,Deuda bruta del gobierno general,24.799,percent_gdp,International Monetary Fund,"World Economic Outlook, April 2026",GGXWDG_NGDP,actual,source_defined,Historical/projection classification follows LATEST_ACTUAL_ANNUAL_DATA in the WEO source.,IMF_WEO,"Gross debt, General government, Percent of GDP"
PER,Peru,2018,general_gov_gross_debt_gdp,Deuda bruta del gobierno general,25.689,percent_gdp,International Monetary Fund,"World Economic Outlook, April 2026",GGXWDG_NGDP,actual,source_defined,Historical/projection classification follows LATEST_ACTUAL_ANNUAL_DATA in the WEO source.,IMF_WEO,"Gross debt, General government, Percent of GDP"
PER,Peru,2019,general_gov_gross_debt_gdp,Deuda bruta del gobierno general,26.501,percent_gdp,International Monetary Fund,"World Economic Outlook, April 2026",GGXWDG_NGDP,actual,source_defined,Historical/projection classification follows LATEST_ACTUAL_ANNUAL_DATA in the WEO source.,IMF_WEO,"Gross debt, General government, Percent of GDP"
PER,Peru,2020,general_gov_gross_debt_gdp,Deuda bruta del gobierno general,34.289,percent_gdp,International Monetary Fund,"World Economic Outlook, April 2026",GGXWDG_NGDP,actual,source_defined,Historical/projection classification follows LATEST_ACTUAL_ANNUAL_DATA in the WEO source.,IMF_WEO,"Gross debt, General government, Percent of GDP"
PER,Peru,2021,general_gov_gross_debt_gdp,Deuda bruta del gobierno general,35.527,percent_gdp,International Monetary Fund,"World Economic Outlook, April 2026",GGXWDG_NGDP,actual,source_defined,Historical/projection classification follows LATEST_ACTUAL_ANNUAL_DATA in the WEO source.,IMF_WEO,"Gross debt, General government, Percent of GDP"
PER,Peru,2022,general_gov_gross_debt_gdp,Deuda bruta del gobierno general,33.458,percent_gdp,International Monetary Fund,"World Economic Outlook, April 2026",GGXWDG_NGDP,actual,source_defined,Historical/projection classification follows LATEST_ACTUAL_ANNUAL_DATA in the WEO source.,IMF_WEO,"Gross debt, General government, Percent of GDP"
PER,Peru,2023,general_gov_gross_debt_gdp,Deuda bruta del gobierno general,32.398,percent_gdp,International Monetary Fund,"World Economic Outlook, April 2026",GGXWDG_NGDP,actual,source_defined,Historical/projection classification follows LATEST_ACTUAL_ANNUAL_DATA in the WEO source.,IMF_WEO,"Gross debt, General government, Percent of GDP"
PER,Peru,2024,general_gov_gross_debt_gdp,Deuda bruta del gobierno general,32.077,percent_gdp,International Monetary Fund,"World Economic Outlook, April 2026",GGXWDG_NGDP,actual,source_defined,Historical/projection classification follows LATEST_ACTUAL_ANNUAL_DATA in the WEO source.,IMF_WEO,"Gross debt, General government, Percent of GDP"
PER,Peru,2025,general_gov_gross_debt_gdp,Deuda bruta del gobierno general,30.227,percent_gdp,International Monetary Fund,"World Economic Outlook, April 2026",GGXWDG_NGDP,actual,source_defined,Historical/projection classification follows LATEST_ACTUAL_ANNUAL_DATA in the WEO source.,IMF_WEO,"Gross debt, General government, Percent of GDP"
PER,Peru,2026,general_gov_gross_debt_gdp,Deuda bruta del gobierno general,29.982,percent_gdp,International Monetary Fund,"World Economic Outlook, April 2026",GGXWDG_NGDP,projection,source_defined,Historical/projection classification follows LATEST_ACTUAL_ANNUAL_DATA in the WEO source.,IMF_WEO,"Gross debt, General government, Percent of GDP"
PER,Peru,2027,general_gov_gross_debt_gdp,Deuda bruta del gobierno general,30.927,percent_gdp,International Monetary Fund,"World Economic Outlook, April 2026",GGXWDG_NGDP,projection,source_defined,Historical/projection classification follows LATEST_ACTUAL_ANNUAL_DATA in the WEO source.,IMF_WEO,"Gross debt, General government, Percent of GDP"
PER,Peru,2028,general_gov_gross_debt_gdp,Deuda bruta del gobierno general,31.583,percent_gdp,International Monetary Fund,"World Economic Outlook, April 2026",GGXWDG_NGDP,projection,source_defined,Historical/projection classification follows LATEST_ACTUAL_ANNUAL_DATA in the WEO source.,IMF_WEO,"Gross debt, General government, Percent of GDP"
PER,Peru,2029,general_gov_gross_debt_gdp,Deuda bruta del gobierno general,32.109,percent_gdp,International Monetary Fund,"World Economic Outlook, April 2026",GGXWDG_NGDP,projection,source_defined,Historical/projection classification follows LATEST_ACTUAL_ANNUAL_DATA in the WEO source.,IMF_WEO,"Gross debt, General government, Percent of GDP"
PER,Peru,2030,general_gov_gross_debt_gdp,Deuda bruta del gobierno general,32.061,percent_gdp,International Monetary Fund,"World Economic Outlook, April 2026",GGXWDG_NGDP,projection,source_defined,Historical/projection classification follows LATEST_ACTUAL_ANNUAL_DATA in the WEO source.,IMF_WEO,"Gross debt, General government, Percent of GDP"
PER,Peru,2031,general_gov_gross_debt_gdp,Deuda bruta del gobierno general,32.177,percent_gdp,International Monetary Fund,"World Economic Outlook, April 2026",GGXWDG_NGDP,projection,source_defined,Historical/projection classification follows LATEST_ACTUAL_ANNUAL_DATA in the WEO source.,IMF_WEO,"Gross debt, General government, Percent of GDP"
PER,Peru,1980,inflation_avg_cpi_pct,Inflación promedio anual del IPC,59.145,percent,International Monetary Fund,"World Economic Outlook, April 2026",PCPIPCH,actual,source_defined,Historical/projection classification follows LATEST_ACTUAL_ANNUAL_DATA in the WEO source.,IMF_WEO,"All Items, Consumer price index (CPI), Period average, percent change"
PER,Peru,1981,inflation_avg_cpi_pct,Inflación promedio anual del IPC,75.433,percent,International Monetary Fund,"World Economic Outlook, April 2026",PCPIPCH,actual,source_defined,Historical/projection classification follows LATEST_ACTUAL_ANNUAL_DATA in the WEO source.,IMF_WEO,"All Items, Consumer price index (CPI), Period average, percent change"
PER,Peru,1982,inflation_avg_cpi_pct,Inflación promedio anual del IPC,64.46,percent,International Monetary Fund,"World Economic Outlook, April 2026",PCPIPCH,actual,source_defined,Historical/projection classification follows LATEST_ACTUAL_ANNUAL_DATA in the WEO source.,IMF_WEO,"All Items, Consumer price index (CPI), Period average, percent change"
PER,Peru,1983,inflation_avg_cpi_pct,Inflación promedio anual del IPC,111.149,percent,International Monetary Fund,"World Economic Outlook, April 2026",PCPIPCH,actual,source_defined,Historical/projection classification follows LATEST_ACTUAL_ANNUAL_DATA in the WEO source.,IMF_WEO,"All Items, Consumer price index (CPI), Period average, percent change"
PER,Peru,1984,inflation_avg_cpi_pct,Inflación promedio anual del IPC,110.209,percent,International Monetary Fund,"World Economic Outlook, April 2026",PCPIPCH,actual,source_defined,Historical/projection classification follows LATEST_ACTUAL_ANNUAL_DATA in the WEO source.,IMF_WEO,"All Items, Consumer price index (CPI), Period average, percent change"
PER,Peru,1985,inflation_avg_cpi_pct,Inflación promedio anual del IPC,163.398,percent,International Monetary Fund,"World Economic Outlook, April 2026",PCPIPCH,actual,source_defined,Historical/projection classification follows LATEST_ACTUAL_ANNUAL_DATA in the WEO source.,IMF_WEO,"All Items, Consumer price index (CPI), Period average, percent change"
PER,Peru,1986,inflation_avg_cpi_pct,Inflación promedio anual del IPC,77.921,percent,International Monetary Fund,"World Economic Outlook, April 2026",PCPIPCH,actual,source_defined,Historical/projection classification follows LATEST_ACTUAL_ANNUAL_DATA in the WEO source.,IMF_WEO,"All Items, Consumer price index (CPI), Period average, percent change"
PER,Peru,1987,inflation_avg_cpi_pct,Inflación promedio anual del IPC,85.846,percent,International Monetary Fund,"World Economic Outlook, April 2026",PCPIPCH,actual,source_defined,Historical/projection classification follows LATEST_ACTUAL_ANNUAL_DATA in the WEO source.,IMF_WEO,"All Items, Consumer price index (CPI), Period average, percent change"
PER,Peru,1988,inflation_avg_cpi_pct,Inflación promedio anual del IPC,666.955,percent,International Monetary Fund,"World Economic Outlook, April 2026",PCPIPCH,actual,source_defined,Historical/projection classification follows LATEST_ACTUAL_ANNUAL_DATA in the WEO source.,IMF_WEO,"All Items, Consumer price index (CPI), Period average, percent change"
PER,Peru,1989,inflation_avg_cpi_pct,Inflación promedio anual del IPC,3398.272,percent,International Monetary Fund,"World Economic Outlook, April 2026",PCPIPCH,actual,source_defined,Historical/projection classification follows LATEST_ACTUAL_ANNUAL_DATA in the WEO source.,IMF_WEO,"All Items, Consumer price index (CPI), Period average, percent change"
PER,Peru,1990,inflation_avg_cpi_pct,Inflación promedio anual del IPC,7481.691,percent,International Monetary Fund,"World Economic Outlook, April 2026",PCPIPCH,actual,source_defined,Historical/projection classification follows LATEST_ACTUAL_ANNUAL_DATA in the WEO source.,IMF_WEO,"All Items, Consumer price index (CPI), Period average, percent change"
PER,Peru,1991,inflation_avg_cpi_pct,Inflación promedio anual del IPC,409.529,percent,International Monetary Fund,"World Economic Outlook, April 2026",PCPIPCH,actual,source_defined,Historical/projection classification follows LATEST_ACTUAL_ANNUAL_DATA in the WEO source.,IMF_WEO,"All Items, Consumer price index (CPI), Period average, percent change"
PER,Peru,1992,inflation_avg_cpi_pct,Inflación promedio anual del IPC,73.529,percent,International Monetary Fund,"World Economic Outlook, April 2026",PCPIPCH,actual,source_defined,Historical/projection classification follows LATEST_ACTUAL_ANNUAL_DATA in the WEO source.,IMF_WEO,"All Items, Consumer price index (CPI), Period average, percent change"
PER,Peru,1993,inflation_avg_cpi_pct,Inflación promedio anual del IPC,48.58,percent,International Monetary Fund,"World Economic Outlook, April 2026",PCPIPCH,actual,source_defined,Historical/projection classification follows LATEST_ACTUAL_ANNUAL_DATA in the WEO source.,IMF_WEO,"All Items, Consumer price index (CPI), Period average, percent change"
PER,Peru,1994,inflation_avg_cpi_pct,Inflación promedio anual del IPC,23.734,percent,International Monetary Fund,"World Economic Outlook, April 2026",PCPIPCH,actual,source_defined,Historical/projection classification follows LATEST_ACTUAL_ANNUAL_DATA in the WEO source.,IMF_WEO,"All Items, Consumer price index (CPI), Period average, percent change"
PER,Peru,1995,inflation_avg_cpi_pct,Inflación promedio anual del IPC,11.131,percent,International Monetary Fund,"World Economic Outlook, April 2026",PCPIPCH,actual,source_defined,Historical/projection classification follows LATEST_ACTUAL_ANNUAL_DATA in the WEO source.,IMF_WEO,"All Items, Consumer price index (CPI), Period average, percent change"
PER,Peru,1996,inflation_avg_cpi_pct,Inflación promedio anual del IPC,11.549,percent,International Monetary Fund,"World Economic Outlook, April 2026",PCPIPCH,actual,source_defined,Historical/projection classification follows LATEST_ACTUAL_ANNUAL_DATA in the WEO source.,IMF_WEO,"All Items, Consumer price index (CPI), Period average, percent change"
PER,Peru,1997,inflation_avg_cpi_pct,Inflación promedio anual del IPC,8.547,percent,International Monetary Fund,"World Economic Outlook, April 2026",PCPIPCH,actual,source_defined,Historical/projection classification follows LATEST_ACTUAL_ANNUAL_DATA in the WEO source.,IMF_WEO,"All Items, Consumer price index (CPI), Period average, percent change"
PER,Peru,1998,inflation_avg_cpi_pct,Inflación promedio anual del IPC,7.255,percent,International Monetary Fund,"World Economic Outlook, April 2026",PCPIPCH,actual,source_defined,Historical/projection classification follows LATEST_ACTUAL_ANNUAL_DATA in the WEO source.,IMF_WEO,"All Items, Consumer price index (CPI), Period average, percent change"
PER,Peru,1999,inflation_avg_cpi_pct,Inflación promedio anual del IPC,3.469,percent,International Monetary Fund,"World Economic Outlook, April 2026",PCPIPCH,actual,source_defined,Historical/projection classification follows LATEST_ACTUAL_ANNUAL_DATA in the WEO source.,IMF_WEO,"All Items, Consumer price index (CPI), Period average, percent change"
PER,Peru,2000,inflation_avg_cpi_pct,Inflación promedio anual del IPC,3.759,percent,International Monetary Fund,"World Economic Outlook, April 2026",PCPIPCH,actual,source_defined,Historical/projection classification follows LATEST_ACTUAL_ANNUAL_DATA in the WEO source.,IMF_WEO,"All Items, Consumer price index (CPI), Period average, percent change"
PER,Peru,2001,inflation_avg_cpi_pct,Inflación promedio anual del IPC,1.975,percent,International Monetary Fund,"World Economic Outlook, April 2026",PCPIPCH,actual,source_defined,Historical/projection classification follows LATEST_ACTUAL_ANNUAL_DATA in the WEO source.,IMF_WEO,"All Items, Consumer price index (CPI), Period average, percent change"
PER,Peru,2002,inflation_avg_cpi_pct,Inflación promedio anual del IPC,0.192,percent,International Monetary Fund,"World Economic Outlook, April 2026",PCPIPCH,actual,source_defined,Historical/projection classification follows LATEST_ACTUAL_ANNUAL_DATA in the WEO source.,IMF_WEO,"All Items, Consumer price index (CPI), Period average, percent change"
PER,Peru,2003,inflation_avg_cpi_pct,Inflación promedio anual del IPC,2.261,percent,International Monetary Fund,"World Economic Outlook, April 2026",PCPIPCH,actual,source_defined,Historical/projection classification follows LATEST_ACTUAL_ANNUAL_DATA in the WEO source.,IMF_WEO,"All Items, Consumer price index (CPI), Period average, percent change"
PER,Peru,2004,inflation_avg_cpi_pct,Inflación promedio anual del IPC,3.662,percent,International Monetary Fund,"World Economic Outlook, April 2026",PCPIPCH,actual,source_defined,Historical/projection classification follows LATEST_ACTUAL_ANNUAL_DATA in the WEO source.,IMF_WEO,"All Items, Consumer price index (CPI), Period average, percent change"
PER,Peru,2005,inflation_avg_cpi_pct,Inflación promedio anual del IPC,1.618,percent,International Monetary Fund,"World Economic Outlook, April 2026",PCPIPCH,actual,source_defined,Historical/projection classification follows LATEST_ACTUAL_ANNUAL_DATA in the WEO source.,IMF_WEO,"All Items, Consumer price index (CPI), Period average, percent change"
PER,Peru,2006,inflation_avg_cpi_pct,Inflación promedio anual del IPC,2.001,percent,International Monetary Fund,"World Economic Outlook, April 2026",PCPIPCH,actual,source_defined,Historical/projection classification follows LATEST_ACTUAL_ANNUAL_DATA in the WEO source.,IMF_WEO,"All Items, Consumer price index (CPI), Period average, percent change"
PER,Peru,2007,inflation_avg_cpi_pct,Inflación promedio anual del IPC,1.779,percent,International Monetary Fund,"World Economic Outlook, April 2026",PCPIPCH,actual,source_defined,Historical/projection classification follows LATEST_ACTUAL_ANNUAL_DATA in the WEO source.,IMF_WEO,"All Items, Consumer price index (CPI), Period average, percent change"
PER,Peru,2008,inflation_avg_cpi_pct,Inflación promedio anual del IPC,5.788,percent,International Monetary Fund,"World Economic Outlook, April 2026",PCPIPCH,actual,source_defined,Historical/projection classification follows LATEST_ACTUAL_ANNUAL_DATA in the WEO source.,IMF_WEO,"All Items, Consumer price index (CPI), Period average, percent change"
PER,Peru,2009,inflation_avg_cpi_pct,Inflación promedio anual del IPC,2.935,percent,International Monetary Fund,"World Economic Outlook, April 2026",PCPIPCH,actual,source_defined,Historical/projection classification follows LATEST_ACTUAL_ANNUAL_DATA in the WEO source.,IMF_WEO,"All Items, Consumer price index (CPI), Period average, percent change"
PER,Peru,2010,inflation_avg_cpi_pct,Inflación promedio anual del IPC,1.529,percent,International Monetary Fund,"World Economic Outlook, April 2026",PCPIPCH,actual,source_defined,Historical/projection classification follows LATEST_ACTUAL_ANNUAL_DATA in the WEO source.,IMF_WEO,"All Items, Consumer price index (CPI), Period average, percent change"
PER,Peru,2011,inflation_avg_cpi_pct,Inflación promedio anual del IPC,3.369,percent,International Monetary Fund,"World Economic Outlook, April 2026",PCPIPCH,actual,source_defined,Historical/projection classification follows LATEST_ACTUAL_ANNUAL_DATA in the WEO source.,IMF_WEO,"All Items, Consumer price index (CPI), Period average, percent change"
PER,Peru,2012,inflation_avg_cpi_pct,Inflación promedio anual del IPC,3.656,percent,International Monetary Fund,"World Economic Outlook, April 2026",PCPIPCH,actual,source_defined,Historical/projection classification follows LATEST_ACTUAL_ANNUAL_DATA in the WEO source.,IMF_WEO,"All Items, Consumer price index (CPI), Period average, percent change"
PER,Peru,2013,inflation_avg_cpi_pct,Inflación promedio anual del IPC,2.807,percent,International Monetary Fund,"World Economic Outlook, April 2026",PCPIPCH,actual,source_defined,Historical/projection classification follows LATEST_ACTUAL_ANNUAL_DATA in the WEO source.,IMF_WEO,"All Items, Consumer price index (CPI), Period average, percent change"
PER,Peru,2014,inflation_avg_cpi_pct,Inflación promedio anual del IPC,3.245,percent,International Monetary Fund,"World Economic Outlook, April 2026",PCPIPCH,actual,source_defined,Historical/projection classification follows LATEST_ACTUAL_ANNUAL_DATA in the WEO source.,IMF_WEO,"All Items, Consumer price index (CPI), Period average, percent change"
PER,Peru,2015,inflation_avg_cpi_pct,Inflación promedio anual del IPC,3.548,percent,International Monetary Fund,"World Economic Outlook, April 2026",PCPIPCH,actual,source_defined,Historical/projection classification follows LATEST_ACTUAL_ANNUAL_DATA in the WEO source.,IMF_WEO,"All Items, Consumer price index (CPI), Period average, percent change"
PER,Peru,2016,inflation_avg_cpi_pct,Inflación promedio anual del IPC,3.593,percent,International Monetary Fund,"World Economic Outlook, April 2026",PCPIPCH,actual,source_defined,Historical/projection classification follows LATEST_ACTUAL_ANNUAL_DATA in the WEO source.,IMF_WEO,"All Items, Consumer price index (CPI), Period average, percent change"
PER,Peru,2017,inflation_avg_cpi_pct,Inflación promedio anual del IPC,2.804,percent,International Monetary Fund,"World Economic Outlook, April 2026",PCPIPCH,actual,source_defined,Historical/projection classification follows LATEST_ACTUAL_ANNUAL_DATA in the WEO source.,IMF_WEO,"All Items, Consumer price index (CPI), Period average, percent change"
PER,Peru,2018,inflation_avg_cpi_pct,Inflación promedio anual del IPC,1.317,percent,International Monetary Fund,"World Economic Outlook, April 2026",PCPIPCH,actual,source_defined,Historical/projection classification follows LATEST_ACTUAL_ANNUAL_DATA in the WEO source.,IMF_WEO,"All Items, Consumer price index (CPI), Period average, percent change"
PER,Peru,2019,inflation_avg_cpi_pct,Inflación promedio anual del IPC,2.136,percent,International Monetary Fund,"World Economic Outlook, April 2026",PCPIPCH,actual,source_defined,Historical/projection classification follows LATEST_ACTUAL_ANNUAL_DATA in the WEO source.,IMF_WEO,"All Items, Consumer price index (CPI), Period average, percent change"
PER,Peru,2020,inflation_avg_cpi_pct,Inflación promedio anual del IPC,1.827,percent,International Monetary Fund,"World Economic Outlook, April 2026",PCPIPCH,actual,source_defined,Historical/projection classification follows LATEST_ACTUAL_ANNUAL_DATA in the WEO source.,IMF_WEO,"All Items, Consumer price index (CPI), Period average, percent change"
PER,Peru,2021,inflation_avg_cpi_pct,Inflación promedio anual del IPC,3.979,percent,International Monetary Fund,"World Economic Outlook, April 2026",PCPIPCH,actual,source_defined,Historical/projection classification follows LATEST_ACTUAL_ANNUAL_DATA in the WEO source.,IMF_WEO,"All Items, Consumer price index (CPI), Period average, percent change"
PER,Peru,2022,inflation_avg_cpi_pct,Inflación promedio anual del IPC,7.871,percent,International Monetary Fund,"World Economic Outlook, April 2026",PCPIPCH,actual,source_defined,Historical/projection classification follows LATEST_ACTUAL_ANNUAL_DATA in the WEO source.,IMF_WEO,"All Items, Consumer price index (CPI), Period average, percent change"
PER,Peru,2023,inflation_avg_cpi_pct,Inflación promedio anual del IPC,6.269,percent,International Monetary Fund,"World Economic Outlook, April 2026",PCPIPCH,actual,source_defined,Historical/projection classification follows LATEST_ACTUAL_ANNUAL_DATA in the WEO source.,IMF_WEO,"All Items, Consumer price index (CPI), Period average, percent change"
PER,Peru,2024,inflation_avg_cpi_pct,Inflación promedio anual del IPC,2.351,percent,International Monetary Fund,"World Economic Outlook, April 2026",PCPIPCH,actual,source_defined,Historical/projection classification follows LATEST_ACTUAL_ANNUAL_DATA in the WEO source.,IMF_WEO,"All Items, Consumer price index (CPI), Period average, percent change"
PER,Peru,2025,inflation_avg_cpi_pct,Inflación promedio anual del IPC,1.501,percent,International Monetary Fund,"World Economic Outlook, April 2026",PCPIPCH,actual,source_defined,Historical/projection classification follows LATEST_ACTUAL_ANNUAL_DATA in the WEO source.,IMF_WEO,"All Items, Consumer price index (CPI), Period average, percent change"
PER,Peru,2026,inflation_avg_cpi_pct,Inflación promedio anual del IPC,2.545,percent,International Monetary Fund,"World Economic Outlook, April 2026",PCPIPCH,projection,source_defined,Historical/projection classification follows LATEST_ACTUAL_ANNUAL_DATA in the WEO source.,IMF_WEO,"All Items, Consumer price index (CPI), Period average, percent change"
PER,Peru,2027,inflation_avg_cpi_pct,Inflación promedio anual del IPC,1.768,percent,International Monetary Fund,"World Economic Outlook, April 2026",PCPIPCH,projection,source_defined,Historical/projection classification follows LATEST_ACTUAL_ANNUAL_DATA in the WEO source.,IMF_WEO,"All Items, Consumer price index (CPI), Period average, percent change"
PER,Peru,2028,inflation_avg_cpi_pct,Inflación promedio anual del IPC,1.964,percent,International Monetary Fund,"World Economic Outlook, April 2026",PCPIPCH,projection,source_defined,Historical/projection classification follows LATEST_ACTUAL_ANNUAL_DATA in the WEO source.,IMF_WEO,"All Items, Consumer price index (CPI), Period average, percent change"
PER,Peru,2029,inflation_avg_cpi_pct,Inflación promedio anual del IPC,1.956,percent,International Monetary Fund,"World Economic Outlook, April 2026",PCPIPCH,projection,source_defined,Historical/projection classification follows LATEST_ACTUAL_ANNUAL_DATA in the WEO source.,IMF_WEO,"All Items, Consumer price index (CPI), Period average, percent change"
PER,Peru,2030,inflation_avg_cpi_pct,Inflación promedio anual del IPC,2.018,percent,International Monetary Fund,"World Economic Outlook, April 2026",PCPIPCH,projection,source_defined,Historical/projection classification follows LATEST_ACTUAL_ANNUAL_DATA in the WEO source.,IMF_WEO,"All Items, Consumer price index (CPI), Period average, percent change"
PER,Peru,2031,inflation_avg_cpi_pct,Inflación promedio anual del IPC,2.018,percent,International Monetary Fund,"World Economic Outlook, April 2026",PCPIPCH,projection,source_defined,Historical/projection classification follows LATEST_ACTUAL_ANNUAL_DATA in the WEO source.,IMF_WEO,"All Items, Consumer price index (CPI), Period average, percent change"
PER,Peru,2010,inflation_cpi_yoy,Inflación IPC,1.52832059732901,percent,World Bank,WDI,FP.CPI.TOTL.ZG,actual,pending,,WDI,
PER,Peru,2011,inflation_cpi_yoy,Inflación IPC,3.36931095333853,percent,World Bank,WDI,FP.CPI.TOTL.ZG,actual,pending,,WDI,
PER,Peru,2012,inflation_cpi_yoy,Inflación IPC,3.61121294940163,percent,World Bank,WDI,FP.CPI.TOTL.ZG,actual,pending,,WDI,
PER,Peru,2013,inflation_cpi_yoy,Inflación IPC,2.76789666082002,percent,World Bank,WDI,FP.CPI.TOTL.ZG,actual,pending,,WDI,
PER,Peru,2014,inflation_cpi_yoy,Inflación IPC,3.41194579807465,percent,World Bank,WDI,FP.CPI.TOTL.ZG,actual,pending,,WDI,
PER,Peru,2015,inflation_cpi_yoy,Inflación IPC,3.39809194746308,percent,World Bank,WDI,FP.CPI.TOTL.ZG,actual,pending,,WDI,
PER,Peru,2016,inflation_cpi_yoy,Inflación IPC,3.55717663556279,percent,World Bank,WDI,FP.CPI.TOTL.ZG,actual,pending,,WDI,
PER,Peru,2017,inflation_cpi_yoy,Inflación IPC,2.99490045809443,percent,World Bank,WDI,FP.CPI.TOTL.ZG,actual,pending,,WDI,
PER,Peru,2018,inflation_cpi_yoy,Inflación IPC,1.50915423024742,percent,World Bank,WDI,FP.CPI.TOTL.ZG,actual,pending,,WDI,
PER,Peru,2019,inflation_cpi_yoy,Inflación IPC,2.25212191358027,percent,World Bank,WDI,FP.CPI.TOTL.ZG,actual,pending,,WDI,
PER,Peru,2020,inflation_cpi_yoy,Inflación IPC,2.00241205759292,percent,World Bank,WDI,FP.CPI.TOTL.ZG,actual,pending,,WDI,
PER,Peru,2021,inflation_cpi_yoy,Inflación IPC,4.27166381536798,percent,World Bank,WDI,FP.CPI.TOTL.ZG,actual,pending,,WDI,
PER,Peru,2022,inflation_cpi_yoy,Inflación IPC,8.33370630096231,percent,World Bank,WDI,FP.CPI.TOTL.ZG,actual,pending,,WDI,
PER,Peru,2023,inflation_cpi_yoy,Inflación IPC,6.45561348369586,percent,World Bank,WDI,FP.CPI.TOTL.ZG,actual,pending,,WDI,
PER,Peru,2024,inflation_cpi_yoy,Inflación IPC,2.00770739412712,percent,World Bank,WDI,FP.CPI.TOTL.ZG,actual,pending,,WDI,
PER,Peru,2025,inflation_cpi_yoy,Inflación IPC,1.53125450314273,percent,World Bank,WDI,FP.CPI.TOTL.ZG,actual,pending,,WDI,
PER,Peru,2010,official_exchange_rate,Tipo de cambio oficial,2.825125,local_currency_per_usd,World Bank,WDI,PA.NUS.FCRF,actual,pending,,WDI,
PER,Peru,2011,official_exchange_rate,Tipo de cambio oficial,2.7541,local_currency_per_usd,World Bank,WDI,PA.NUS.FCRF,actual,pending,,WDI,
PER,Peru,2012,official_exchange_rate,Tipo de cambio oficial,2.63758641774892,local_currency_per_usd,World Bank,WDI,PA.NUS.FCRF,actual,pending,,WDI,
PER,Peru,2013,official_exchange_rate,Tipo de cambio oficial,2.70189902597403,local_currency_per_usd,World Bank,WDI,PA.NUS.FCRF,actual,pending,,WDI,
PER,Peru,2014,official_exchange_rate,Tipo de cambio oficial,2.83904413780664,local_currency_per_usd,World Bank,WDI,PA.NUS.FCRF,actual,pending,,WDI,
PER,Peru,2015,official_exchange_rate,Tipo de cambio oficial,3.18443924152237,local_currency_per_usd,World Bank,WDI,PA.NUS.FCRF,actual,pending,,WDI,
PER,Peru,2016,official_exchange_rate,Tipo de cambio oficial,3.37506158720665,local_currency_per_usd,World Bank,WDI,PA.NUS.FCRF,actual,pending,,WDI,
PER,Peru,2017,official_exchange_rate,Tipo de cambio oficial,3.2604884908321,local_currency_per_usd,World Bank,WDI,PA.NUS.FCRF,actual,pending,,WDI,
PER,Peru,2018,official_exchange_rate,Tipo de cambio oficial,3.28660269803296,local_currency_per_usd,World Bank,WDI,PA.NUS.FCRF,actual,pending,,WDI,
PER,Peru,2019,official_exchange_rate,Tipo de cambio oficial,3.3372655465368,local_currency_per_usd,World Bank,WDI,PA.NUS.FCRF,actual,pending,,WDI,
PER,Peru,2020,official_exchange_rate,Tipo de cambio oficial,3.4949411976912,local_currency_per_usd,World Bank,WDI,PA.NUS.FCRF,actual,pending,,WDI,
PER,Peru,2021,official_exchange_rate,Tipo de cambio oficial,3.88055413137587,local_currency_per_usd,World Bank,WDI,PA.NUS.FCRF,actual,pending,,WDI,
PER,Peru,2022,official_exchange_rate,Tipo de cambio oficial,3.83518137473542,local_currency_per_usd,World Bank,WDI,PA.NUS.FCRF,actual,pending,,WDI,
PER,Peru,2023,official_exchange_rate,Tipo de cambio oficial,3.74382620959376,local_currency_per_usd,World Bank,WDI,PA.NUS.FCRF,actual,pending,,WDI,
PER,Peru,2024,official_exchange_rate,Tipo de cambio oficial,3.7525,local_currency_per_usd,World Bank,WDI,PA.NUS.FCRF,actual,pending,,WDI,
PER,Peru,2025,official_exchange_rate,Tipo de cambio oficial,3.5670638032991,local_currency_per_usd,World Bank,WDI,PA.NUS.FCRF,actual,pending,,WDI,
PER,Peru,2010,real_gdp_growth_yoy,Crecimiento real del PIB,8.33245910749577,percent,World Bank,WDI,NY.GDP.MKTP.KD.ZG,actual,pending,,WDI,
PER,Peru,2011,real_gdp_growth_yoy,Crecimiento real del PIB,6.32719240161117,percent,World Bank,WDI,NY.GDP.MKTP.KD.ZG,actual,pending,,WDI,
PER,Peru,2012,real_gdp_growth_yoy,Crecimiento real del PIB,6.13972470560435,percent,World Bank,WDI,NY.GDP.MKTP.KD.ZG,actual,pending,,WDI,
PER,Peru,2013,real_gdp_growth_yoy,Crecimiento real del PIB,5.85251821084928,percent,World Bank,WDI,NY.GDP.MKTP.KD.ZG,actual,pending,,WDI,
PER,Peru,2014,real_gdp_growth_yoy,Crecimiento real del PIB,2.38215737180541,percent,World Bank,WDI,NY.GDP.MKTP.KD.ZG,actual,pending,,WDI,
PER,Peru,2015,real_gdp_growth_yoy,Crecimiento real del PIB,3.25224477218451,percent,World Bank,WDI,NY.GDP.MKTP.KD.ZG,actual,pending,,WDI,
PER,Peru,2016,real_gdp_growth_yoy,Crecimiento real del PIB,3.95331871520767,percent,World Bank,WDI,NY.GDP.MKTP.KD.ZG,actual,pending,,WDI,
PER,Peru,2017,real_gdp_growth_yoy,Crecimiento real del PIB,2.51883544233135,percent,World Bank,WDI,NY.GDP.MKTP.KD.ZG,actual,pending,,WDI,
PER,Peru,2018,real_gdp_growth_yoy,Crecimiento real del PIB,3.969351341365,percent,World Bank,WDI,NY.GDP.MKTP.KD.ZG,actual,pending,,WDI,
PER,Peru,2019,real_gdp_growth_yoy,Crecimiento real del PIB,2.24063176875049,percent,World Bank,WDI,NY.GDP.MKTP.KD.ZG,actual,pending,,WDI,
PER,Peru,2020,real_gdp_growth_yoy,Crecimiento real del PIB,-10.9333065010382,percent,World Bank,WDI,NY.GDP.MKTP.KD.ZG,actual,pending,,WDI,
PER,Peru,2021,real_gdp_growth_yoy,Crecimiento real del PIB,13.4166456126513,percent,World Bank,WDI,NY.GDP.MKTP.KD.ZG,actual,pending,,WDI,
PER,Peru,2022,real_gdp_growth_yoy,Crecimiento real del PIB,2.81819976419922,percent,World Bank,WDI,NY.GDP.MKTP.KD.ZG,actual,pending,,WDI,
PER,Peru,2023,real_gdp_growth_yoy,Crecimiento real del PIB,-0.350699814345759,percent,World Bank,WDI,NY.GDP.MKTP.KD.ZG,actual,pending,,WDI,
PER,Peru,2024,real_gdp_growth_yoy,Crecimiento real del PIB,3.5152749274832,percent,World Bank,WDI,NY.GDP.MKTP.KD.ZG,actual,pending,,WDI,
PER,Peru,2025,real_gdp_growth_yoy,Crecimiento real del PIB,3.43056395124466,percent,World Bank,WDI,NY.GDP.MKTP.KD.ZG,actual,pending,,WDI,
